,Shannon-Entropy,y
Neg_446,3.769,0
Neg_2228,3.893,0
Neg_2386,3.558,0
Neg_2835,3.455,0
Neg_2149,3.987,0
Neg_2248,4.005,0
Neg_2739,4.135,0
Neg_2580,3.365,0
Neg_2765,4.001,0
Neg_939,3.982,0
Neg_1859,3.414,0
Neg_1088,3.875,0
Neg_448,4.044,0
Neg_2831,3.937,0
Neg_358,3.771,0
Neg_2287,3.817,0
Neg_2597,3.774,0
Neg_2648,3.883,0
Neg_152,3.689,0
Neg_2086,3.611,0
Neg_966,3.513,0
Neg_2081,3.714,0
Neg_2579,3.847,0
Neg_542,3.575,0
Neg_270,3.942,0
Neg_447,3.118,0
Neg_2242,3.95,0
Neg_1615,3.74,0
Neg_103,3.547,0
Neg_1048,4.056,0
Neg_628,3.833,0
Neg_2169,3.662,0
Neg_599,3.816,0
Neg_2490,3.512,0
Neg_62,3.945,0
Neg_1129,3.869,0
Neg_190,2.931,0
Neg_1522,3.263,0
Neg_165,3.921,0
Neg_1152,3.57,0
Neg_217,3.959,0
Neg_1140,4.067,0
Neg_2378,3.914,0
Neg_1569,3.849,0
Neg_662,3.455,0
Neg_688,3.868,0
Neg_541,3.507,0
Neg_624,3.866,0
Neg_2108,3.927,0
Neg_2808,3.868,0
Neg_2794,3.729,0
Neg_2286,3.731,0
Neg_373,3.923,0
Neg_2612,3.807,0
Neg_937,4.01,0
Neg_1345,4.035,0
Neg_2671,3.984,0
Neg_2855,3.391,0
Neg_279,3.824,0
Neg_706,3.954,0
Neg_2921,3.928,0
Neg_994,3.67,0
Neg_2453,3.523,0
Neg_2074,3.852,0
Neg_1803,3.241,0
Neg_653,3.586,0
Neg_1943,3.512,0
Neg_1283,4.01,0
Neg_1383,3.489,0
Neg_325,2.729,0
Neg_2702,3.436,0
Neg_2180,3.671,0
Neg_585,3.887,0
Neg_2047,3.74,0
Neg_2392,3.499,0
Neg_919,2.855,0
Neg_2566,3.877,0
Neg_404,3.218,0
Neg_953,3.935,0
Neg_1257,4.021,0
Neg_1680,3.946,0
Neg_1098,2.661,0
Neg_1404,3.499,0
Neg_79,3.882,0
Neg_2483,3.789,0
Neg_2866,2.777,0
Neg_133,4.059,0
Neg_1514,2.104,0
Neg_1790,3.536,0
Neg_2219,3.953,0
Neg_2758,3.711,0
Neg_621,3.496,0
Neg_904,3.022,0
Neg_736,3.72,0
Neg_431,3.669,0
Neg_2469,3.865,0
Neg_2895,3.796,0
Neg_202,3.861,0
Neg_478,3.94,0
Neg_1929,4.06,0
Neg_1179,3.35,0
Neg_116,3.816,0
Neg_2854,3.816,0
Neg_2229,3.635,0
Neg_301,3.753,0
Neg_2264,3.785,0
Neg_58,3.76,0
Neg_37,2.956,0
Neg_1299,2.664,0
Neg_2238,3.928,0
Neg_1065,4.014,0
Neg_2393,4.006,0
Neg_1063,4.036,0
Neg_2681,3.548,0
Neg_1206,3.979,0
Neg_926,3.326,0
Neg_1834,2.752,0
Neg_219,3.627,0
Neg_1051,4.053,0
Neg_2732,2.705,0
Neg_22,3.584,0
Neg_2672,3.711,0
Neg_1925,3.85,0
Neg_1046,2.993,0
Neg_2602,3.482,0
Neg_2626,4.058,0
Neg_664,4.063,0
Neg_1033,3.521,0
Neg_1541,3.675,0
Neg_352,3.416,0
Neg_2763,3.479,0
Neg_2198,3.843,0
Neg_260,3.542,0
Neg_743,3.297,0
Neg_1798,3.375,0
Neg_805,3.712,0
Neg_2446,3.964,0
Neg_1456,3.537,0
Neg_853,2.985,0
Neg_1866,3.778,0
Neg_1972,3.839,0
Neg_1250,4.073,0
Neg_2893,3.586,0
Neg_415,3.885,0
Neg_2440,3.327,0
Neg_1947,3.62,0
Neg_2296,3.428,0
Neg_1491,4.177,0
Neg_1592,3.958,0
Neg_833,3.935,0
Neg_2254,2.781,0
Neg_2786,3.613,0
Neg_1307,4.052,0
Neg_1022,3.413,0
Neg_2289,3.475,0
Neg_2564,3.733,0
Neg_1131,3.73,0
Neg_2814,3.905,0
Neg_2346,3.655,0
Neg_2538,3.806,0
Neg_503,3.479,0
Neg_614,3.717,0
Neg_2227,3.615,0
Neg_1977,3.914,0
Neg_1151,3.985,0
Neg_2315,3.742,0
Neg_1180,3.756,0
Neg_308,3.705,0
Neg_1426,3.808,0
Neg_12,3.923,0
Neg_506,3.868,0
Neg_136,3.984,0
Neg_378,3.202,0
Neg_2058,3.539,0
Neg_2336,3.557,0
Neg_2220,3.83,0
Neg_262,2.066,0
Neg_1888,3.702,0
Neg_2552,3.849,0
Neg_1340,4.171,0
Neg_1753,3.543,0
Neg_941,3.886,0
Neg_689,3.444,0
Neg_403,3.834,0
Neg_2524,4.003,0
Neg_1006,3.62,0
Neg_89,3.566,0
Neg_1956,3.655,0
Neg_2723,3.732,0
Neg_34,3.913,0
Neg_757,3.811,0
Neg_1170,3.293,0
Neg_1405,3.879,0
Neg_1634,3.75,0
Neg_835,4.168,0
Neg_1809,3.252,0
Neg_296,3.966,0
Neg_1989,4.102,0
Neg_636,3.372,0
Neg_1350,3.485,0
Neg_160,2.355,0
Neg_1524,3.698,0
Neg_836,3.849,0
Neg_1885,3.438,0
Neg_1723,4.129,0
Neg_1139,3.8,0
Neg_531,3.91,0
Neg_131,4.019,0
Neg_226,4.014,0
Neg_2031,3.561,0
Neg_1050,3.905,0
Neg_2215,3.398,0
Neg_1008,3.852,0
Neg_755,3.471,0
Neg_1309,3.232,0
Neg_1348,3.741,0
Neg_2829,2.948,0
Neg_1281,3.84,0
Neg_2879,3.323,0
Neg_2182,3.885,0
Neg_513,3.781,0
Neg_2222,3.079,0
Neg_2348,3.746,0
Neg_549,3.387,0
Neg_2669,3.811,0
Neg_1248,3.864,0
Neg_19,3.981,0
Neg_1763,3.537,0
Neg_2832,3.529,0
Neg_1992,3.918,0
Neg_2675,3.904,0
Neg_203,4.166,0
Neg_2314,3.845,0
Neg_460,3.978,0
Neg_248,3.503,0
Neg_418,3.638,0
Neg_1007,3.996,0
Neg_2178,3.811,0
Neg_537,3.973,0
Neg_97,3.927,0
Neg_1719,3.865,0
Neg_1777,3.937,0
Neg_771,4.049,0
Neg_2070,3.834,0
Neg_1418,3.643,0
Neg_1167,4.101,0
Neg_2477,3.688,0
Neg_715,4.039,0
Neg_616,3.818,0
Neg_558,3.773,0
Neg_64,3.703,0
Neg_1316,3.674,0
Neg_1507,2.611,0
Neg_1101,3.912,0
Neg_1796,3.868,0
Neg_1223,3.915,0
Neg_538,3.558,0
Neg_302,3.806,0
Neg_200,3.908,0
Neg_1730,3.892,0
Neg_876,3.757,0
Neg_326,3.412,0
Neg_1436,2.317,0
Neg_727,3.743,0
Neg_1831,3.962,0
Neg_900,3.085,0
Neg_1637,3.547,0
Neg_2635,3.321,0
Neg_2454,3.85,0
Neg_1216,3.91,0
Neg_2191,4.061,0
Neg_1275,3.671,0
Neg_2151,3.994,0
Neg_1402,2.845,0
Neg_717,3.197,0
Neg_1862,3.392,0
Neg_158,3.871,0
Neg_1740,3.902,0
Neg_1424,3.465,0
Neg_943,3.649,0
Neg_1688,2.441,0
Neg_148,4.042,0
Neg_2796,3.918,0
Neg_1887,4.012,0
Neg_2811,3.729,0
Neg_859,2.231,0
Neg_2155,3.863,0
Neg_2045,3.369,0
Neg_1104,3.935,0
Neg_2638,3.828,0
Neg_962,4.093,0
Neg_2828,3.727,0
Neg_1944,3.741,0
Neg_523,3.022,0
Neg_1319,3.501,0
Neg_562,3.795,0
Neg_2456,3.54,0
Neg_1500,3.959,0
Neg_1913,3.789,0
Neg_286,3.517,0
Neg_2871,3.507,0
Neg_456,3.975,0
Neg_984,4.046,0
Neg_1837,4.006,0
Neg_2617,3.999,0
Neg_139,2.852,0
Neg_1815,4.002,0
Neg_1157,4.069,0
Neg_1317,3.832,0
Neg_2405,3.829,0
Neg_45,3.905,0
Neg_1797,3.788,0
Neg_2769,3.649,0
Neg_1390,3.928,0
Neg_1018,3.816,0
Neg_602,2.79,0
Neg_182,3.854,0
Neg_1056,3.565,0
Neg_2567,3.671,0
Neg_849,3.367,0
Neg_2338,3.355,0
Neg_422,3.864,0
Neg_1421,3.945,0
Neg_2439,3.658,0
Neg_563,3.626,0
Neg_1622,4.002,0
Neg_1578,3.761,0
Neg_1939,3.741,0
Neg_163,3.583,0
Neg_287,3.773,0
Neg_787,3.447,0
Neg_1846,3.637,0
Neg_1280,3.678,0
Neg_1918,2.896,0
Neg_999,3.546,0
Neg_314,3.833,0
Neg_2192,3.906,0
Neg_605,3.796,0
Neg_413,3.325,0
Neg_1861,3.894,0
Neg_342,3.328,0
Neg_398,4.008,0
Neg_96,3.857,0
Neg_1924,3.341,0
Neg_592,3.865,0
Neg_1985,3.853,0
Neg_1045,3.867,0
Neg_2542,3.461,0
Neg_2165,3.66,0
Neg_1526,3.397,0
Neg_2709,3.765,0
Neg_2230,3.996,0
Neg_2137,3.715,0
Neg_2068,4.032,0
Neg_2163,3.886,0
Neg_2247,4.061,0
Neg_529,3.391,0
Neg_936,4.011,0
Neg_2418,3.83,0
Neg_2487,3.963,0
Neg_703,4.03,0
Neg_1742,3.548,0
Neg_305,3.855,0
Neg_1078,4.063,0
Neg_1672,3.668,0
Neg_2568,3.673,0
Neg_1911,3.998,0
Neg_2397,3.797,0
Neg_992,3.987,0
Neg_1161,3.182,0
Neg_2581,3.991,0
Neg_701,3.957,0
Neg_464,3.626,0
Neg_1692,3.624,0
Neg_774,2.977,0
Neg_2620,3.868,0
Neg_979,3.942,0
Neg_2827,3.745,0
Neg_2729,3.857,0
Neg_2277,3.774,0
Neg_1632,3.775,0
Neg_2756,3.085,0
Neg_1898,3.555,0
Neg_1391,3.338,0
Neg_1059,3.857,0
Neg_1746,3.355,0
Neg_1847,3.675,0
Neg_1490,3.751,0
Neg_450,3.252,0
Neg_1448,2.953,0
Neg_2410,4.007,0
Neg_1301,3.615,0
Neg_696,3.292,0
Neg_2757,2.87,0
Neg_815,3.623,0
Neg_890,2.842,0
Neg_2049,4.102,0
Neg_634,3.709,0
Neg_1241,3.473,0
Neg_1265,3.222,0
Neg_1145,4.056,0
Neg_364,3.856,0
Neg_2428,4.034,0
Neg_2873,3.834,0
Neg_2762,3.959,0
Neg_1932,3.888,0
Neg_218,3.346,0
Neg_1471,4.054,0
Neg_211,3.151,0
Neg_88,3.441,0
Neg_1800,3.947,0
Neg_1995,3.511,0
Neg_2231,3.788,0
Neg_1090,3.175,0
Neg_1457,3.789,0
Neg_795,3.254,0
Neg_1614,4.115,0
Neg_732,3.236,0
Neg_2025,3.427,0
Neg_2088,3.616,0
Neg_2527,3.948,0
Neg_2021,3.955,0
Neg_2570,3.642,0
Neg_215,3.799,0
Neg_2516,4.034,0
Neg_1712,3.978,0
Neg_2010,4.057,0
Neg_1285,3.664,0
Neg_2834,3.603,0
Neg_2013,3.436,0
Neg_945,3.969,0
Neg_1787,4.053,0
Neg_935,3.768,0
Neg_2099,3.204,0
Neg_2179,2.914,0
Neg_2726,2.914,0
Neg_1484,3.651,0
Neg_2381,3.975,0
Neg_1458,3.722,0
Neg_216,4.018,0
Neg_2725,3.452,0
Neg_406,3.604,0
Neg_1363,3.767,0
Neg_1311,3.732,0
Neg_1149,3.156,0
Neg_1218,3.463,0
Neg_1597,3.762,0
Neg_2745,3.818,0
Neg_1477,3.322,0
Neg_2803,3.359,0
Neg_104,3.885,0
Neg_1900,4.013,0
Neg_2586,3.728,0
Neg_2050,3.364,0
Neg_1069,3.142,0
Neg_336,3.197,0
Neg_2260,3.968,0
Neg_1733,3.982,0
Neg_1555,3.248,0
Neg_2329,3.951,0
Neg_1878,3.404,0
Neg_1893,4.074,0
Neg_1716,3.919,0
Neg_2322,3.849,0
Neg_101,4.019,0
Neg_16,3.566,0
Neg_31,3.961,0
Neg_240,3.601,0
Neg_1117,3.162,0
Neg_2262,3.669,0
Neg_2861,3.939,0
Neg_1225,3.84,0
Neg_261,3.944,0
Neg_609,3.846,0
Neg_1352,3.75,0
Neg_733,3.082,0
Neg_2593,3.79,0
Neg_2259,3.374,0
Neg_1785,4.094,0
Neg_847,3.838,0
Neg_684,3.482,0
Neg_1411,3.607,0
Neg_680,3.107,0
Neg_502,3.67,0
Neg_1097,4.035,0
Neg_1826,3.809,0
Neg_702,3.825,0
Neg_1626,3.931,0
Neg_2358,3.929,0
Neg_1026,3.915,0
Neg_82,3.975,0
Neg_509,3.784,0
Neg_1235,3.959,0
Neg_2118,3.964,0
Neg_1303,3.958,0
Neg_72,3.885,0
Neg_1147,4.033,0
Neg_2437,3.721,0
Neg_1770,3.865,0
Neg_177,4.004,0
Neg_978,3.913,0
Neg_724,3.241,0
Neg_1766,3.945,0
Neg_868,3.115,0
Neg_1825,3.905,0
Neg_2020,3.882,0
Neg_1628,3.19,0
Neg_892,3.806,0
Neg_2692,2.845,0
Neg_512,3.102,0
Neg_2128,3.767,0
Neg_1647,3.647,0
Neg_2419,3.75,0
Neg_2659,3.492,0
Neg_1214,3.722,0
Neg_411,3.311,0
Neg_2321,3.721,0
Neg_1384,3.3,0
Neg_1489,4.112,0
Neg_2666,4.085,0
Neg_1905,4.065,0
Neg_55,4.149,0
Neg_1178,4.079,0
Neg_2369,3.633,0
Neg_1,3.995,0
Neg_1999,3.392,0
Neg_1883,3.976,0
Neg_1643,3.899,0
Neg_2885,2.792,0
Neg_1786,3.992,0
Neg_1933,3.746,0
Neg_814,3.46,0
Neg_1593,4.075,0
Neg_1298,3.898,0
Neg_285,3.901,0
Neg_2792,3.754,0
Neg_2154,4.034,0
Neg_1689,3.704,0
Neg_603,3.652,0
Neg_1021,3.654,0
Neg_1820,3.919,0
Neg_222,3.786,0
Neg_256,3.413,0
Neg_704,3.979,0
Neg_144,3.975,0
Neg_2067,3.739,0
Neg_1406,3.393,0
Neg_2616,3.889,0
Neg_648,3.681,0
Neg_2774,3.966,0
Neg_292,3.709,0
Neg_2667,4.109,0
Neg_257,3.837,0
Neg_1768,3.099,0
Neg_2249,3.873,0
Neg_779,4.093,0
Neg_2513,3.618,0
Neg_2425,4.034,0
Neg_2272,3.203,0
Neg_361,3.716,0
Neg_1745,3.266,0
Neg_2902,4.034,0
Neg_808,3.801,0
Neg_407,3.989,0
Neg_191,3.802,0
Neg_1737,3.915,0
Neg_1001,3.605,0
Neg_2120,3.967,0
Neg_960,3.949,0
Neg_1356,3.997,0
Neg_1764,3.19,0
Neg_901,3.846,0
Neg_2556,3.27,0
Neg_303,3.903,0
Neg_654,4.073,0
Neg_251,3.922,0
Neg_1958,3.856,0
Neg_2857,3.194,0
Neg_1824,3.609,0
Neg_9,3.491,0
Neg_1397,3.814,0
Neg_1841,3.704,0
Neg_1197,4.065,0
Neg_1357,3.649,0
Neg_2898,3.351,0
Neg_2132,3.046,0
Neg_647,4.063,0
Neg_2646,3.439,0
Neg_476,3.615,0
Neg_231,2.721,0
Neg_451,4.062,0
Neg_1073,3.55,0
Neg_7,3.736,0
Neg_1877,3.72,0
Neg_2912,2.752,0
Neg_1968,3.968,0
Neg_2590,3.212,0
Neg_2781,4.081,0
Neg_940,3.684,0
Neg_459,4.064,0
Neg_1657,3.639,0
Neg_2544,3.782,0
Neg_2345,3.787,0
Neg_2406,3.715,0
Neg_2060,3.957,0
Neg_2697,3.805,0
Neg_1979,3.967,0
Neg_875,3.252,0
Neg_798,3.848,0
Neg_2520,4.019,0
Neg_2252,3.853,0
Neg_1502,3.446,0
Neg_2316,3.939,0
Neg_2282,3.763,0
Neg_2664,3.781,0
Neg_1274,3.0,0
Neg_1290,3.568,0
Neg_299,3.762,0
Neg_2528,3.905,0
Neg_1387,3.369,0
Neg_13,4.014,0
Neg_586,4.007,0
Neg_1691,3.532,0
Neg_629,3.701,0
Neg_1089,3.755,0
Neg_2884,3.252,0
Neg_2610,4.072,0
Neg_470,4.098,0
Neg_1649,3.027,0
Neg_1177,3.93,0
Neg_2447,3.226,0
Neg_10,3.184,0
Neg_2623,4.176,0
Neg_265,3.047,0
Neg_273,3.669,0
Neg_2305,3.69,0
Neg_915,4.044,0
Neg_1945,3.686,0
Neg_961,3.837,0
Neg_2662,4.043,0
Neg_1146,3.852,0
Neg_1137,4.016,0
Neg_41,3.824,0
Neg_1496,3.336,0
Neg_2270,3.94,0
Neg_1721,3.277,0
Neg_2196,3.822,0
Neg_1988,3.874,0
Neg_2464,3.947,0
Neg_521,3.719,0
Neg_1062,3.954,0
Neg_899,3.274,0
Neg_374,3.8,0
Neg_2106,3.896,0
Neg_3,4.001,0
Neg_405,3.35,0
Neg_1873,3.449,0
Neg_2506,3.629,0
Neg_2777,4.178,0
Neg_762,3.195,0
Neg_401,2.664,0
Neg_1801,2.656,0
Neg_2863,3.848,0
Neg_2412,3.842,0
Neg_1094,3.945,0
Neg_1795,3.559,0
Neg_1144,1.461,0
Neg_1201,3.953,0
Neg_2435,3.507,0
Neg_252,4.104,0
Neg_2676,4.009,0
Neg_322,3.868,0
Neg_1525,3.844,0
Neg_1228,3.861,0
Neg_2042,3.891,0
Neg_2308,3.583,0
Neg_2157,4.072,0
Neg_2159,3.646,0
Neg_2734,4.041,0
Neg_1207,4.051,0
Neg_120,3.725,0
Neg_2631,3.449,0
Neg_595,3.615,0
Neg_993,3.509,0
Neg_1596,3.309,0
Neg_2868,4.092,0
Neg_579,4.136,0
Neg_1663,3.2,0
Neg_1040,4.01,0
Neg_2240,4.037,0
Neg_2349,3.257,0
Neg_2207,3.988,0
Neg_1153,3.258,0
Neg_580,3.457,0
Neg_2390,3.781,0
Neg_1683,3.559,0
Neg_2601,4.029,0
Neg_2888,3.967,0
Neg_1121,3.473,0
Neg_2688,3.758,0
Neg_1493,3.022,0
Neg_1272,3.771,0
Neg_1242,3.937,0
Neg_1292,2.914,0
Neg_2398,3.886,0
Neg_1990,3.679,0
Neg_2241,3.071,0
Neg_508,4.017,0
Neg_307,4.027,0
Neg_2448,3.733,0
Neg_600,3.91,0
Neg_601,3.621,0
Neg_1217,4.084,0
Neg_839,3.684,0
Neg_682,3.461,0
Neg_2187,3.589,0
Neg_2821,3.975,0
Neg_2789,1.627,0
Neg_169,4.188,0
Neg_320,3.966,0
Neg_2889,3.966,0
Neg_17,2.966,0
Neg_1714,3.85,0
Neg_2605,3.917,0
Neg_1527,2.585,0
Neg_83,2.753,0
Neg_2246,3.951,0
Neg_114,3.209,0
Neg_1808,3.749,0
Neg_958,2.531,0
Neg_2093,3.884,0
Neg_1561,3.757,0
Neg_1870,3.181,0
Neg_1335,2.969,0
Neg_1574,4.036,0
Neg_2188,3.641,0
Neg_608,3.368,0
Neg_1240,3.942,0
Neg_2628,3.107,0
Neg_1855,3.822,0
Neg_1793,3.776,0
Neg_2263,3.549,0
Neg_2400,4.126,0
Neg_1583,3.69,0
Neg_410,3.181,0
Neg_2849,3.534,0
Neg_1389,3.949,0
Neg_130,3.934,0
Neg_2784,4.081,0
Neg_2759,3.479,0
Neg_2148,3.625,0
Neg_2886,3.956,0
Neg_903,3.805,0
Neg_2844,3.989,0
Neg_1071,3.887,0
Neg_2491,4.046,0
Neg_2731,3.777,0
Neg_1497,3.471,0
Neg_2096,3.751,0
Neg_2234,3.328,0
Neg_263,4.019,0
Neg_2409,3.863,0
Neg_171,3.866,0
Neg_2185,3.966,0
Neg_1630,3.958,0
Neg_239,4.084,0
Neg_933,4.04,0
Neg_2276,3.847,0
Neg_2707,3.887,0
Neg_1971,3.039,0
Neg_293,3.828,0
Neg_766,3.967,0
Neg_1208,3.992,0
Neg_1076,4.087,0
Neg_2860,4.036,0
Neg_2048,2.689,0
Neg_837,3.433,0
Neg_2085,3.412,0
Neg_1812,3.396,0
Neg_659,3.924,0
Neg_2775,3.931,0
Neg_807,3.723,0
Neg_379,4.171,0
Neg_683,3.448,0
Neg_2124,3.58,0
Neg_1239,4.086,0
Neg_1478,3.783,0
Neg_711,3.499,0
Neg_1422,3.86,0
Neg_2642,3.383,0
Neg_2243,4.044,0
Neg_419,3.495,0
Neg_2335,4.096,0
Neg_708,3.671,0
Neg_2224,3.961,0
Neg_75,3.683,0
Neg_1927,3.98,0
Neg_396,3.123,0
Neg_2062,3.795,0
Neg_1758,3.726,0
Neg_1696,3.762,0
Neg_1938,3.954,0
Neg_2212,3.393,0
Neg_491,4.007,0
Neg_857,3.225,0
Neg_2686,2.987,0
Neg_2549,3.894,0
Neg_465,4.099,0
Neg_214,3.806,0
Neg_1450,2.899,0
Neg_2311,3.607,0
Neg_566,3.813,0
Neg_1468,3.222,0
Neg_324,4.006,0
Neg_1106,4.14,0
Neg_1455,3.345,0
Neg_1775,4.033,0
Neg_2533,3.688,0
Neg_84,4.033,0
Neg_2087,3.678,0
Neg_454,3.886,0
Neg_1320,3.684,0
Neg_534,3.059,0
Neg_2600,3.718,0
Neg_2303,3.894,0
Neg_1332,2.9,0
Neg_1096,3.923,0
Neg_278,3.342,0
Neg_2916,3.142,0
Neg_365,3.689,0
Neg_929,3.177,0
Neg_955,3.904,0
Neg_1510,3.801,0
Neg_974,3.752,0
Neg_2768,3.517,0
Neg_1142,3.248,0
Neg_1174,3.913,0
Neg_848,3.47,0
Neg_991,3.819,0
Neg_565,3.36,0
Neg_1973,3.855,0
Neg_1172,3.922,0
Neg_2450,3.277,0
Neg_2795,3.832,0
Neg_33,3.956,0
Neg_2216,3.022,0
Neg_2359,3.19,0
Neg_515,3.594,0
Neg_208,3.954,0
Neg_2503,3.658,0
Neg_2396,3.066,0
Neg_1670,3.287,0
Neg_8,3.999,0
Neg_1802,4.114,0
Neg_1617,3.586,0
Neg_1353,3.731,0
Neg_917,3.626,0
Neg_1912,3.934,0
Neg_2647,3.939,0
Neg_2682,3.118,0
Neg_1130,3.938,0
Neg_1914,2.914,0
Neg_1659,3.129,0
Neg_1233,3.397,0
Neg_2379,3.786,0
Neg_1832,3.857,0
Neg_1156,3.989,0
Neg_2258,3.788,0
Neg_461,3.64,0
Neg_1432,3.763,0
Neg_1840,3.765,0
Neg_51,2.89,0
Neg_2078,4.044,0
Neg_1658,3.998,0
Neg_1291,3.929,0
Neg_2421,3.767,0
Neg_1107,3.964,0
Neg_57,3.59,0
Neg_56,3.085,0
Neg_1535,3.605,0
Neg_728,3.808,0
Neg_612,4.087,0
Neg_1789,3.391,0
Neg_2923,3.968,0
Neg_998,3.412,0
Neg_2027,3.236,0
Neg_1120,3.977,0
Neg_938,3.838,0
Neg_1639,3.678,0
Neg_1380,3.045,0
Neg_995,3.653,0
Neg_274,3.326,0
Neg_1731,3.867,0
Neg_1423,3.155,0
Neg_1720,3.953,0
Neg_1176,3.465,0
Neg_298,3.418,0
Neg_1494,3.961,0
Neg_2041,3.974,0
Neg_2033,3.571,0
Neg_1010,4.053,0
Neg_964,3.867,0
Neg_735,3.931,0
Neg_245,4.121,0
Neg_317,4.017,0
Neg_1277,3.711,0
Neg_213,3.436,0
Neg_109,3.352,0
Neg_1604,3.659,0
Neg_2004,3.459,0
Neg_1848,3.512,0
Neg_1998,3.919,0
Neg_968,4.071,0
Neg_1860,3.739,0
Neg_854,2.692,0
Neg_229,3.556,0
Neg_397,3.909,0
Neg_1864,3.77,0
Neg_2553,3.907,0
Neg_1504,4.058,0
Neg_2824,4.075,0
Neg_20,3.409,0
Neg_1594,3.836,0
Neg_2657,3.695,0
Neg_1823,3.891,0
Neg_2352,4.082,0
Neg_675,3.239,0
Neg_38,3.594,0
Neg_2630,3.508,0
Neg_1313,3.544,0
Neg_2083,4.062,0
Neg_224,3.973,0
Neg_1271,3.9,0
Neg_2404,3.634,0
Neg_91,4.047,0
Neg_2318,3.879,0
Neg_2034,3.847,0
Neg_2914,3.251,0
Neg_2749,3.486,0
Neg_1143,3.704,0
Neg_80,4.098,0
Neg_289,3.504,0
Neg_1262,3.455,0
Neg_2269,3.848,0
Neg_922,3.486,0
Neg_1843,3.71,0
Neg_40,3.236,0
Neg_1771,4.027,0
Neg_1068,3.546,0
Neg_1857,3.846,0
Neg_635,4.004,0
Neg_2908,3.73,0
Neg_2651,3.879,0
Neg_781,3.848,0
Neg_574,3.35,0
Neg_151,3.896,0
Neg_356,3.523,0
Neg_1012,3.88,0
Neg_455,3.964,0
Neg_2395,3.794,0
Neg_173,3.786,0
Neg_1744,2.55,0
Neg_1127,4.012,0
Neg_872,2.566,0
Neg_556,3.957,0
Neg_1872,3.643,0
Neg_1175,3.987,0
Neg_2738,3.973,0
Neg_2341,3.713,0
Neg_2539,3.895,0
Neg_2859,3.239,0
Neg_106,3.621,0
Neg_453,3.752,0
Neg_1396,3.789,0
Neg_2665,3.163,0
Neg_2357,3.757,0
Neg_1937,3.943,0
Neg_2673,3.419,0
Neg_693,4.058,0
Neg_769,3.964,0
Neg_2833,4.077,0
Neg_2773,3.368,0
Neg_1447,3.07,0
Neg_29,3.747,0
Neg_489,3.935,0
Neg_2545,3.875,0
Neg_1306,3.204,0
Neg_617,4.113,0
Neg_1372,3.854,0
Neg_2481,3.677,0
Neg_1908,3.436,0
Neg_1981,3.664,0
Neg_906,3.829,0
Neg_1425,3.938,0
Neg_846,3.73,0
Neg_2611,4.0,0
Neg_1230,3.457,0
Neg_1906,3.617,0
Neg_2554,4.044,0
Neg_348,2.944,0
Neg_477,3.567,0
Neg_67,3.798,0
Neg_2639,3.907,0
Neg_2012,4.071,0
Neg_1028,3.918,0
Neg_1874,3.654,0
Neg_1109,3.778,0
Neg_2529,3.643,0
Neg_2141,3.812,0
Neg_2462,3.865,0
Neg_2011,3.531,0
Neg_377,4.042,0
Neg_90,3.375,0
Neg_1506,4.073,0
Neg_767,3.56,0
Neg_434,3.236,0
Neg_1460,3.838,0
Neg_1666,4.15,0
Neg_126,3.655,0
Neg_2668,2.341,0
Neg_1674,3.519,0
Neg_2140,4.102,0
Neg_323,3.203,0
Neg_2514,3.855,0
Neg_598,3.721,0
Neg_2337,3.848,0
Neg_497,3.805,0
Neg_2693,3.686,0
Neg_1651,3.338,0
Neg_2347,3.883,0
Neg_68,3.976,0
Neg_318,3.748,0
Neg_2441,3.239,0
Neg_2136,4.038,0
Neg_870,3.746,0
Neg_699,3.394,0
Neg_1726,3.002,0
Neg_1325,3.968,0
Neg_2002,3.268,0
Neg_519,3.76,0
Neg_199,4.006,0
Neg_471,3.991,0
Neg_1673,3.736,0
Neg_272,4.0,0
Neg_118,3.553,0
Neg_135,2.469,0
Neg_2502,3.534,0
Neg_2787,3.783,0
Neg_546,4.038,0
Neg_127,3.898,0
Neg_1784,2.914,0
Neg_439,2.855,0
Neg_535,3.905,0
Neg_227,4.129,0
Neg_2299,3.967,0
Neg_2627,2.04,0
Neg_1982,3.56,0
Neg_1382,3.239,0
Neg_2090,3.793,0
Neg_1532,3.716,0
Neg_527,3.928,0
Neg_11,3.578,0
Neg_1246,3.799,0
Neg_2525,4.01,0
Neg_2818,3.817,0
Neg_1920,3.665,0
Neg_918,3.79,0
Neg_102,2.851,0
Neg_2621,3.571,0
Neg_1585,3.93,0
Neg_266,3.733,0
Neg_710,3.817,0
Neg_712,3.675,0
Neg_24,3.584,0
Neg_170,3.716,0
Neg_721,3.662,0
Neg_1365,3.959,0
Neg_1735,2.907,0
Neg_954,4.111,0
Neg_1993,3.931,0
Neg_1652,3.879,0
Neg_2306,3.827,0
Neg_2479,3.429,0
Neg_423,3.041,0
Neg_2799,4.121,0
Neg_822,4.097,0
Neg_931,3.564,0
Neg_2497,3.808,0
Neg_2925,3.587,0
Neg_267,3.35,0
Neg_242,3.638,0
Neg_233,3.557,0
Neg_1868,3.745,0
Neg_2032,3.951,0
Neg_2720,3.858,0
Neg_2343,3.587,0
Neg_2055,4.035,0
Neg_2624,3.804,0
Neg_745,3.894,0
Neg_2850,3.594,0
Neg_1483,2.845,0
Neg_2708,3.966,0
Neg_2131,3.754,0
Neg_440,3.624,0
Neg_793,4.063,0
Neg_2000,3.999,0
Neg_328,3.384,0
Neg_2022,3.885,0
Neg_1676,2.918,0
Neg_47,3.962,0
Neg_889,3.335,0
Neg_2715,4.015,0
Neg_2214,3.955,0
Neg_1579,4.025,0
Neg_878,3.266,0
Neg_2103,3.917,0
Neg_1114,3.899,0
Neg_681,3.845,0
Neg_346,3.742,0
Neg_2532,3.921,0
Neg_1669,3.695,0
Neg_949,3.832,0
Neg_1081,3.81,0
Neg_501,3.673,0
Neg_2079,3.618,0
Neg_2360,4.089,0
Neg_1492,2.642,0
Neg_1400,3.594,0
Neg_840,3.705,0
Neg_1343,4.079,0
Neg_1169,3.713,0
Neg_1095,3.161,0
Neg_2160,3.244,0
Neg_1886,4.093,0
Neg_462,3.812,0
Neg_1618,4.006,0
Neg_1638,3.885,0
Neg_335,3.719,0
Neg_2543,3.888,0
Neg_1503,3.531,0
Neg_2634,3.814,0
Neg_1295,3.594,0
Neg_1778,3.522,0
Neg_1420,3.919,0
Neg_2915,3.851,0
Neg_823,3.153,0
Neg_1675,3.969,0
Neg_589,3.512,0
Neg_1481,3.916,0
Neg_2342,3.968,0
Neg_1054,2.372,0
Neg_2098,3.899,0
Neg_2847,3.879,0
Neg_2645,3.638,0
Neg_1236,3.965,0
Neg_1108,3.964,0
Neg_2375,3.007,0
Neg_1516,4.013,0
Neg_1038,3.385,0
Neg_2217,3.352,0
Neg_2728,4.04,0
Neg_1386,3.705,0
Neg_1513,3.738,0
Neg_816,3.848,0
Neg_2754,3.977,0
Neg_363,3.962,0
Neg_2326,3.298,0
Neg_2442,3.901,0
Neg_2080,3.85,0
Neg_1213,3.748,0
Neg_2687,3.704,0
Neg_1636,2.873,0
Neg_1037,4.085,0
Neg_36,4.008,0
Neg_1469,3.518,0
Neg_1928,3.698,0
Neg_916,3.387,0
Neg_1155,4.023,0
Neg_2793,4.141,0
Neg_2052,2.969,0
Neg_1029,3.612,0
Neg_2685,3.988,0
Neg_280,3.83,0
Neg_2924,3.709,0
Neg_1552,3.658,0
Neg_2150,3.496,0
Neg_1454,3.654,0
Neg_1438,3.645,0
Neg_2910,3.738,0
Neg_2210,3.804,0
Neg_284,3.802,0
Neg_2162,3.947,0
Neg_740,3.853,0
Neg_1850,3.642,0
Neg_2864,4.169,0
Neg_2319,4.037,0
Neg_2530,3.925,0
Neg_2094,3.577,0
Neg_321,2.705,0
Neg_2126,3.783,0
Neg_15,3.082,0
Neg_1360,3.01,0
Neg_2640,4.021,0
Neg_1251,3.789,0
Neg_830,3.69,0
Neg_782,1.857,0
Neg_2913,2.919,0
Neg_794,4.049,0
Neg_1435,3.499,0
Neg_520,3.978,0
Neg_4,3.743,0
Neg_228,3.664,0
Neg_977,3.825,0
Neg_618,3.937,0
Neg_1278,3.885,0
Neg_1858,3.495,0
Neg_479,3.795,0
Neg_957,3.374,0
Neg_2917,3.849,0
Neg_1765,3.794,0
Neg_1991,3.702,0
Neg_526,3.671,0
Neg_1715,3.961,0
Neg_722,3.77,0
Neg_747,3.551,0
Neg_2498,2.664,0
Neg_2636,4.051,0
Neg_1015,3.945,0
Neg_785,4.032,0
Neg_560,3.503,0
Neg_1254,4.146,0
Neg_1430,3.444,0
Neg_1253,4.001,0
Neg_2909,3.821,0
Neg_1540,4.122,0
Neg_997,3.89,0
Neg_2812,3.36,0
Neg_2694,3.435,0
Neg_420,3.537,0
Neg_92,3.676,0
Neg_1822,3.93,0
Neg_678,3.998,0
Neg_952,3.2,0
Neg_1067,4.07,0
Neg_1023,3.676,0
Neg_94,3.87,0
Neg_1575,3.753,0
Neg_2350,3.659,0
Neg_2445,3.854,0
Neg_2226,3.916,0
Neg_568,3.864,0
Neg_2515,4.049,0
Neg_1334,4.07,0
Neg_930,3.811,0
Neg_354,3.379,0
Neg_2604,3.979,0
Neg_69,3.178,0
Neg_2782,3.804,0
Neg_1205,3.797,0
Neg_1269,3.453,0
Neg_1188,4.184,0
Neg_2705,3.805,0
Neg_2896,3.603,0
Neg_2890,3.828,0
Neg_2813,3.596,0
Neg_483,4.009,0
Neg_2333,3.684,0
Neg_1243,3.931,0
Neg_2268,3.589,0
Neg_2001,4.182,0
Neg_783,3.873,0
Neg_1611,3.482,0
Neg_2424,3.444,0
Neg_472,3.856,0
Neg_1791,3.628,0
Neg_645,2.984,0
Neg_1781,3.02,0
Neg_205,4.074,0
Neg_2771,3.37,0
Neg_1957,3.869,0
Neg_2408,3.236,0
Neg_2298,3.884,0
Neg_2301,3.084,0
Neg_2235,3.863,0
Neg_2056,3.904,0
Neg_803,3.853,0
Neg_2461,3.839,0
Neg_1185,3.865,0
Neg_1794,3.966,0
Neg_970,3.65,0
Neg_1479,3.748,0
Neg_775,3.665,0
Neg_748,3.481,0
Neg_1293,3.939,0
Neg_2907,3.731,0
Neg_626,3.838,0
Neg_1211,3.866,0
Neg_2029,3.447,0
Neg_2484,3.841,0
Neg_737,3.624,0
Neg_2637,3.32,0
Neg_493,3.648,0
Neg_1851,3.692,0
Neg_275,3.975,0
Neg_606,3.771,0
Neg_1681,4.073,0
Neg_861,3.848,0
Neg_2800,3.594,0
Neg_390,3.923,0
Neg_950,3.175,0
Neg_2285,3.461,0
Neg_1066,4.018,0
Neg_1485,3.494,0
Neg_2718,3.84,0
Neg_107,3.62,0
Neg_2560,3.544,0
Neg_1520,3.938,0
Neg_951,3.881,0
Neg_2753,4.036,0
Neg_2737,4.138,0
Neg_2449,3.918,0
Neg_1538,3.88,0
Neg_1588,3.888,0
Neg_1070,3.578,0
Neg_1907,3.537,0
Neg_1444,3.794,0
Neg_2536,3.991,0
Neg_1336,3.039,0
Neg_1125,3.726,0
Neg_1238,4.139,0
Neg_2438,3.547,0
Neg_2869,3.88,0
Neg_734,3.343,0
Neg_2747,3.826,0
Neg_2767,3.662,0
Neg_347,3.672,0
Neg_1890,4.005,0
Neg_2457,4.02,0
Neg_2919,3.945,0
Neg_2764,3.443,0
Neg_834,4.074,0
Neg_1570,3.814,0
Neg_2750,3.948,0
Neg_290,4.109,0
Neg_862,4.006,0
Neg_2654,3.293,0
Neg_597,3.899,0
Neg_353,3.096,0
Neg_2500,3.51,0
Neg_1446,3.454,0
Neg_842,3.383,0
Neg_53,3.885,0
Neg_291,4.096,0
Neg_1687,3.806,0
Neg_809,3.587,0
Neg_2858,3.793,0
Neg_1779,3.982,0
Neg_2114,3.394,0
Neg_327,3.913,0
Neg_249,3.222,0
Neg_514,4.036,0
Neg_894,3.573,0
Neg_1154,3.548,0
Neg_1974,3.808,0
Neg_607,4.016,0
Neg_1464,3.674,0
Neg_2840,3.759,0
Neg_2251,3.997,0
Neg_2517,4.105,0
Neg_1853,4.081,0
Neg_1312,3.376,0
Neg_2838,3.594,0
Neg_1722,3.626,0
Neg_2116,3.785,0
Neg_2327,3.731,0
Neg_1128,3.767,0
Neg_1231,3.613,0
Neg_2384,2.55,0
Neg_713,4.186,0
Neg_2475,3.733,0
Neg_545,3.852,0
Neg_1732,4.209,0
Neg_1703,3.668,0
Neg_2537,4.023,0
Neg_1601,3.925,0
Neg_238,3.574,0
Neg_2704,3.128,0
Neg_2652,3.393,0
Neg_1700,4.04,0
Neg_2744,3.996,0
Neg_43,3.718,0
Neg_235,2.585,0
Neg_1433,3.72,0
Neg_1473,3.469,0
Neg_1047,3.838,0
Neg_2221,3.964,0
Neg_691,3.096,0
Neg_128,3.729,0
Neg_1952,3.819,0
Neg_2059,3.75,0
Neg_661,3.756,0
Neg_1100,3.507,0
Neg_2458,3.214,0
Neg_983,2.023,0
Neg_2250,3.512,0
Neg_674,3.926,0
Neg_2825,3.323,0
Neg_445,3.962,0
Neg_640,3.702,0
Neg_1903,4.003,0
Neg_671,3.855,0
Neg_2147,3.896,0
Neg_475,3.24,0
Neg_1302,4.06,0
Neg_2077,3.084,0
Neg_2040,3.959,0
Neg_2660,3.585,0
Neg_2166,3.984,0
Neg_2376,3.809,0
Neg_1962,3.899,0
Neg_1000,3.88,0
Neg_250,3.856,0
Neg_1718,3.439,0
Neg_750,4.047,0
Neg_1014,4.032,0
Neg_2399,4.128,0
Neg_561,3.872,0
Neg_1762,3.851,0
Neg_1449,3.897,0
Neg_237,4.004,0
Neg_345,3.423,0
Neg_2511,4.137,0
Neg_2097,3.521,0
Neg_1966,3.759,0
Neg_255,3.757,0
Neg_2365,3.226,0
Neg_1987,3.337,0
Neg_2805,3.748,0
Neg_2904,3.713,0
Neg_2872,3.804,0
Neg_2355,3.663,0
Neg_576,3.412,0
Neg_2459,4.18,0
Neg_971,4.001,0
Neg_898,3.869,0
Neg_928,3.657,0
Neg_2823,3.908,0
Neg_2364,3.84,0
Neg_2806,3.109,0
Neg_1871,3.461,0
Neg_50,3.654,0
Neg_2496,3.996,0
Neg_1030,3.403,0
Neg_1978,3.653,0
Neg_669,3.48,0
Neg_1341,3.433,0
Neg_843,3.959,0
Neg_761,3.511,0
Neg_988,3.356,0
Neg_2255,3.959,0
Neg_2557,3.662,0
Neg_2677,2.914,0
Neg_18,3.19,0
Neg_315,3.845,0
Neg_1741,3.384,0
Neg_2578,3.733,0
Neg_389,3.766,0
Neg_210,3.95,0
Neg_2427,3.821,0
Neg_2323,3.779,0
Neg_2007,3.802,0
Neg_891,3.641,0
Neg_387,3.958,0
Neg_741,3.844,0
Neg_362,3.384,0
Neg_1212,2.664,0
Neg_2057,4.065,0
Neg_468,3.23,0
Neg_2468,3.701,0
Neg_873,3.584,0
Neg_1079,3.926,0
Neg_1710,3.602,0
Neg_482,3.281,0
Neg_121,3.913,0
Neg_2172,4.02,0
Neg_1897,2.839,0
Neg_2690,3.725,0
Neg_42,3.806,0
Neg_1748,3.704,0
Neg_620,3.986,0
Neg_2881,3.697,0
Neg_188,4.044,0
Neg_184,4.042,0
Neg_584,2.873,0
Neg_2423,3.615,0
Neg_2699,3.427,0
Neg_147,3.938,0
Neg_1376,3.912,0
Neg_2589,3.969,0
Neg_2501,3.483,0
Neg_288,3.763,0
Neg_982,3.988,0
Neg_511,3.81,0
Neg_1308,3.898,0
Neg_125,3.798,0
Neg_564,3.861,0
Neg_2039,3.968,0
Neg_1237,3.349,0
Neg_749,3.789,0
Neg_189,3.786,0
Neg_2815,3.471,0
Neg_2573,3.355,0
Neg_911,3.409,0
Neg_2225,4.093,0
Neg_591,3.682,0
Neg_428,4.076,0
Neg_739,4.012,0
Neg_449,2.608,0
Neg_1358,4.077,0
Neg_707,3.88,0
Neg_1196,3.847,0
Neg_1113,3.72,0
Neg_1437,3.288,0
Neg_996,3.378,0
Neg_2480,3.155,0
Neg_2324,3.156,0
Neg_2391,3.447,0
Neg_1084,4.097,0
Neg_1194,3.757,0
Neg_908,3.569,0
Neg_638,3.746,0
Neg_2741,3.617,0
Neg_1368,4.079,0
Neg_1005,3.783,0
Neg_2790,3.495,0
Neg_1572,3.046,0
Neg_1734,3.842,0
Neg_435,4.051,0
Neg_409,3.293,0
Neg_436,3.154,0
Neg_1409,3.962,0
Neg_1603,3.116,0
Neg_2900,3.301,0
Neg_469,3.9,0
Neg_395,3.738,0
Neg_2006,3.456,0
Neg_2138,4.118,0
Neg_1534,3.078,0
Neg_726,3.874,0
Neg_2658,3.842,0
Neg_885,3.935,0
Neg_1364,3.166,0
Neg_2867,3.782,0
Neg_1869,3.73,0
Neg_429,3.244,0
Neg_1518,3.525,0
Neg_2431,4.168,0
Neg_788,3.453,0
Neg_2574,3.862,0
Neg_1548,3.492,0
Neg_1959,3.602,0
Neg_1124,4.015,0
Neg_1324,4.109,0
Neg_1533,3.182,0
Neg_2429,3.619,0
Neg_2123,3.768,0
Neg_384,3.433,0
Neg_2551,3.639,0
Neg_380,3.855,0
Neg_1697,3.326,0
Neg_2382,3.752,0
Neg_193,3.423,0
Neg_392,3.918,0
Neg_1136,3.964,0
Neg_2371,3.44,0
Neg_910,3.955,0
Neg_656,4.097,0
Neg_718,3.045,0
Neg_400,3.76,0
Neg_742,2.914,0
Neg_1273,3.939,0
Neg_2830,3.784,0
Neg_567,3.977,0
Neg_588,4.058,0
Neg_183,3.947,0
Neg_2770,3.718,0
Neg_864,3.22,0
Neg_2883,3.537,0
Neg_2689,3.657,0
Neg_1381,3.964,0
Neg_829,3.29,0
Neg_2495,3.906,0
Neg_1148,3.74,0
Neg_819,2.657,0
Neg_2683,3.35,0
Neg_1304,4.096,0
Neg_932,3.969,0
Neg_2003,4.012,0
Neg_1512,3.769,0
Neg_789,3.768,0
Neg_1705,3.999,0
Neg_360,4.046,0
Neg_2473,3.835,0
Neg_1567,3.971,0
Neg_2582,3.362,0
Neg_980,3.422,0
Neg_2740,3.799,0
Neg_1041,3.864,0
Neg_2713,4.018,0
Neg_593,3.661,0
Neg_1882,3.944,0
Neg_2760,3.626,0
Neg_1296,3.742,0
Neg_784,4.043,0
Neg_2205,3.261,0
Neg_981,3.458,0
Neg_115,3.743,0
Neg_499,3.933,0
Neg_877,4.02,0
Neg_594,3.596,0
Neg_596,3.757,0
Neg_156,3.512,0
Neg_1199,3.612,0
Neg_1091,3.79,0
Neg_2380,4.055,0
Neg_1193,4.116,0
Neg_2038,3.816,0
Neg_796,3.81,0
Neg_583,4.061,0
Neg_1399,4.11,0
Neg_773,3.645,0
Neg_2320,3.821,0
Neg_2170,3.879,0
Neg_1443,4.016,0
Neg_1969,3.587,0
Neg_1220,3.843,0
Neg_1111,3.858,0
Neg_2065,3.196,0
Neg_1451,3.53,0
Neg_1328,4.027,0
Neg_140,4.054,0
Neg_258,3.86,0
Neg_175,3.908,0
Neg_2922,2.941,0
Neg_577,4.014,0
Neg_1641,3.58,0
Neg_758,3.701,0
Neg_2195,3.531,0
Neg_157,3.853,0
Neg_2325,4.038,0
Neg_181,3.789,0
Neg_2641,4.096,0
Neg_1505,3.633,0
Neg_2608,4.018,0
Neg_2181,4.119,0
Neg_2798,3.873,0
Neg_924,3.732,0
Neg_1138,3.89,0
Neg_2880,3.318,0
Neg_2670,2.489,0
Neg_925,3.933,0
Neg_230,3.843,0
Neg_2071,3.463,0
Neg_2650,3.383,0
Neg_841,3.713,0
Neg_2054,3.71,0
Neg_146,3.868,0
Neg_162,3.804,0
Neg_990,3.668,0
Neg_2024,3.55,0
Neg_155,3.824,0
Neg_1412,3.877,0
Neg_619,3.536,0
Neg_154,3.981,0
Neg_264,3.768,0
Neg_457,3.942,0
Neg_1529,4.006,0
Neg_1725,2.684,0
Neg_582,3.265,0
Neg_2293,3.511,0
Neg_2023,3.938,0
Neg_1192,3.561,0
Neg_1702,3.785,0
Neg_989,3.938,0
Neg_856,3.929,0
Neg_2460,3.523,0
Neg_1967,4.097,0
Neg_1584,3.619,0
Neg_909,3.61,0
Neg_517,3.969,0
Neg_2302,3.894,0
Neg_1633,3.394,0
Neg_2563,2.923,0
Neg_2911,4.09,0
Neg_1261,2.505,0
Neg_2493,3.411,0
Neg_1707,3.878,0
Neg_2035,4.063,0
Neg_2507,4.042,0
Neg_2843,3.724,0
Neg_2279,4.087,0
Neg_633,3.898,0
Neg_1442,3.407,0
Neg_1910,3.718,0
Neg_2307,3.961,0
Neg_1627,3.893,0
Neg_1043,3.772,0
Neg_851,3.981,0
Neg_1342,3.832,0
Neg_507,3.69,0
Neg_2892,3.748,0
Neg_887,3.774,0
Neg_2177,3.731,0
Neg_2875,3.298,0
Neg_187,4.038,0
Neg_731,3.639,0
Neg_2878,3.892,0
Neg_1195,3.717,0
Neg_2134,3.946,0
Neg_209,3.9,0
Neg_2339,4.007,0
Neg_1950,3.634,0
Neg_1521,3.924,0
Neg_2328,3.736,0
Neg_504,3.91,0
Neg_1415,4.069,0
Neg_1244,4.024,0
Neg_2317,3.085,0
Neg_1759,3.724,0
Neg_1105,3.509,0
Neg_1599,3.79,0
Neg_349,3.805,0
Neg_2091,3.507,0
Neg_2417,3.888,0
Neg_100,3.78,0
Neg_2420,3.484,0
Neg_1970,3.803,0
Neg_893,3.566,0
Neg_2534,3.506,0
Neg_481,3.071,0
Neg_1894,3.641,0
Neg_627,3.472,0
Neg_2523,3.943,0
Neg_1173,3.082,0
Neg_2625,3.774,0
Neg_2452,3.766,0
Neg_754,4.009,0
Neg_2294,3.795,0
Neg_2466,4.019,0
Neg_1017,4.01,0
Neg_539,3.982,0
Neg_2199,4.066,0
Neg_1739,2.505,0
Neg_1318,3.656,0
Neg_2842,4.086,0
Neg_1817,3.999,0
Neg_1427,4.196,0
Neg_60,3.934,0
Neg_1202,3.832,0
Neg_1417,3.806,0
Neg_1392,3.309,0
Neg_1245,3.039,0
Neg_1621,3.278,0
Neg_2101,3.949,0
Neg_1662,3.742,0
Neg_967,3.962,0
Neg_1576,3.981,0
Neg_1044,3.9,0
Neg_2674,4.007,0
Neg_81,4.106,0
Neg_1408,3.9,0
Neg_1528,3.278,0
Neg_2218,4.018,0
Neg_913,4.2,0
Neg_1553,3.945,0
Neg_1203,2.7,0
Neg_2776,3.703,0
Neg_2133,3.894,0
Neg_1961,3.849,0
Neg_1895,3.69,0
Neg_2043,4.013,0
Neg_334,3.665,0
Neg_2174,3.757,0
Neg_1792,3.809,0
Neg_1052,3.761,0
Neg_1327,3.182,0
Neg_2663,3.455,0
Neg_644,3.971,0
Neg_2092,3.548,0
Neg_559,3.304,0
Neg_487,3.926,0
Neg_2018,3.802,0
Neg_1474,3.848,0
Neg_1264,3.88,0
Neg_884,3.118,0
Neg_1191,3.683,0
Neg_1852,3.777,0
Neg_786,4.033,0
Neg_1686,3.511,0
Neg_2755,3.769,0
Neg_2143,3.689,0
Neg_2619,3.919,0
Neg_1600,3.43,0
Neg_725,3.637,0
Neg_70,3.887,0
Neg_2340,3.124,0
Neg_1366,2.606,0
Neg_458,3.844,0
Neg_744,3.926,0
Neg_2839,3.274,0
Neg_575,3.469,0
Neg_1839,3.75,0
Neg_2678,3.996,0
Neg_1204,4.005,0
Neg_2351,3.796,0
Neg_2899,3.494,0
Neg_2474,4.023,0
Neg_1760,3.947,0
Neg_369,3.825,0
Neg_2710,4.049,0
Neg_2852,3.784,0
Neg_1373,3.914,0
Neg_2807,3.626,0
Neg_543,3.248,0
Neg_1453,4.233,0
Neg_860,3.155,0
Neg_223,3.409,0
Neg_1842,3.867,0
Neg_1769,3.284,0
Neg_2295,3.796,0
Neg_1598,3.899,0
Neg_642,4.072,0
Neg_2592,3.863,0
Neg_2426,4.103,0
Neg_1004,3.783,0
Neg_2066,2.855,0
Neg_1482,3.215,0
Neg_111,3.926,0
Neg_2546,3.802,0
Neg_2168,3.953,0
Neg_1605,3.403,0
Neg_2512,4.064,0
Neg_93,3.182,0
Neg_772,3.861,0
Neg_206,4.062,0
Neg_723,3.816,0
Neg_1946,3.49,0
Neg_2284,3.616,0
Neg_2267,3.813,0
Neg_778,4.025,0
Neg_87,3.971,0
Neg_2746,2.866,0
Neg_1171,3.577,0
Neg_1671,4.001,0
Neg_2416,3.246,0
Neg_1935,3.522,0
Neg_2891,3.921,0
Neg_1354,3.422,0
Neg_763,3.492,0
Neg_1222,3.673,0
Neg_371,3.623,0
Neg_1955,3.455,0
Neg_2848,3.92,0
Neg_2766,4.022,0
Neg_2233,3.725,0
Neg_1833,3.808,0
Neg_1123,4.107,0
Neg_2809,3.761,0
Neg_2194,3.773,0
Neg_2144,4.034,0
Neg_27,4.054,0
Neg_2559,3.7,0
Neg_2373,3.755,0
Neg_2161,3.585,0
Neg_1954,3.926,0
Neg_23,3.755,0
Neg_1075,3.939,0
Neg_2385,3.323,0
Neg_1821,3.885,0
Neg_2256,3.945,0
Neg_2171,4.011,0
Neg_921,4.086,0
Neg_832,1.892,0
Neg_552,3.876,0
Neg_1002,3.906,0
Neg_123,3.963,0
Neg_204,3.86,0
Neg_375,3.69,0
Neg_372,3.774,0
Neg_1287,3.505,0
Neg_2125,3.557,0
Neg_74,3.55,0
Neg_871,3.77,0
Neg_694,3.9,0
Neg_824,3.981,0
Neg_2063,3.585,0
Neg_1031,3.675,0
Neg_332,3.969,0
Neg_1165,3.715,0
Neg_2186,3.412,0
Neg_1986,3.774,0
Neg_2394,3.836,0
Neg_1379,3.447,0
Neg_2522,3.835,0
Neg_1899,3.264,0
Neg_1322,3.527,0
Neg_2414,4.055,0
Neg_26,3.642,0
Neg_1284,3.933,0
Neg_820,3.842,0
Neg_863,3.503,0
Neg_268,3.84,0
Neg_2153,3.285,0
Neg_63,3.851,0
Neg_687,3.726,0
Neg_1297,3.872,0
Neg_1556,3.971,0
Neg_2455,3.853,0
Neg_1016,4.111,0
Neg_366,3.99,0
Neg_641,3.621,0
Neg_2874,3.803,0
Neg_948,3.838,0
Neg_2780,3.564,0
Neg_760,3.966,0
Neg_1782,3.764,0
Neg_2735,3.514,0
Neg_705,4.17,0
Neg_764,3.957,0
Neg_1582,2.974,0
Neg_1061,3.865,0
Neg_2183,3.907,0
Neg_1543,3.184,0
Neg_1964,3.893,0
Neg_1330,3.616,0
Neg_2411,4.115,0
Neg_25,3.801,0
Neg_1463,3.929,0
Neg_1738,3.374,0
Neg_2261,3.825,0
Neg_1416,3.398,0
Neg_2389,3.991,0
Neg_2905,3.102,0
Neg_1488,4.031,0
Neg_180,3.93,0
Neg_557,3.839,0
Neg_1595,4.025,0
Neg_1103,3.297,0
Neg_510,3.943,0
Neg_2472,3.841,0
Neg_122,3.877,0
Neg_2290,3.9,0
Neg_2696,3.878,0
Neg_1289,2.802,0
Neg_1936,4.032,0
Neg_2265,3.267,0
Neg_2555,3.958,0
Neg_1580,3.954,0
Neg_2082,3.559,0
Neg_1591,3.927,0
Neg_1470,3.907,0
Neg_1509,3.832,0
Neg_77,3.572,0
Neg_1247,4.069,0
Neg_2122,3.892,0
Neg_1953,4.037,0
Neg_2894,4.034,0
Neg_1260,4.053,0
Neg_2719,3.669,0
Neg_2111,3.925,0
Neg_1531,3.806,0
Neg_1519,3.925,0
Neg_2540,3.684,0
Neg_2113,3.441,0
Neg_1965,3.65,0
Neg_48,3.697,0
Neg_625,4.066,0
Neg_2721,3.713,0
Neg_2716,3.614,0
Neg_1116,3.983,0
Neg_2714,3.948,0
Neg_729,3.795,0
Neg_770,2.845,0
Neg_1441,3.728,0
Neg_1629,3.945,0
Neg_65,3.264,0
Neg_2121,3.607,0
Neg_271,4.025,0
Neg_2572,3.797,0
Neg_2089,3.859,0
Neg_655,3.799,0
Neg_806,3.403,0
Neg_1034,3.942,0
Neg_2211,4.064,0
Neg_393,3.765,0
Neg_2684,3.812,0
Neg_2028,3.649,0
Neg_1695,3.868,0
Neg_1024,2.7,0
Neg_881,3.801,0
Neg_2862,3.678,0
Neg_632,3.787,0
Neg_665,3.921,0
Neg_1699,4.001,0
Neg_1752,3.55,0
Neg_1536,3.96,0
Neg_1132,3.981,0
Neg_692,4.116,0
Neg_2046,3.833,0
Neg_866,3.988,0
Neg_719,3.976,0
Neg_2407,3.138,0
Neg_668,3.866,0
Neg_2488,3.523,0
Neg_359,3.833,0
Neg_1168,3.897,0
Neg_578,3.769,0
Neg_2655,3.776,0
Neg_1419,3.268,0
Neg_426,2.158,0
Neg_1644,3.535,0
Neg_643,3.501,0
Neg_1902,3.631,0
Neg_385,3.379,0
Neg_2361,4.043,0
Neg_907,3.89,0
Neg_399,3.893,0
Neg_1577,4.012,0
Neg_2127,3.902,0
Neg_73,3.961,0
Neg_2598,4.095,0
Neg_516,3.502,0
Neg_1466,3.328,0
Neg_672,4.0,0
Neg_630,3.761,0
Neg_39,3.53,0
Neg_2465,4.084,0
Neg_2722,3.766,0
Neg_2105,3.425,0
Neg_1077,3.446,0
Neg_2550,3.871,0
Neg_1756,3.662,0
Neg_172,3.962,0
Neg_1428,3.988,0
Neg_797,3.993,0
Neg_2239,4.037,0
Neg_1268,3.844,0
Neg_112,3.966,0
Neg_2432,3.136,0
Neg_1624,3.753,0
Neg_1571,3.166,0
Neg_753,3.499,0
Neg_1875,3.391,0
Neg_2353,3.05,0
Neg_1805,3.713,0
Neg_1530,3.542,0
Neg_357,4.074,0
Neg_695,3.972,0
Neg_551,3.747,0
Neg_2897,3.466,0
Neg_438,4.015,0
Neg_858,3.923,0
Neg_1072,3.857,0
Neg_698,3.487,0
Neg_2433,3.602,0
Neg_186,3.75,0
Neg_1915,3.794,0
Neg_2470,4.011,0
Neg_1547,3.469,0
Neg_313,4.112,0
Neg_1232,4.087,0
Neg_2015,4.011,0
Neg_1413,3.794,0
Neg_1495,3.736,0
Neg_2297,2.349,0
Neg_416,3.037,0
Neg_1252,3.534,0
Neg_1013,4.071,0
Neg_1631,3.093,0
Neg_874,4.058,0
Neg_1984,3.154,0
Neg_1431,3.325,0
Neg_505,2.507,0
Neg_2401,3.904,0
Neg_2119,3.355,0
Neg_1685,3.931,0
Neg_2727,3.876,0
Neg_1640,4.126,0
Neg_1134,3.518,0
Neg_799,3.733,0
Neg_790,3.596,0
Neg_2135,3.928,0
Neg_2208,4.013,0
Neg_1475,3.342,0
Neg_1085,4.034,0
Neg_1713,3.872,0
Neg_309,3.299,0
Neg_1162,3.034,0
Neg_2075,3.695,0
Neg_1698,3.522,0
Neg_518,3.252,0
Neg_1163,4.085,0
Neg_1359,3.93,0
Neg_1119,3.896,0
Neg_2643,3.95,0
Neg_277,3.891,0
Neg_1587,3.635,0
Neg_2585,3.962,0
Neg_1060,2.469,0
Neg_330,3.929,0
Neg_1369,4.059,0
Neg_2785,3.842,0
Neg_2535,3.702,0
Neg_1564,3.278,0
Neg_2036,3.987,0
Neg_1200,3.982,0
Neg_1709,3.4,0
Neg_1329,3.539,0
Neg_32,3.519,0
Neg_776,3.733,0
Neg_437,3.616,0
Neg_2653,3.964,0
Neg_95,4.138,0
Neg_1757,3.753,0
Neg_780,3.401,0
Neg_1804,3.882,0
Neg_1545,3.928,0
Neg_2797,2.149,0
Neg_430,3.635,0
Neg_1573,3.695,0
Neg_1378,4.033,0
Neg_473,3.992,0
Neg_649,3.843,0
Neg_524,4.02,0
Neg_1517,3.501,0
Neg_880,3.933,0
Neg_1693,3.987,0
Neg_1092,4.069,0
Neg_1226,3.918,0
Neg_246,3.827,0
Neg_442,3.896,0
Neg_2422,3.854,0
Neg_2661,3.588,0
Neg_2189,4.056,0
Neg_673,3.646,0
Neg_2244,4.131,0
Neg_613,3.647,0
Neg_1133,3.691,0
Neg_1919,3.778,0
Neg_1393,3.01,0
Neg_1980,3.479,0
Neg_195,3.275,0
Neg_2354,3.698,0
Neg_2388,3.861,0
Neg_1181,3.447,0
Neg_1550,3.793,0
Neg_2158,4.017,0
Neg_2197,4.073,0
Neg_2274,4.093,0
Neg_2679,3.889,0
Neg_1439,3.592,0
Neg_2281,3.865,0
Neg_2841,3.463,0
Neg_2266,3.965,0
Neg_571,3.645,0
Neg_1009,3.658,0
Neg_1655,3.713,0
Neg_1487,3.725,0
Neg_28,3.877,0
Neg_2509,3.717,0
Neg_2175,3.838,0
Neg_2232,3.877,0
Neg_201,3.085,0
Neg_1333,4.063,0
Neg_2778,3.942,0
Neg_1704,4.028,0
Neg_2156,3.878,0
Neg_1706,3.959,0
Neg_143,3.892,0
Neg_2595,3.175,0
Neg_166,4.025,0
Neg_2209,3.496,0
Neg_1608,3.834,0
Neg_1581,3.689,0
Neg_1609,4.062,0
Neg_865,3.808,0
Neg_666,3.6,0
Neg_1267,3.844,0
Neg_639,4.096,0
Neg_1590,3.887,0
Neg_1701,3.214,0
Neg_1093,3.387,0
Neg_752,3.909,0
Neg_1210,3.837,0
Neg_2603,3.485,0
Neg_463,3.63,0
Neg_972,3.94,0
Neg_1224,2.845,0
Neg_1027,3.591,0
Neg_2430,3.931,0
Neg_282,3.736,0
Neg_421,3.642,0
Neg_986,3.456,0
Neg_1349,4.017,0
Neg_495,3.334,0
Neg_2223,3.653,0
Neg_2245,3.672,0
Neg_522,3.989,0
Neg_490,4.089,0
Neg_153,4.05,0
Neg_1916,3.931,0
Neg_2569,3.927,0
Neg_1724,3.41,0
Neg_220,3.676,0
Neg_573,2.585,0
Neg_2008,4.023,0
Neg_2076,3.986,0
Neg_1440,3.704,0
Neg_1258,4.068,0
Neg_2009,3.636,0
Neg_486,3.875,0
Neg_555,3.839,0
Neg_232,2.689,0
Neg_1407,3.749,0
Neg_637,3.352,0
Neg_2372,3.44,0
Neg_338,4.076,0
Neg_192,4.055,0
Neg_1926,3.234,0
Neg_1337,3.811,0
Neg_2531,4.004,0
Neg_765,3.942,0
Neg_98,3.497,0
Neg_2026,4.06,0
Neg_1650,4.12,0
Neg_386,4.013,0
Neg_14,3.913,0
Neg_1660,3.372,0
Neg_2005,3.658,0
Neg_2292,3.726,0
Neg_117,3.962,0
Neg_424,3.585,0
Neg_2444,3.029,0
Neg_1668,3.918,0
Neg_1025,3.981,0
Neg_164,3.77,0
Neg_2016,3.846,0
Neg_2102,3.743,0
Neg_247,3.465,0
Neg_488,3.875,0
Neg_679,3.935,0
Neg_818,3.077,0
Neg_2499,3.662,0
Neg_1976,3.758,0
Neg_2906,3.912,0
Neg_1983,3.924,0
Neg_2100,4.041,0
Neg_2451,3.375,0
Neg_888,3.74,0
Neg_402,4.082,0
Neg_569,3.856,0
Neg_1480,3.838,0
Neg_2632,3.783,0
Neg_1799,3.964,0
Neg_1198,3.914,0
Neg_105,3.328,0
Neg_536,2.885,0
Neg_382,3.297,0
Neg_2073,3.818,0
Neg_530,3.829,0
Neg_1566,3.146,0
Neg_1996,3.739,0
Neg_827,3.642,0
Neg_800,3.927,0
Neg_1849,3.668,0
Neg_6,3.767,0
Neg_174,3.098,0
Neg_2072,3.453,0
Neg_1934,2.87,0
Neg_615,3.254,0
Neg_425,3.932,0
Neg_1646,3.94,0
Neg_738,2.896,0
Neg_1286,3.332,0
Neg_963,3.902,0
Neg_2190,3.073,0
Neg_212,3.923,0
Neg_730,3.86,0
Neg_319,3.977,0
Neg_1401,3.982,0
Neg_1035,3.717,0
Neg_1190,3.953,0
Neg_1508,3.858,0
Neg_1653,3.441,0
Neg_2304,3.84,0
Neg_1355,2.732,0
Neg_1434,3.798,0
Neg_2485,3.232,0
Neg_367,3.404,0
Neg_1625,3.954,0
Neg_2700,2.715,0
Neg_150,3.985,0
Neg_30,4.077,0
Neg_452,4.036,0
Neg_905,3.436,0
Neg_2519,3.119,0
Neg_1361,3.614,0
Neg_2014,3.719,0
Neg_2510,3.4,0
Neg_2920,3.574,0
Neg_1963,3.682,0
Neg_311,3.778,0
Neg_134,3.975,0
Neg_194,3.599,0
Neg_947,4.133,0
Neg_1215,3.847,0
Neg_882,3.843,0
Neg_1465,2.828,0
Neg_1711,3.901,0
Neg_956,3.977,0
Neg_99,3.908,0
Neg_2313,3.793,0
Neg_1819,3.852,0
Neg_1891,3.425,0
Neg_119,3.819,0
Neg_2288,3.95,0
Neg_2253,4.077,0
Neg_2736,3.716,0
Neg_2730,3.764,0
Neg_2856,3.902,0
Neg_1186,3.584,0
Neg_850,3.311,0
Neg_1774,2.969,0
Neg_1923,3.518,0
Neg_1266,3.212,0
Neg_652,3.931,0
Neg_1259,2.853,0
Neg_2822,3.347,0
Neg_804,4.201,0
Neg_1565,3.906,0
Neg_1331,3.146,0
Neg_1375,3.613,0
Neg_1537,3.122,0
Neg_304,4.116,0
Neg_1554,3.898,0
Neg_466,3.368,0
Neg_1562,3.341,0
Neg_2565,3.943,0
Neg_394,3.505,0
Neg_2558,4.002,0
Neg_544,3.991,0
Neg_179,3.768,0
Neg_1057,3.511,0
Neg_2837,3.759,0
Neg_1053,3.733,0
Neg_2283,3.302,0
Neg_1612,3.469,0
Neg_700,4.048,0
Neg_2176,3.194,0
Neg_1761,3.182,0
Neg_2213,4.004,0
Neg_1829,3.864,0
Neg_1338,3.839,0
Neg_1346,3.883,0
Neg_441,3.576,0
Neg_1743,4.021,0
Neg_2367,3.956,0
Neg_337,3.628,0
Neg_1371,3.878,0
Neg_2743,2.663,0
Neg_500,3.189,0
Neg_408,2.732,0
Neg_2761,3.963,0
Neg_2584,3.629,0
Neg_142,4.066,0
Neg_225,3.156,0
Neg_1476,3.777,0
Neg_1498,3.555,0
Neg_1385,3.641,0
Neg_2698,4.087,0
Neg_295,4.037,0
Neg_2362,3.877,0
Neg_867,3.909,0
Neg_1314,3.735,0
Neg_1398,3.566,0
Neg_817,3.872,0
Neg_1403,4.058,0
Neg_959,3.613,0
Neg_108,3.669,0
Neg_2110,3.319,0
Neg_2117,3.972,0
Neg_2310,3.091,0
Neg_1813,3.509,0
Neg_869,3.615,0
Neg_1682,3.61,0
Neg_902,3.993,0
Neg_1135,2.966,0
Neg_485,3.039,0
Neg_1645,4.102,0
Neg_221,3.912,0
Neg_838,3.808,0
Neg_2064,4.056,0
Neg_1339,3.91,0
Neg_2271,3.819,0
Neg_1951,3.416,0
Neg_1856,3.556,0
Neg_1003,3.961,0
Neg_1901,3.655,0
Neg_1563,3.657,0
Neg_2201,3.694,0
Neg_2575,4.057,0
Neg_1221,3.663,0
Neg_340,3.743,0
Neg_1074,3.013,0
Neg_1374,3.574,0
Neg_2571,3.725,0
Neg_1183,3.828,0
Neg_2870,3.953,0
Neg_1083,4.013,0
Neg_167,3.272,0
Neg_344,2.686,0
Neg_1326,3.708,0
Neg_1370,3.057,0
Neg_2695,3.6,0
Neg_1058,3.318,0
Neg_1678,3.166,0
Neg_610,3.824,0
Neg_897,3.85,0
Neg_132,3.935,0
Neg_677,3.542,0
Neg_813,3.414,0
Neg_1019,3.923,0
Neg_828,3.974,0
Neg_1816,4.14,0
Neg_253,3.438,0
Neg_1690,3.655,0
Neg_467,3.736,0
Neg_1677,3.861,0
Neg_1184,4.032,0
Neg_2363,3.657,0
Neg_2801,3.834,0
Neg_1607,3.906,0
Neg_2193,3.895,0
Neg_427,3.685,0
Neg_792,3.798,0
Neg_1150,3.796,0
Neg_1620,2.559,0
Neg_329,3.252,0
Neg_412,4.073,0
Neg_2107,3.991,0
Neg_1347,4.148,0
Neg_2649,3.264,0
Neg_1559,4.021,0
Neg_176,4.071,0
Neg_826,3.155,0
Neg_1461,3.346,0
Neg_281,3.278,0
Neg_2733,3.784,0
Neg_2492,4.048,0
Neg_623,3.943,0
Neg_2280,3.591,0
Neg_751,3.827,0
Neg_2711,4.037,0
Neg_844,3.673,0
Neg_2577,3.797,0
Neg_1087,4.021,0
Neg_388,3.571,0
Neg_670,3.882,0
Neg_1159,3.995,0
Neg_2772,3.887,0
Neg_1736,3.975,0
Neg_339,4.064,0
Neg_2366,3.926,0
Neg_331,3.555,0
Neg_1388,3.901,0
Neg_2112,3.826,0
Neg_1610,3.809,0
Neg_2146,3.702,0
Neg_525,3.435,0
Neg_2300,3.779,0
Neg_714,3.917,0
Neg_236,3.839,0
Neg_1515,3.532,0
Neg_985,3.966,0
Neg_198,3.872,0
Neg_2591,3.293,0
Neg_1102,3.705,0
Neg_1654,3.747,0
Neg_2167,3.969,0
Neg_1270,3.634,0
Neg_590,3.886,0
Neg_1115,4.058,0
Neg_2846,2.753,0
Neg_1838,3.903,0
Neg_548,3.722,0
Neg_2526,3.709,0
Neg_1922,3.627,0
Neg_2471,3.962,0
Neg_1459,3.931,0
Neg_2356,2.97,0
Neg_801,4.036,0
Neg_553,3.896,0
Neg_1811,3.999,0
Neg_1158,3.99,0
Neg_391,3.156,0
Neg_269,3.292,0
Neg_2109,3.998,0
Neg_1279,4.015,0
Neg_197,3.546,0
Neg_2312,3.233,0
Neg_1754,4.185,0
Neg_61,3.096,0
Neg_587,3.923,0
Neg_35,3.526,0
Neg_1452,3.369,0
Neg_341,3.655,0
Neg_709,3.84,0
Neg_1623,3.827,0
Neg_1835,3.112,0
Neg_1499,4.026,0
Neg_2701,3.564,0
Neg_185,3.753,0
Neg_532,3.671,0
Neg_1049,3.663,0
Neg_2203,4.032,0
Neg_351,3.86,0
Neg_1511,3.824,0
Neg_432,2.964,0
Neg_1708,3.846,0
Neg_1616,3.759,0
Neg_316,3.556,0
Neg_1845,3.328,0
Neg_1042,3.748,0
Neg_2467,3.728,0
Neg_76,3.378,0
Neg_383,3.031,0
Neg_1783,3.776,0
Neg_2387,2.615,0
Neg_161,3.9,0
Neg_297,3.801,0
Neg_1854,3.783,0
Neg_1749,3.941,0
Neg_1467,3.867,0
Neg_1234,2.974,0
Neg_969,3.457,0
Neg_2061,3.814,0
Neg_241,3.801,0
Neg_350,4.029,0
Neg_124,3.347,0
Neg_2482,3.959,0
Neg_1086,4.002,0
Neg_2791,3.618,0
Neg_1879,3.994,0
Neg_1827,3.856,0
Neg_622,3.785,0
Neg_658,3.048,0
Neg_791,3.732,0
Neg_1472,3.849,0
Neg_196,3.952,0
Neg_1282,3.473,0
Neg_944,3.396,0
Neg_2374,3.523,0
Neg_1523,3.974,0
Neg_883,3.705,0
Neg_498,3.479,0
Neg_547,4.002,0
Neg_1867,3.554,0
Neg_2901,3.689,0
Neg_1209,3.819,0
Neg_663,3.519,0
Neg_52,3.988,0
Neg_2436,3.54,0
Neg_942,3.25,0
Neg_2853,3.758,0
Neg_2596,3.888,0
Neg_2788,3.879,0
Neg_1613,3.889,0
Neg_376,3.814,0
Neg_1539,3.783,0
Neg_2129,3.993,0
Neg_1776,4.099,0
Neg_2748,2.629,0
Neg_2084,3.573,0
Neg_934,2.873,0
Neg_2877,4.053,0
Neg_1288,2.766,0
Neg_2819,3.718,0
Neg_1930,3.682,0
Neg_2505,3.892,0
Neg_1975,3.573,0
Neg_2331,2.732,0
Neg_1728,4.017,0
Neg_1310,3.761,0
Neg_852,4.175,0
Neg_2633,3.675,0
Neg_1747,3.961,0
Neg_812,3.976,0
Neg_2030,3.812,0
Neg_1551,3.644,0
Neg_1679,4.091,0
Neg_1249,4.11,0
Neg_243,2.897,0
Neg_2817,3.925,0
Neg_554,3.798,0
Neg_756,3.961,0
Neg_276,3.466,0
Neg_2656,3.53,0
Neg_480,3.507,0
Neg_1664,3.742,0
Neg_149,3.831,0
Neg_2104,3.719,0
Neg_657,3.286,0
Neg_946,3.964,0
Neg_2273,3.197,0
Neg_550,3.17,0
Neg_2142,3.913,0
Neg_987,4.051,0
Neg_207,3.776,0
Neg_1126,3.942,0
Neg_2865,3.589,0
Neg_2504,2.985,0
Neg_2,3.673,0
Neg_2607,3.947,0
Neg_137,3.797,0
Neg_1020,3.294,0
Neg_1755,3.84,0
Neg_1942,3.631,0
Neg_1684,2.661,0
Neg_1807,3.349,0
Neg_2548,3.951,0
Neg_1931,3.79,0
Neg_368,2.896,0
NP01383,4.092,1
NP06615,3.833,1
NP07289,3.096,1
NP10706,3.459,1
NP06413,2.858,1
NP07002,3.547,1
NP06013,2.873,1
NP07905,2.61,1
NP06037,3.027,1
NP06312,3.057,1
NP09289,3.684,1
NP01011,3.181,1
NP01453,3.059,1
NP06668,2.766,1
NP02209,3.764,1
NP01806,3.63,1
NP09844,2.459,1
NP02902,3.085,1
NP01105,3.096,1
NP06071,2.896,1
NP07560,3.444,1
NP00803,2.664,1
NP02175,3.74,1
NP11065,3.868,1
NP06911,3.647,1
NP04654,3.957,1
NP00357,4.028,1
NP05821,3.085,1
NP09379,3.72,1
NP01973,3.175,1
NP10650,3.006,1
NP09728,3.236,1
NP11120,3.455,1
NP08528,3.741,1
NP10951,2.664,1
NP03962,3.933,1
NP05936,3.678,1
NP08204,3.429,1
NP08996,3.656,1
NP07496,3.938,1
NP09370,3.221,1
NP07908,3.096,1
NP06403,3.647,1
NP06054,3.459,1
NP04810,3.708,1
NP11371,4.047,1
NP07837,2.664,1
NP09481,3.794,1
NP02239,3.409,1
NP07453,2.918,1
NP04764,3.63,1
NP04158,3.085,1
NP06987,3.566,1
NP01433,3.908,1
NP04534,3.071,1
NP07086,2.503,1
NP05516,3.7,1
NP05063,3.915,1
NP07269,3.84,1
NP02755,3.35,1
NP05160,4.025,1
NP06035,3.027,1
NP09486,3.64,1
NP11162,3.82,1
NP04918,3.831,1
NP02297,2.703,1
NP04799,3.916,1
NP06246,3.643,1
NP06774,2.9,1
NP05423,3.574,1
NP05932,3.096,1
NP06294,3.359,1
NP02530,3.196,1
NP10595,3.712,1
NP03760,3.552,1
NP09525,3.453,1
NP08660,3.379,1
NP07479,3.538,1
NP07037,2.914,1
NP07434,3.146,1
NP09477,3.203,1
NP06784,3.462,1
NP07355,3.246,1
NP06870,3.027,1
NP09352,3.616,1
NP07707,3.882,1
NP09784,3.722,1
NP01353,3.944,1
NP09887,3.877,1
NP04674,4.083,1
NP09161,3.679,1
NP05120,3.526,1
NP05410,3.221,1
NP09361,3.427,1
NP09284,3.617,1
NP08168,3.32,1
NP00761,2.914,1
NP02104,3.532,1
NP03207,3.022,1
NP11365,4.078,1
NP02019,3.496,1
NP02207,3.011,1
NP05328,4.015,1
NP04642,4.043,1
NP07101,3.784,1
NP07414,3.271,1
NP00909,3.499,1
NP08937,3.328,1
NP07140,2.689,1
NP07351,3.031,1
NP07928,3.329,1
NP09752,3.096,1
NP10729,3.107,1
NP10907,3.301,1
NP10303,3.523,1
NP03765,3.509,1
NP09802,3.454,1
NP03485,3.029,1
NP02446,3.572,1
NP07268,3.25,1
NP07668,3.116,1
NP04708,3.22,1
NP05887,3.027,1
NP09362,3.574,1
NP01350,4.006,1
NP02533,3.503,1
NP05110,3.771,1
NP04072,3.418,1
NP06286,3.176,1
NP05525,3.675,1
NP08523,3.457,1
NP09921,3.512,1
NP07040,3.096,1
NP01821,3.612,1
NP09789,2.914,1
NP00034,3.847,1
NP07665,3.446,1
NP06185,2.664,1
NP07813,3.702,1
NP01054,3.511,1
NP09908,3.707,1
NP05451,3.918,1
NP08483,2.845,1
NP00352,3.895,1
NP03774,3.647,1
NP06815,3.618,1
NP04705,3.102,1
NP03766,3.628,1
NP11075,3.522,1
NP04789,3.914,1
NP09791,3.096,1
NP06287,3.027,1
NP08651,3.085,1
NP06344,3.19,1
NP07954,3.273,1
NP10623,3.102,1
NP04197,3.894,1
NP08666,3.284,1
NP02281,3.631,1
NP02028,3.51,1
NP05644,3.933,1
NP02242,3.382,1
NP07290,2.918,1
NP04798,3.56,1
NP06231,3.252,1
NP07262,3.252,1
NP07626,3.446,1
NP08057,2.815,1
NP06826,3.175,1
NP07336,3.323,1
NP04359,3.737,1
NP05295,2.985,1
NP04666,4.135,1
NP06429,3.067,1
NP07720,4.03,1
NP01893,3.046,1
NP07432,3.573,1
NP08838,2.914,1
NP07048,2.845,1
NP07092,3.216,1
NP11347,3.986,1
NP03368,3.605,1
NP06836,3.319,1
NP09588,3.547,1
NP07359,3.301,1
NP05728,2.977,1
NP02023,3.442,1
NP03799,2.714,1
NP01356,4.044,1
NP08565,3.964,1
NP06625,3.266,1
NP05092,3.782,1
NP06869,3.107,1
NP00041,4.017,1
NP06243,3.898,1
NP11322,4.094,1
NP06806,4.148,1
NP06903,3.308,1
NP10783,2.79,1
NP02526,3.461,1
NP09356,3.616,1
NP02520,3.175,1
NP01819,3.699,1
NP06169,3.499,1
NP01411,3.372,1
NP01226,3.672,1
NP01741,2.55,1
NP07230,3.09,1
NP01768,4.008,1
NP10810,3.331,1
NP02079,3.518,1
NP02177,3.579,1
NP04276,3.909,1
NP08176,3.021,1
NP04628,4.12,1
NP04221,3.419,1
NP01529,3.854,1
NP09265,2.8,1
NP10292,3.522,1
NP02816,3.096,1
NP01352,4.156,1
NP08544,3.192,1
NP11369,4.043,1
NP06971,3.24,1
NP03791,3.86,1
NP07383,3.125,1
NP07439,3.432,1
NP01250,3.989,1
NP01533,3.662,1
NP05506,3.573,1
NP08518,2.815,1
NP07575,2.355,1
NP02125,3.482,1
NP09051,3.84,1
NP08487,2.777,1
NP01898,2.873,1
NP03523,3.096,1
NP07577,3.686,1
NP01295,2.764,1
NP02584,3.594,1
NP06557,2.55,1
NP08704,2.845,1
NP03762,3.719,1
NP01775,3.742,1
NP06703,3.909,1
NP08253,3.746,1
NP06706,3.533,1
NP09779,3.547,1
NP06981,3.275,1
NP04814,3.795,1
NP07571,3.771,1
NP06573,2.404,1
NP01420,3.392,1
NP08587,3.039,1
NP03846,3.096,1
NP09154,4.09,1
NP04206,3.956,1
NP05003,3.84,1
NP07241,3.463,1
NP07494,3.548,1
NP01247,3.775,1
NP07861,3.605,1
NP02789,2.664,1
NP06857,2.845,1
NP01386,4.035,1
NP06420,3.022,1
NP08245,3.833,1
NP06575,2.522,1
NP07273,3.107,1
NP06252,2.845,1
NP09210,3.131,1
NP07421,3.182,1
NP08446,3.096,1
NP06432,3.183,1
NP09755,2.3,1
NP04054,2.902,1
NP00885,2.914,1
NP03057,3.309,1
NP04287,3.923,1
NP07623,3.756,1
NP07387,3.328,1
NP01494,3.97,1
NP05413,3.871,1
NP04195,3.594,1
NP03592,3.084,1
NP09722,2.353,1
NP02008,3.289,1
NP02984,3.323,1
NP05732,2.754,1
NP08167,3.262,1
NP06962,2.845,1
NP01695,3.852,1
NP05218,3.634,1
NP04802,3.478,1
NP06862,3.239,1
NP03744,2.873,1
NP08202,3.52,1
NP05004,3.765,1
NP10833,3.181,1
NP05208,3.068,1
NP01752,2.845,1
NP02251,3.182,1
NP09152,4.095,1
NP01292,3.204,1
NP06275,2.585,1
NP09386,3.455,1
NP07274,3.281,1
NP07232,2.873,1
NP08056,3.182,1
NP02561,3.902,1
NP07940,2.565,1
NP02883,3.375,1
NP08546,3.218,1
NP05089,3.622,1
NP03759,3.788,1
NP06758,2.278,1
NP11314,4.104,1
NP03367,3.022,1
NP09774,3.181,1
NP01528,3.38,1
NP01731,3.027,1
NP01535,3.47,1
NP04211,3.857,1
NP05642,2.914,1
NP05184,3.522,1
NP04629,4.068,1
NP06902,3.34,1
NP06823,3.787,1
NP09803,3.557,1
NP01323,3.787,1
NP03420,2.75,1
NP03500,3.182,1
NP04372,3.868,1
NP00804,2.914,1
NP00052,3.764,1
NP04822,3.654,1
NP04668,3.957,1
NP04716,3.393,1
NP01901,2.974,1
NP06751,3.591,1
NP01483,3.355,1
NP01036,3.085,1
NP01104,2.931,1
NP06288,3.366,1
NP04658,4.066,1
NP07081,3.027,1
NP05991,3.507,1
NP01733,2.482,1
NP09655,2.75,1
NP08571,3.113,1
NP10815,3.024,1
NP06996,3.617,1
NP00805,2.55,1
NP06921,3.236,1
NP06419,2.849,1
NP02694,2.914,1
NP06307,2.626,1
NP06406,3.733,1
NP05169,3.409,1
NP05236,3.507,1
NP05768,3.414,1
NP06636,3.241,1
NP08573,3.382,1
NP08547,3.941,1
NP11283,4.089,1
NP08606,3.278,1
NP08081,3.814,1
NP04273,2.752,1
NP09580,3.292,1
NP01484,3.95,1
NP01249,3.971,1
NP09891,3.757,1
NP07407,2.649,1
NP04362,3.654,1
NP05197,3.772,1
NP06313,3.039,1
NP00714,2.982,1
NP07718,2.547,1
NP02640,2.522,1
NP08455,2.842,1
NP08580,2.79,1
NP09912,3.55,1
NP10736,3.039,1
NP08878,2.626,1
NP06311,3.057,1
NP07012,2.94,1
NP08430,3.203,1
NP10370,3.096,1
NP02602,2.753,1
NP02971,3.085,1
NP02108,3.528,1
NP06879,3.577,1
NP01248,3.952,1
NP11334,3.955,1
NP04384,3.729,1
NP05921,2.79,1
NP02026,3.473,1
NP04052,2.652,1
NP10757,3.096,1
NP00032,3.948,1
NP06350,2.84,1
NP04300,3.828,1
NP07879,3.08,1
NP07628,3.867,1
NP10725,3.308,1
NP04981,3.913,1
NP07459,3.19,1
NP04344,3.631,1
NP00953,3.374,1
NP06977,3.181,1
NP01426,3.461,1
NP04701,3.804,1
NP07826,2.664,1
NP06985,2.948,1
NP05220,3.355,1
NP08261,3.085,1
NP07074,3.5,1
NP02467,3.027,1
NP04788,3.559,1
NP06026,2.866,1
NP07663,3.663,1
NP05437,3.13,1
NP07412,3.268,1
NP11344,4.083,1
NP03637,3.35,1
NP04728,3.368,1
NP07812,3.076,1
NP05024,3.489,1
NP01709,2.664,1
NP11285,4.069,1
NP07339,3.252,1
NP11277,2.042,1
NP07899,3.039,1
NP07409,3.453,1
NP07545,3.419,1
NP06924,3.169,1
NP07075,3.252,1
NP02817,2.845,1
NP02939,3.181,1
NP01022,3.385,1
NP06306,3.559,1
NP06666,2.828,1
NP06871,3.027,1
NP08549,4.006,1
NP06244,3.262,1
NP01990,3.607,1
NP01191,3.239,1
NP01499,4.005,1
NP02442,3.665,1
NP05191,3.84,1
NP01742,2.55,1
NP06910,3.459,1
NP06710,3.547,1
NP04686,2.974,1
NP07666,3.484,1
NP10291,3.719,1
NP08767,2.664,1
NP07348,3.027,1
NP07474,2.975,1
NP06622,3.118,1
NP04635,4.04,1
NP10080,3.236,1
NP03078,3.393,1
NP02599,3.337,1
NP06785,3.391,1
NP01571,2.664,1
NP01568,3.096,1
NP05802,3.799,1
NP08617,3.181,1
NP04231,3.366,1
NP04884,3.404,1
NP02940,3.096,1
NP01777,3.84,1
NP05394,3.182,1
NP02547,4.048,1
NP07926,3.892,1
NP07909,3.741,1
NP09535,3.219,1
NP00792,3.5,1
NP01299,2.6,1
NP11401,3.963,1
NP06352,4.004,1
NP03786,3.675,1
NP06901,3.057,1
NP11047,3.096,1
NP09986,3.393,1
NP08988,3.94,1
NP09933,3.888,1
NP06304,2.79,1
NP07275,3.039,1
NP01865,2.732,1
NP06569,1.868,1
NP02884,3.022,1
NP00963,3.736,1
NP07179,2.626,1
NP09336,3.093,1
NP10752,2.732,1
NP04715,3.825,1
NP09439,3.503,1
NP01359,3.934,1
NP07224,3.464,1
NP07167,1.973,1
NP05478,2.582,1
NP04711,3.7,1
NP09658,3.528,1
NP02007,3.513,1
NP04352,3.764,1
NP05470,3.489,1
NP01290,2.602,1
NP02074,2.914,1
NP01735,3.027,1
NP11305,4.012,1
NP07495,3.836,1
NP10593,3.74,1
NP03840,2.926,1
NP00002,2.873,1
NP10305,3.695,1
NP10274,3.852,1
NP05164,3.867,1
NP07609,3.885,1
NP11303,3.969,1
NP09756,3.346,1
NP02692,3.027,1
NP02701,3.375,1
NP04768,3.146,1
NP09527,3.181,1
NP08706,3.278,1
NP08540,3.666,1
NP00936,3.375,1
NP05697,3.528,1
NP00648,3.096,1
NP11033,3.625,1
NP06167,3.308,1
NP08769,3.181,1
NP04403,3.55,1
NP06568,2.404,1
NP01734,2.353,1
NP10596,3.847,1
NP04653,3.761,1
NP05247,3.584,1
NP05117,3.669,1
NP00023,2.914,1
NP06906,3.239,1
NP03639,3.116,1
NP09868,3.65,1
NP01674,2.777,1
NP11020,3.244,1
NP02603,3.432,1
NP07633,3.156,1
NP08511,2.707,1
NP07054,3.372,1
NP07643,3.594,1
NP11179,3.762,1
NP01673,3.278,1
NP06966,2.79,1
NP07418,3.085,1
NP09936,2.914,1
NP04770,3.369,1
NP09132,3.507,1
NP08375,2.845,1
NP01754,2.914,1
NP08312,3.027,1
NP07670,3.565,1
NP01618,2.752,1
NP06591,3.504,1
NP02843,2.914,1
NP02646,3.461,1
NP06872,2.7,1
NP08429,2.369,1
NP04293,3.859,1
NP02027,3.382,1
NP07794,2.988,1
NP07491,3.695,1
NP06866,3.399,1
NP07941,2.752,1
NP10923,3.379,1
NP07443,3.175,1
NP07634,3.507,1
NP01455,3.461,1
NP10719,3.278,1
NP00927,3.278,1
NP10664,3.379,1
NP09364,3.491,1
NP06632,3.391,1
NP05107,3.754,1
NP05858,3.181,1
NP04088,3.239,1
NP07667,3.684,1
NP03469,2.84,1
NP05651,3.572,1
NP09797,3.947,1
NP03273,2.845,1
NP01808,4.053,1
NP07331,3.085,1
NP05131,3.792,1
NP01851,2.807,1
NP08997,3.849,1
NP09782,3.446,1
NP00713,2.855,1
NP08201,3.637,1
NP07511,3.393,1
NP07051,3.664,1
NP09843,3.239,1
NP01301,2.871,1
NP07261,3.006,1
NP01252,3.843,1
NP10814,2.766,1
NP05401,3.181,1
NP05188,3.47,1
NP10688,3.654,1
NP07238,3.182,1
NP03785,3.77,1
NP06943,3.323,1
NP05275,2.968,1
NP03782,3.618,1
NP05179,3.72,1
NP04067,2.985,1
NP07362,3.437,1
NP00912,3.699,1
NP03507,3.096,1
NP04632,4.137,1
NP01046,3.182,1
NP10089,3.862,1
NP09045,3.906,1
NP01170,2.369,1
NP02967,2.413,1
NP01397,3.017,1
NP00067,3.418,1
NP09396,3.022,1
NP06122,3.239,1
NP06750,3.808,1
NP04975,3.873,1
NP01480,4.093,1
NP03477,2.732,1
NP06968,3.325,1
NP06305,3.392,1
NP05151,3.885,1
NP06646,3.049,1
NP07592,3.156,1
NP10836,2.777,1
NP10655,2.626,1
NP10811,3.486,1
NP11290,4.001,1
NP08434,3.057,1
NP01225,3.128,1
NP09849,3.357,1
NP03521,3.096,1
NP04836,3.594,1
NP04757,3.844,1
NP05800,2.624,1
NP06140,3.085,1
NP00578,3.767,1
NP02794,2.914,1
NP01730,2.845,1
NP06089,2.689,1
NP08299,3.278,1
NP11313,4.118,1
NP02909,3.085,1
NP07951,3.753,1
NP08778,3.096,1
NP00899,3.146,1
NP11107,3.891,1
NP01298,2.856,1
NP03495,3.197,1
NP05812,3.252,1
NP01756,2.914,1
NP00790,2.416,1
NP11255,3.561,1
NP04412,3.744,1
NP03780,3.156,1
NP06372,3.435,1
NP03668,3.19,1
NP09711,2.725,1
NP10371,3.859,1
NP06093,3.393,1
NP06692,3.782,1
NP09506,3.578,1
NP07891,2.689,1
NP09358,2.975,1
NP05226,3.5,1
NP09346,3.252,1
NP01622,3.852,1
NP05957,3.093,1
NP05059,4.1,1
NP10652,3.027,1
NP11150,3.797,1
NP01293,3.029,1
NP02527,3.379,1
NP01519,3.19,1
NP07284,2.732,1
NP04459,3.655,1
NP04693,3.325,1
NP03479,2.664,1
NP02862,3.22,1
NP00755,2.918,1
NP07795,3.5,1
NP08588,3.852,1
NP09316,2.733,1
NP06331,2.732,1
NP06334,3.039,1
NP04241,3.935,1
NP05126,3.874,1
NP01257,3.116,1
NP05476,3.499,1
NP11325,4.045,1
NP05685,3.375,1
NP06421,2.914,1
NP10632,3.534,1
NP08234,2.914,1
NP00816,2.855,1
NP09425,2.975,1
NP04226,3.486,1
NP05118,3.663,1
NP06833,3.703,1
NP02512,3.191,1
NP07204,3.617,1
NP07097,2.707,1
NP03243,3.499,1
NP07647,3.626,1
NP02151,2.852,1
NP05505,3.516,1
NP09430,3.605,1
NP08550,3.918,1
NP05710,3.027,1
NP04627,3.974,1
NP05857,2.815,1
NP02798,3.725,1
NP01463,3.35,1
NP08440,2.842,1
NP05125,3.58,1
NP02516,3.696,1
NP08488,2.842,1
NP07435,3.128,1
NP05161,4.108,1
NP01753,2.914,1
NP07386,3.382,1
NP01780,3.965,1
NP02795,2.855,1
NP06822,3.412,1
NP03585,3.189,1
NP01787,3.774,1
NP09754,3.256,1
NP10353,3.642,1
NP06051,3.039,1
NP07544,3.563,1
NP02590,3.703,1
NP08653,3.039,1
NP07126,3.261,1
NP05953,3.022,1
NP09299,3.022,1
NP05755,2.664,1
NP04443,3.958,1
NP02567,3.535,1
NP01899,3.156,1
NP06697,3.54,1
NP02899,2.732,1
NP11102,3.828,1
NP08577,2.79,1
NP05163,3.924,1
NP07254,3.304,1
NP01737,2.845,1
NP06997,3.779,1
NP08773,3.096,1
NP04758,3.584,1
NP06993,2.875,1
NP00915,3.572,1
NP09273,3.203,1
NP02146,3.929,1
NP04386,3.85,1
NP01766,3.9,1
NP09159,4.138,1
NP09213,2.689,1
NP01354,3.328,1
NP07938,3.349,1
NP04053,2.856,1
NP01335,3.933,1
NP08478,3.5,1
NP06594,3.277,1
NP04031,3.827,1
NP02947,3.654,1
NP10278,3.753,1
NP01146,3.096,1
NP06417,3.246,1
NP01304,3.522,1
NP01346,3.92,1
NP06649,3.138,1
NP07354,2.858,1
NP04997,3.594,1
NP04093,3.278,1
NP07814,3.227,1
NP01885,3.24,1
NP00806,2.55,1
NP00865,3.096,1
NP09881,3.558,1
NP09311,3.125,1
NP02017,3.546,1
NP08581,2.549,1
NP09916,3.654,1
NP06427,3.199,1
NP00053,3.678,1
NP09298,3.14,1
NP09909,3.538,1
NP09305,3.176,1
NP00055,3.873,1
NP07581,3.612,1
NP04791,3.872,1
NP10722,3.027,1
NP01206,3.19,1
NP10091,3.203,1
NP09288,3.614,1
NP07572,2.482,1
NP07044,2.55,1
NP05097,3.689,1
NP02172,3.601,1
NP05452,3.808,1
NP07391,2.962,1
NP01524,3.085,1
NP06691,3.407,1
NP06044,2.842,1
NP05496,3.261,1
NP09313,3.14,1
NP06410,2.906,1
NP07468,2.845,1
NP00035,3.731,1
NP05891,3.252,1
NP05940,2.661,1
NP06905,3.182,1
NP09733,3.325,1
NP06576,2.7,1
NP05103,3.581,1
NP08976,3.65,1
NP05219,3.91,1
NP03724,3.085,1
NP07903,3.588,1
NP03808,3.716,1
NP09491,3.096,1
NP08146,3.175,1
NP00036,3.844,1
NP05199,3.288,1
NP03163,2.661,1
NP04650,3.946,1
NP11008,3.499,1
NP07003,2.626,1
NP00924,2.828,1
NP05839,3.096,1
NP05204,3.72,1
NP07579,3.628,1
NP09785,3.572,1
NP09420,2.664,1
NP07631,3.561,1
NP04964,3.628,1
NP07116,3.027,1
NP08515,3.24,1
NP08956,2.845,1
NP02519,3.708,1
NP02016,3.584,1
NP10717,3.278,1
NP10733,2.702,1
NP07380,3.24,1
NP07165,2.197,1
NP02588,3.499,1
NP07446,3.323,1
NP05203,3.745,1
NP06302,3.453,1
NP02544,3.943,1
NP05885,3.455,1
NP07255,2.753,1
NP06984,2.948,1
NP06059,3.308,1
NP06835,3.604,1
NP08604,2.845,1
NP09164,3.127,1
NP11108,3.996,1
NP05096,3.574,1
NP04406,3.777,1
NP05890,3.027,1
NP07464,3.366,1
NP06418,3.203,1
NP08246,3.654,1
NP04291,3.763,1
NP07463,3.312,1
NP08426,3.039,1
NP07447,2.845,1
NP07562,3.327,1
NP07080,2.719,1
NP11340,4.085,1
NP01384,3.998,1
NP06184,3.239,1
NP08799,3.096,1
NP09363,2.866,1
NP10995,3.085,1
NP02542,3.323,1
NP09790,3.096,1
NP06660,2.766,1
NP04630,3.961,1
NP05227,3.374,1
NP08585,2.918,1
NP07536,3.239,1
NP05264,2.231,1
NP01550,3.898,1
NP02268,3.221,1
NP03567,2.855,1
NP07927,3.982,1
NP10821,3.561,1
NP11378,3.982,1
NP01970,3.755,1
NP09878,3.501,1
NP09055,4.044,1
NP00501,4.02,1
NP09046,4.049,1
NP05709,2.95,1
NP07637,3.449,1
NP04702,4.106,1
NP04737,3.594,1
NP04841,3.499,1
NP06128,3.171,1
NP05852,3.309,1
NP01900,2.774,1
NP06994,2.966,1
NP04186,3.418,1
NP01527,3.849,1
NP01909,2.624,1
NP07415,3.236,1
NP06792,3.408,1
NP10974,2.732,1
NP07583,3.75,1
NP07371,3.607,1
NP01477,3.917,1
NP05189,3.784,1
NP04808,3.716,1
NP06991,3.236,1
NP07485,3.211,1
NP10277,3.941,1
NP08602,2.855,1
NP09874,3.953,1
NP06988,3.373,1
NP06963,2.842,1
NP04290,3.631,1
NP05529,3.729,1
NP01800,3.743,1
NP02465,3.489,1
NP06689,3.727,1
NP05538,3.95,1
NP06810,4.119,1
NP04840,3.761,1
NP01004,2.914,1
NP04227,3.47,1
NP08698,2.845,1
NP10275,3.941,1
NP02941,3.093,1
NP02799,3.572,1
NP10758,2.914,1
NP06864,3.708,1
NP01531,3.676,1
NP03465,3.096,1
NP07151,2.064,1
NP08520,3.085,1
NP06719,3.672,1
NP01919,3.387,1
NP07436,3.379,1
NP07010,3.027,1
NP07259,3.182,1
NP06892,3.239,1
NP05664,3.747,1
NP06894,3.328,1
NP01306,2.914,1
NP06720,3.547,1
NP06837,3.513,1
NP08806,3.096,1
NP01749,2.664,1
NP11205,3.849,1
NP09880,3.547,1
NP05123,3.189,1
NP10933,3.096,1
NP05354,3.039,1
NP01223,3.453,1
NP01138,2.664,1
NP05154,4.035,1
NP08526,2.984,1
NP09667,3.007,1
NP06118,3.94,1
NP05742,3.192,1
NP06677,3.574,1
NP11286,4.005,1
NP06301,2.753,1
NP04868,3.309,1
NP01195,3.236,1
NP01284,2.984,1
NP03373,2.914,1
NP03428,3.309,1
NP04640,3.944,1
NP02258,3.19,1
NP01255,3.028,1
NP07554,3.47,1
NP05090,3.864,1
NP07573,3.805,1
NP08244,3.583,1
NP09586,3.027,1
NP11235,3.289,1
NP07365,3.085,1
NP01727,2.689,1
NP03041,3.384,1
NP02492,4.042,1
NP01748,3.096,1
NP07444,3.443,1
NP04679,4.099,1
NP07252,3.102,1
NP07322,4.039,1
NP01651,2.369,1
NP02102,3.171,1
NP07382,3.181,1
NP04157,3.182,1
NP05537,3.831,1
NP05939,2.522,1
NP09635,2.918,1
NP07011,3.75,1
NP04746,3.642,1
NP01324,3.859,1
NP09694,3.057,1
NP08579,3.374,1
NP01245,3.747,1
NP00064,3.309,1
NP09599,2.654,1
NP00786,3.609,1
NP09955,3.76,1
NP09419,3.325,1
NP11297,4.027,1
NP08659,3.379,1
NP04759,3.708,1
NP02928,3.468,1
NP06187,2.496,1
NP07249,3.833,1
NP01211,3.006,1
NP00028,3.901,1
NP04778,3.882,1
NP11356,4.177,1
NP10734,2.733,1
NP07725,2.845,1
NP06332,2.79,1
NP09165,3.345,1
NP05922,3.261,1
NP02270,2.953,1
NP08051,2.985,1
NP02531,3.716,1
NP07551,3.498,1
NP06347,3.56,1
NP06114,3.98,1
NP06967,3.239,1
NP06952,2.881,1
NP05468,3.426,1
NP06353,4.037,1
NP04665,4.097,1
NP10778,2.914,1
NP09418,3.006,1
NP01833,3.59,1
NP07912,3.816,1
NP04437,3.071,1
NP06830,3.588,1
NP10703,3.039,1
NP07278,3.323,1
NP10782,3.278,1
NP11066,4.02,1
NP01282,3.093,1
NP07559,3.655,1
NP04690,4.027,1
NP07966,3.414,1
NP03545,3.871,1
NP05174,3.439,1
NP04915,3.815,1
NP08009,3.531,1
NP01501,3.926,1
NP10658,3.278,1
NP01803,3.839,1
NP01675,2.624,1
NP01773,3.778,1
NP10629,3.368,1
NP07403,3.292,1
NP00045,3.973,1
NP07590,2.781,1
NP10820,3.553,1
NP06916,3.146,1
NP02370,2.55,1
NP00030,3.938,1
NP05094,3.345,1
NP02705,3.19,1
NP09876,3.737,1
NP01655,2.792,1
NP10801,2.732,1
NP11368,4.043,1
NP04769,3.588,1
NP06623,3.17,1
NP09786,3.25,1
NP04447,2.964,1
NP03783,3.243,1
NP08632,3.326,1
NP04826,3.351,1
NP07067,2.95,1
NP07123,3.078,1
NP01828,3.654,1
NP10797,3.022,1
NP06831,3.556,1
NP02828,3.027,1
NP09348,3.057,1
NP02809,3.17,1
NP02525,3.572,1
NP04922,3.696,1
NP00889,2.732,1
NP11361,4.139,1
NP04306,3.906,1
NP09885,3.631,1
NP05937,3.716,1
NP01883,3.031,1
NP04731,3.412,1
NP10649,3.182,1
NP11370,3.997,1
NP01013,2.777,1
NP00866,2.732,1
NP05267,2.664,1
NP03801,3.778,1
NP06346,3.606,1
NP09261,2.523,1
NP02578,3.404,1
NP06426,2.919,1
NP09795,3.99,1
NP06234,3.182,1
NP10348,2.855,1
NP07400,3.327,1
NP04879,3.29,1
NP04371,3.536,1
NP07646,3.808,1
NP04039,3.203,1
NP03763,3.745,1
NP05683,3.594,1
NP04303,3.882,1
NP05073,3.931,1
NP09133,3.453,1
NP09042,3.97,1
NP02010,3.05,1
NP06873,3.35,1
NP06593,3.57,1
NP08671,3.563,1
NP04920,3.765,1
NP09041,4.005,1
NP09592,3.393,1
NP03644,3.723,1
NP09069,3.669,1
NP07935,3.372,1
NP05663,3.027,1
NP05893,3.027,1
NP01822,3.602,1
NP07561,3.523,1
NP07807,3.584,1
NP06559,2.404,1
NP06934,2.563,1
NP05791,3.937,1
NP06207,3.837,1
NP05666,3.752,1
NP07406,3.393,1
NP01813,3.715,1
NP09044,4.049,1
NP08271,2.815,1
NP04229,3.319,1
NP05198,3.146,1
NP07318,2.823,1
NP10735,2.727,1
NP09662,3.169,1
NP07342,3.221,1
NP07153,2.085,1
NP07134,2.788,1
NP05181,3.835,1
NP01186,3.085,1
NP08248,4.031,1
NP02917,3.309,1
NP04646,3.911,1
NP07467,3.58,1
NP07096,3.14,1
NP11064,3.92,1
NP03761,3.621,1
NP07155,2.766,1
NP06909,3.264,1
NP08846,2.752,1
NP04940,3.64,1
NP03800,3.205,1
NP08593,2.692,1
NP02943,3.027,1
NP02587,3.499,1
NP06657,2.3,1
NP09845,3.394,1
NP09888,3.695,1
NP11399,3.918,1
NP07335,3.446,1
NP01820,3.601,1
NP05185,3.554,1
NP09901,2.689,1
NP09899,3.522,1
NP07177,2.914,1
NP07968,2.969,1
NP03028,3.553,1
NP11069,3.252,1
NP07138,2.689,1
NP09927,2.721,1
NP06880,2.953,1
NP02061,3.006,1
NP07955,3.376,1
NP02234,3.236,1
NP04032,3.938,1
NP03458,2.606,1
NP03805,3.677,1
NP07021,3.232,1
NP07937,3.795,1
NP02162,3.778,1
NP01817,3.785,1
NP09350,3.379,1
NP07077,2.258,1
NP11323,4.082,1
NP04783,3.535,1
NP04803,3.633,1
NP06923,3.197,1
NP04694,3.323,1
NP01905,2.407,1
NP07102,3.382,1
NP04220,3.483,1
NP06794,3.558,1
NP06193,3.526,1
NP11352,4.094,1
NP07659,3.586,1
NP07217,3.027,1
NP06221,3.837,1
NP02644,3.507,1
NP04807,3.727,1
NP08519,2.815,1
NP07423,3.379,1
NP03854,3.929,1
NP05739,3.361,1
NP07825,2.689,1
NP06922,3.027,1
NP11149,3.701,1
NP07969,3.328,1
NP03476,2.288,1
NP11398,3.844,1
NP06078,3.096,1
NP05764,3.049,1
NP00850,2.189,1
NP03810,3.764,1
NP07095,3.039,1
NP05540,3.901,1
NP05514,3.613,1
NP06895,3.5,1
NP10723,3.459,1
NP09536,3.271,1
NP00776,3.252,1
NP03795,3.856,1
NP09906,3.393,1
NP11106,3.952,1
NP05789,3.862,1
NP08721,2.845,1
NP10756,2.914,1
NP02949,3.109,1
NP08551,3.938,1
NP11076,3.547,1
NP06084,2.55,1
NP04661,3.897,1
NP06696,3.54,1
NP07706,3.917,1
NP09301,3.252,1
NP05130,3.749,1
NP07932,3.326,1
NP05743,3.056,1
NP07455,2.705,1
NP10630,3.682,1
NP04767,3.993,1
NP04424,3.724,1
NP09415,3.326,1
NP05023,3.364,1
NP06998,3.379,1
NP01307,3.97,1
NP08712,2.585,1
NP11360,4.03,1
NP05225,3.085,1
NP07337,2.79,1
NP01339,4.121,1
NP11366,4.035,1
NP06570,3.027,1
NP08080,3.745,1
NP04210,4.017,1
NP01536,3.828,1
NP06072,3.039,1
NP05037,3.987,1
NP07292,3.096,1
NP07808,2.983,1
NP02911,3.156,1
NP06400,3.511,1
NP04286,3.757,1
NP11078,3.723,1
NP11251,2.861,1
NP06545,2.522,1
NP09337,2.74,1
NP07166,1.91,1
NP07429,3.182,1
NP06898,3.432,1
NP07272,3.35,1
NP03716,2.918,1
NP07236,3.109,1
NP01400,3.705,1
NP06964,2.931,1
NP06749,3.452,1
NP04811,3.522,1
NP04871,3.63,1
NP05088,3.323,1
NP09695,3.499,1
NP07591,3.63,1
NP07242,3.0,1
NP07679,3.882,1
NP05172,3.574,1
NP04180,3.574,1
NP10812,3.547,1
NP06711,3.65,1
NP05166,3.908,1
NP04870,3.107,1
NP09204,3.406,1
NP09659,3.455,1
NP05202,3.774,1
NP00048,3.961,1
NP07546,3.676,1
NP01832,3.463,1
NP00037,3.734,1
NP05034,3.628,1
NP08700,2.664,1
NP07017,3.642,1
NP03208,3.022,1
NP03601,3.584,1
NP03600,3.458,1
NP06150,3.318,1
NP01244,3.946,1
NP09110,3.382,1
NP01724,2.61,1
NP09018,3.082,1
NP00759,3.156,1
NP10994,3.096,1
NP03491,3.252,1
NP02643,2.855,1
NP06920,3.128,1
NP02813,3.096,1
NP09675,3.264,1
NP08186,2.855,1
NP09661,3.455,1
NP06409,2.984,1
NP10955,3.096,1
NP07000,2.807,1
NP03950,4.021,1
NP06296,3.155,1
NP09593,3.393,1
NP07076,3.252,1
NP04651,3.961,1
NP05395,3.522,1
NP09053,4.033,1
NP01746,2.845,1
NP09714,3.057,1
NP03828,3.391,1
NP04274,3.859,1
NP04230,3.253,1
NP08949,2.845,1
NP05159,3.961,1
NP09040,3.99,1
NP02109,3.309,1
NP04662,3.767,1
NP01801,3.659,1
NP00905,3.25,1
NP08575,3.457,1
NP07596,3.541,1
NP08465,3.039,1
NP08609,3.027,1
NP01678,3.069,1
NP09003,3.635,1
NP06154,3.524,1
NP00784,3.393,1
NP05724,2.822,1
NP08959,2.855,1
NP00060,3.309,1
NP03480,2.914,1
NP05036,3.499,1
NP08679,3.096,1
NP02539,3.507,1
NP09776,3.335,1
NP05522,3.798,1
NP07490,3.892,1
NP09798,3.993,1
NP04657,4.069,1
NP02938,3.022,1
NP02056,1.781,1
NP07936,3.267,1
NP05177,3.607,1
NP05531,3.675,1
NP04794,3.646,1
NP02447,3.521,1
NP05116,3.57,1
NP06949,3.027,1
NP04339,3.744,1
NP02591,3.433,1
NP01862,3.797,1
NP04631,4.076,1
NP06009,2.661,1
NP07160,1.79,1
NP09758,3.182,1
NP01518,3.374,1
NP11304,3.915,1
NP02691,2.918,1
NP09929,3.895,1
NP07013,3.19,1
NP03777,3.67,1
NP00901,3.039,1
NP06728,3.669,1
NP07809,3.327,1
NP05687,2.413,1
NP04200,3.985,1
NP09106,3.499,1
NP06707,3.558,1
NP03587,3.22,1
NP02972,3.085,1
NP04949,3.831,1
NP00894,3.374,1
NP11293,4.017,1
NP01891,3.239,1
NP01968,3.688,1
NP06844,3.535,1
NP03887,2.991,1
NP07578,3.552,1
NP01924,2.828,1
NP04279,3.978,1
NP10788,3.057,1
NP07550,3.33,1
NP09414,3.459,1
NP09440,3.181,1
NP09285,3.614,1
NP04649,2.369,1
NP09904,3.542,1
NP01077,3.43,1
NP06754,1.828,1
NP00710,3.682,1
NP02003,3.572,1
NP00768,3.337,1
NP08906,2.732,1
NP02924,3.146,1
NP10832,2.654,1
NP07137,2.974,1
NP05534,3.9,1
NP07640,3.708,1
NP00817,3.384,1
NP06889,3.684,1
NP08461,3.182,1
NP06551,2.126,1
NP08512,2.855,1
NP03756,2.459,1
NP05838,3.278,1
NP08586,3.617,1
NP11375,4.011,1
NP07424,3.253,1
NP03768,3.483,1
NP01068,3.572,1
NP09919,3.575,1
NP06224,3.276,1
NP09052,4.046,1
NP09792,3.902,1
NP01969,3.768,1
NP06644,3.069,1
NP03788,3.614,1
NP06170,3.382,1
NP08451,3.325,1
NP05195,3.781,1
NP01253,3.351,1
NP09764,3.675,1
NP01794,3.549,1
NP06199,3.278,1
NP07027,3.81,1
NP05048,4.016,1
NP09355,3.356,1
NP08569,3.78,1
NP09948,3.455,1
NP01739,2.689,1
NP06867,2.753,1
NP02592,3.668,1
NP07063,3.029,1
NP06411,2.94,1
NP09353,3.857,1
NP08422,3.379,1
NP01963,3.332,1
NP06023,3.027,1
NP01795,3.645,1
NP10755,3.096,1
NP03536,3.096,1
NP01357,3.096,1
NP10350,3.863,1
NP04363,3.741,1
NP02596,3.351,1
NP06954,3.499,1
NP08265,3.326,1
NP08542,3.609,1
NP04817,3.266,1
NP04755,3.574,1
NP02645,3.384,1
NP08568,3.365,1
NP11395,3.863,1
NP03089,2.664,1
NP06055,2.807,1
NP10256,3.647,1
NP09683,3.572,1
NP07030,3.885,1
NP11358,4.055,1
NP05020,3.489,1
NP10383,3.929,1
NP04756,3.536,1
NP00800,2.845,1
NP08622,3.19,1
NP07196,1.408,1
NP08262,2.809,1
NP06079,2.752,1
NP08454,3.604,1
NP01178,3.278,1
NP05536,3.863,1
NP06161,2.522,1
NP10819,3.426,1
NP05843,3.252,1
NP06165,3.379,1
NP08458,3.366,1
NP01784,3.418,1
NP07687,3.816,1
NP09591,3.023,1
NP09590,3.181,1
NP06235,2.628,1
NP06845,3.221,1
NP09827,3.672,1
NP04734,3.264,1
NP01409,3.272,1
NP07493,3.609,1
NP09371,3.281,1
NP05493,3.342,1
NP11362,4.035,1
NP05043,4.031,1
NP01743,2.689,1
NP06299,3.182,1
NP02344,3.278,1
NP05105,3.536,1
NP04050,2.777,1
NP07210,3.382,1
NP04353,3.772,1
NP07705,3.626,1
NP03124,3.387,1
NP07094,2.522,1
NP01809,3.831,1
NP02244,3.085,1
NP11284,3.981,1
NP10977,2.931,1
NP07347,3.252,1
NP07032,3.261,1
NP09416,3.182,1
NP01649,2.828,1
NP02696,3.323,1
NP06667,2.585,1
NP05106,3.441,1
NP02684,3.44,1
NP11031,2.918,1
NP06690,3.01,1
NP10594,3.794,1
NP09464,3.296,1
NP03784,3.821,1
NP10358,2.689,1
NP05104,3.565,1
NP00353,4.019,1
NP05380,3.36,1
NP09149,3.974,1
NP05486,3.118,1
NP09475,3.607,1
NP06548,2.404,1
NP07894,3.156,1
NP06899,3.043,1
NP06989,3.039,1
NP01474,3.969,1
NP01732,2.845,1
NP07139,3.278,1
NP08450,3.252,1
NP06693,3.83,1
NP03802,3.631,1
NP08669,3.369,1
NP09397,3.181,1
NP02020,3.59,1
NP05856,3.572,1
NP06643,3.318,1
NP08517,2.626,1
NP02699,3.19,1
NP04772,3.454,1
NP04894,3.535,1
NP02000,2.884,1
NP10786,3.022,1
NP05756,3.516,1
NP06348,2.997,1
NP04175,2.87,1
NP07451,3.039,1
NP04673,4.081,1
NP01621,2.95,1
NP07115,2.664,1
NP01728,2.664,1
NP10827,3.022,1
NP06945,3.236,1
NP04304,3.861,1
NP04655,3.84,1
NP07907,3.096,1
NP08251,3.896,1
NP08256,3.923,1
NP08491,3.54,1
NP10627,3.278,1
NP07384,2.845,1
NP02950,3.301,1
NP06329,3.572,1
NP09766,4.003,1
NP03418,3.287,1
NP01193,3.393,1
NP00954,3.203,1
NP03522,3.24,1
NP01393,4.178,1
NP08155,3.182,1
NP06793,3.29,1
NP11299,4.112,1
NP02846,3.096,1
NP07240,3.375,1
NP06550,2.126,1
NP02650,3.453,1
NP01241,3.448,1
NP08994,3.801,1
NP04671,4.088,1
NP07228,2.997,1
NP09676,2.977,1
NP07047,2.664,1
NP10697,3.764,1
NP04795,3.522,1
NP11300,4.019,1
NP04834,3.499,1
NP03456,3.293,1
NP04813,3.522,1
NP04667,3.953,1
NP03106,3.096,1
NP03090,3.239,1
NP05158,3.739,1
NP10646,2.689,1
NP04754,3.607,1
NP02521,3.499,1
NP07906,3.013,1
NP01430,3.912,1
NP01827,3.867,1
NP05207,3.923,1
NP05109,3.578,1
NP02573,3.765,1
NP07893,2.3,1
NP10031,2.873,1
NP03832,2.886,1
NP10352,3.565,1
NP08259,2.984,1
NP00939,2.855,1
NP09866,3.128,1
NP10273,3.869,1
NP07222,3.22,1
NP10269,3.676,1
NP07419,3.24,1
NP05322,3.672,1
NP01239,3.172,1
NP01256,3.573,1
NP00775,2.855,1
NP02550,3.926,1
NP07286,3.414,1
NP08656,3.096,1
NP05411,3.261,1
NP04479,3.798,1
NP04765,3.68,1
NP01729,2.914,1
NP10597,3.994,1
NP08907,2.914,1
NP01041,3.096,1
NP01050,3.236,1
NP06648,3.592,1
NP06333,2.692,1
NP06554,2.727,1
NP08694,3.146,1
NP04355,3.824,1
NP11021,3.565,1
NP05002,3.896,1
NP11073,3.278,1
NP02669,3.027,1
NP06890,3.19,1
NP11239,3.694,1
NP04043,3.344,1
NP10148,3.039,1
NP11119,3.379,1
NP07913,3.852,1
NP02015,3.176,1
NP04348,3.626,1
NP06173,3.022,1
NP03455,3.203,1
NP07654,3.673,1
NP07426,2.953,1
NP07957,3.66,1
NP07944,3.286,1
NP06195,3.516,1
NP11068,3.022,1
NP11294,4.137,1
NP01619,2.664,1
NP06053,3.382,1
NP04729,3.565,1
NP02523,3.617,1
NP04354,3.753,1
NP08862,2.855,1
NP05751,3.418,1
NP05765,3.657,1
NP07320,3.181,1
NP07442,2.752,1
NP04846,3.404,1
NP05818,3.181,1
NP07356,2.657,1
NP07448,3.664,1
NP04933,3.831,1
NP02827,2.914,1
NP04057,3.101,1
NP05694,2.727,1
NP09360,3.657,1
NP09740,3.325,1
NP01198,2.873,1
NP07343,3.027,1
NP09002,3.785,1
NP02969,2.855,1
NP04824,3.662,1
NP01396,4.087,1
NP07148,2.064,1
NP02543,3.785,1
NP04342,3.844,1
NP11252,3.078,1
NP04284,3.65,1
NP04250,3.785,1
NP07332,3.489,1
NP08154,3.351,1
NP04916,3.655,1
NP07326,3.694,1
NP03858,3.916,1
NP04851,3.463,1
NP03534,3.624,1
NP11301,4.037,1
NP00605,2.689,1
NP00945,3.085,1
NP10896,2.845,1
NP04294,3.615,1
NP09869,3.304,1
NP06877,3.47,1
NP04917,3.857,1
NP08467,2.896,1
NP06326,3.039,1
NP00874,2.914,1
NP07901,2.966,1
NP01382,4.073,1
NP04367,3.858,1
NP08163,3.146,1
NP04641,4.049,1
NP11336,3.876,1
NP05758,3.387,1
NP07469,3.638,1
NP06292,3.277,1
NP08296,2.873,1
NP00359,3.845,1
NP11156,3.776,1
NP06049,3.239,1
NP11007,2.918,1
NP04706,3.47,1
NP05945,2.55,1
NP02005,2.617,1
NP01490,3.929,1
NP02962,3.22,1
NP00769,3.096,1
NP04041,3.196,1
NP06855,3.22,1
NP05007,3.736,1
NP08783,3.534,1
NP06941,2.401,1
NP04358,3.798,1
NP07352,2.626,1
NP01021,3.337,1
NP03518,3.239,1
NP01470,3.871,1
NP09767,3.5,1
NP02029,3.601,1
NP08668,3.273,1
NP09772,3.181,1
NP05502,3.869,1
NP07246,2.777,1
NP01863,3.252,1
NP07964,3.462,1
NP02298,3.998,1
NP03193,3.096,1
NP09156,3.984,1
NP02129,2.83,1
NP11005,2.753,1
NP02529,3.182,1
NP11292,3.992,1
NP08543,3.139,1
NP09404,3.281,1
NP06397,2.984,1
NP09595,3.181,1
NP04664,4.004,1
NP05740,3.343,1
NP02647,3.308,1
NP03481,2.948,1
NP10947,2.855,1
NP05886,3.447,1
NP04648,4.046,1
NP07512,2.918,1
NP06658,2.354,1
NP02160,3.384,1
NP00830,2.732,1
NP04207,3.943,1
NP05087,3.507,1
NP07042,3.337,1
NP08200,2.896,1
NP01317,2.867,1
NP06115,3.882,1
NP04957,3.65,1
NP09896,3.864,1
NP07736,3.379,1
NP09750,3.264,1
NP01319,4.074,1
NP11127,3.829,1
NP04073,2.914,1
NP08995,3.75,1
NP08152,3.441,1
NP07360,3.716,1
NP07489,3.315,1
NP05067,3.793,1
NP02702,3.057,1
NP01539,3.783,1
NP01385,4.086,1
NP04637,3.959,1
NP07182,2.061,1
NP04691,3.323,1
NP11046,2.3,1
NP09958,3.795,1
NP03830,2.868,1
NP09264,2.871,1
NP05182,3.605,1
NP05436,3.352,1
NP09036,3.534,1
NP07504,3.184,1
NP06371,3.359,1
NP06832,3.429,1
NP11160,3.776,1
NP06753,1.696,1
NP10739,3.252,1
NP07257,3.078,1
NP08578,2.873,1
NP06050,2.974,1
NP08466,3.093,1
NP07588,3.731,1
NP08263,3.379,1
NP07195,1.479,1
NP05143,3.736,1
NP11350,3.983,1
NP01296,3.169,1
NP11244,2.722,1
NP08162,3.146,1
NP05693,3.349,1
NP09438,3.456,1
NP03131,3.084,1
NP05434,4.127,1
NP01511,3.418,1
NP01892,3.704,1
NP07207,3.189,1
NP06166,3.325,1
NP06047,3.423,1
NP06915,3.572,1
NP08468,3.634,1
NP04222,3.536,1
NP09853,3.76,1
NP00356,3.875,1
NP09957,3.894,1
NP04792,3.843,1
NP07456,2.792,1
NP06186,4.142,1
NP08449,3.325,1
NP08055,3.281,1
NP11374,3.907,1
NP06683,3.631,1
NP06318,3.8,1
NP07739,2.845,1
NP03687,3.278,1
NP01410,3.455,1
NP08504,2.914,1
NP02524,3.236,1
NP07020,2.95,1
NP07525,3.239,1
NP04020,3.771,1
NP08082,3.753,1
NP06874,3.128,1
NP00712,3.328,1
NP03837,3.056,1
NP05696,3.236,1
NP10730,2.774,1
NP06897,3.283,1
NP05173,3.804,1
NP07471,3.418,1
NP01347,3.947,1
NP07308,3.41,1
NP01810,3.833,1
NP07008,3.422,1
NP08576,2.923,1
NP08541,3.754,1
NP05134,3.719,1
NP06046,3.266,1
NP04745,3.387,1
NP06888,3.203,1
NP05162,4.03,1
NP01398,4.054,1
NP00606,3.614,1
NP00664,3.432,1
NP02159,3.805,1
NP05381,3.471,1
NP02783,2.845,1
NP04374,3.704,1
NP06567,2.261,1
NP08811,2.918,1
NP01544,3.102,1
NP01961,3.042,1
NP01209,3.278,1
NP09872,3.814,1
NP01424,2.886,1
NP01418,3.039,1
NP08496,2.664,1
NP09799,3.979,1
NP07353,3.284,1
NP07428,3.102,1
NP09338,2.25,1
NP01786,3.655,1
NP04878,3.63,1
NP08332,2.664,1
NP10785,2.55,1
NP09246,2.47,1
NP04639,4.055,1
NP00887,2.914,1
NP02484,3.981,1
NP07205,3.623,1
NP08962,3.673,1
NP04959,3.873,1
NP07334,2.923,1
NP01722,2.689,1
NP04771,3.771,1
NP01471,3.94,1
NP06747,3.863,1
NP05144,3.522,1
NP05086,3.425,1
NP03421,2.815,1
NP08619,2.914,1
NP07245,2.815,1
NP11328,3.999,1
NP04796,3.244,1
NP01758,3.027,1
NP06868,3.328,1
NP02031,3.278,1
NP06105,2.994,1
NP08474,2.815,1
NP08837,2.914,1
NP06613,3.519,1
NP07287,2.842,1
NP03423,3.085,1
NP00599,3.236,1
NP07330,3.326,1
NP01879,2.845,1
NP06176,3.621,1
NP00281,3.815,1
NP07600,3.729,1
NP07948,3.607,1
NP06662,2.746,1
NP01720,3.432,1
NP02232,3.292,1
NP05941,2.664,1
NP09380,3.363,1
NP09368,3.578,1
NP04720,3.796,1
NP03234,3.22,1
NP07480,3.171,1
NP03533,3.547,1
NP02067,3.032,1
NP07171,1.855,1
NP07625,3.875,1
NP09863,2.781,1
NP03695,3.096,1
NP04292,3.97,1
NP01428,3.928,1
NP10942,2.664,1
NP07519,3.418,1
NP07150,1.584,1
NP03043,3.24,1
NP07256,3.625,1
NP04468,3.753,1
NP03804,3.9,1
NP06405,3.69,1
NP05165,3.628,1
NP09028,3.291,1
NP04404,3.772,1
NP08151,2.482,1
NP09746,3.379,1
NP05656,3.82,1
NP01405,3.738,1
NP06222,3.096,1
NP10737,3.418,1
NP00756,2.845,1
NP01358,4.089,1
NP10626,3.482,1
NP07461,3.096,1
NP02624,2.914,1
NP01342,3.944,1
NP04051,2.815,1
NP02450,3.512,1
NP07018,3.374,1
NP07481,3.669,1
NP02443,2.855,1
NP01526,2.931,1
NP02690,2.664,1
NP05483,3.663,1
NP09781,3.654,1
NP08476,3.379,1
NP04713,3.902,1
NP07529,3.239,1
NP02103,2.921,1
NP05325,3.762,1
NP07120,2.689,1
NP04730,3.146,1
NP01534,3.5,1
NP05895,3.093,1
NP00338,3.459,1
NP08408,3.085,1
NP00780,3.3,1
NP09877,3.181,1
NP08552,3.889,1
NP07276,2.914,1
NP01465,3.782,1
NP00910,3.912,1
NP07293,2.896,1
NP04784,3.714,1
NP02965,2.664,1
NP01243,3.937,1
NP01978,3.379,1
NP06978,3.195,1
NP04313,3.753,1
NP01251,3.871,1
NP03793,3.882,1
NP07799,3.461,1
NP06685,3.561,1
NP07185,1.593,1
NP04961,3.729,1
NP06402,3.379,1
NP03591,2.777,1
NP02013,3.47,1
NP04278,3.933,1
NP07497,3.731,1
NP09330,2.855,1
NP11302,3.926,1
NP05269,3.096,1
NP07225,3.139,1
NP05894,3.027,1
NP03852,3.654,1
NP06428,3.207,1
NP11032,3.601,1
NP07001,2.689,1
NP08247,3.954,1
NP09038,3.889,1
NP09806,3.513,1
NP09526,3.181,1
NP04283,3.779,1
NP07598,3.725,1
NP04700,3.455,1
NP10978,2.845,1
NP04299,3.863,1
NP07119,2.855,1
NP04280,3.975,1
NP09642,3.039,1
NP04938,3.765,1
NP11177,3.961,1
NP07219,3.337,1
NP06986,3.576,1
NP05908,3.097,1
NP08170,3.443,1
NP07856,3.61,1
NP06139,3.085,1
NP07796,3.393,1
NP05167,3.868,1
NP05311,3.323,1
NP03254,3.239,1
NP06891,3.393,1
NP07379,2.352,1
NP07248,2.895,1
NP02900,3.629,1
NP07363,2.79,1
NP10740,3.278,1
NP07657,3.497,1
NP00757,2.974,1
NP03033,2.664,1
NP05883,2.855,1
NP05221,3.864,1
NP09401,3.328,1
NP06328,2.799,1
NP00754,3.252,1
NP06912,3.574,1
NP08264,3.374,1
NP01719,3.082,1
NP00593,3.181,1
NP03426,2.918,1
NP02686,3.027,1
NP07083,2.985,1
NP02792,2.845,1
NP05884,3.085,1
NP09716,3.007,1
NP03847,2.914,1
NP09272,3.046,1
NP09894,3.732,1
NP10780,2.664,1
NP11295,4.058,1
NP04094,3.096,1
NP07341,2.815,1
NP02829,3.031,1
NP04932,3.914,1
NP11326,4.06,1
NP06337,2.931,1
NP02961,3.577,1
NP09636,3.085,1
NP07402,3.496,1
NP08469,3.039,1
NP06104,3.079,1
NP07817,2.118,1
NP07016,3.093,1
NP03849,2.732,1
NP04466,3.682,1
NP05498,3.022,1
NP02942,3.093,1
NP03369,3.166,1
NP01402,3.729,1
NP11327,4.036,1
NP01723,2.855,1
NP09670,3.169,1
NP00059,3.246,1
NP06717,3.536,1
NP10792,3.022,1
NP03543,3.022,1
NP01008,3.584,1
NP05149,3.284,1
NP00122,3.252,1
NP05854,3.613,1
NP07488,3.656,1
NP09985,2.595,1
NP04373,3.614,1
NP10895,3.22,1
NP09928,3.725,1
NP01399,3.817,1
NP07118,3.093,1
NP01129,3.096,1
NP05729,3.203,1
NP04928,3.831,1
NP10704,3.182,1
NP04986,3.553,1
NP05528,3.654,1
NP06834,3.429,1
NP07028,4.069,1
NP10355,3.852,1
NP04282,3.84,1
NP09897,3.712,1
NP04148,2.822,1
NP04761,3.753,1
NP07299,3.085,1
NP05459,2.835,1
NP07370,3.239,1
NP00853,2.585,1
NP04440,3.292,1
NP09854,3.695,1
NP03569,3.022,1
NP01804,3.788,1
NP11315,4.106,1
NP07296,3.197,1
NP01888,2.777,1
NP09918,3.542,1
NP05192,3.633,1
NP06327,2.777,1
NP03532,3.466,1
NP11372,4.075,1
NP07404,3.111,1
NP11359,4.119,1
NP05682,2.855,1
NP00809,3.418,1
NP03949,3.886,1
NP07121,3.022,1
NP06878,3.677,1
NP07078,2.412,1
NP09310,3.453,1
NP11316,4.129,1
NP01896,3.835,1
NP00791,3.246,1
NP06944,3.039,1
NP07849,3.453,1
NP01738,3.459,1
NP04238,3.745,1
NP09296,3.006,1
NP05093,2.987,1
NP05832,3.581,1
NP04022,3.961,1
NP04762,3.484,1
NP07350,2.855,1
NP05698,3.93,1
NP11152,3.792,1
NP04697,3.453,1
NP04844,3.345,1
NP00902,2.3,1
NP06048,3.573,1
NP11298,3.99,1
NP07552,3.768,1
NP09749,3.085,1
NP05141,3.697,1
NP07427,3.436,1
NP00626,2.76,1
NP04766,3.273,1
NP06700,3.781,1
NP09203,3.584,1
NP08539,3.45,1
NP00764,3.093,1
NP02354,3.278,1
NP06218,3.628,1
NP01510,4.045,1
NP05240,3.027,1
NP07142,1.959,1
NP09054,4.068,1
NP06715,3.565,1
NP09794,4.013,1
NP07566,3.468,1
NP00025,3.912,1
NP05150,3.823,1
NP03039,3.309,1
NP10647,3.642,1
NP09924,3.86,1
NP05124,3.685,1
NP07476,2.747,1
NP07304,3.363,1
NP05327,3.832,1
NP07399,3.431,1
NP05200,3.584,1
NP06141,3.308,1
NP04393,3.818,1
NP02080,3.389,1
NP03417,3.252,1
NP04996,3.55,1
NP06393,3.772,1
NP09039,3.872,1
NP07004,3.011,1
NP08275,2.815,1
NP01017,3.418,1
NP09800,3.959,1
NP04967,3.898,1
NP05524,3.436,1
NP05942,3.278,1
NP02025,3.396,1
NP08510,2.985,1
NP02053,3.453,1
NP07393,3.131,1
NP08983,3.782,1
NP02045,3.039,1
NP02193,3.404,1
NP07319,2.914,1
NP04461,3.726,1
NP08331,3.085,1
NP09410,3.054,1
NP03770,3.702,1
NP09762,3.63,1
NP08049,3.263,1
NP01791,3.612,1
NP07307,3.25,1
NP00908,3.326,1
NP06859,3.379,1
NP04405,3.809,1
NP07636,3.417,1
NP05201,3.7,1
NP07543,3.553,1
NP11355,4.154,1
NP09954,3.571,1
NP01965,3.332,1
NP03794,3.722,1
NP02966,2.732,1
NP08052,2.795,1
NP01154,3.085,1
NP09707,2.969,1
NP07460,3.621,1
NP05930,2.689,1
NP02595,3.668,1
NP08445,3.243,1
NP02486,4.109,1
NP11121,3.57,1
NP04142,3.096,1
NP11377,4.101,1
NP07085,2.646,1
NP01190,3.239,1
NP07258,3.203,1
NP00788,2.873,1
NP04633,4.059,1
NP02295,3.293,1
NP09048,3.832,1
NP07306,3.375,1
NP08260,2.975,1
NP06422,3.023,1
NP06698,3.935,1
NP09037,3.344,1
NP09729,3.325,1
NP08556,3.821,1
NP02824,3.149,1
NP02851,2.914,1
NP11376,4.06,1
NP04793,3.511,1
NP02968,3.384,1
NP11333,3.967,1
NP07711,3.84,1
NP06430,3.332,1
NP11324,4.074,1
NP07547,3.34,1
NP02240,3.182,1
NP09349,2.79,1
NP06499,3.545,1
NP06092,3.323,1
NP05914,3.651,1
NP11335,4.056,1
NP03841,3.13,1
NP09528,3.457,1
NP04481,3.022,1
NP05281,3.64,1
NP06716,3.621,1
NP03046,3.085,1
NP11403,3.961,1
NP05477,3.435,1
NP07704,3.818,1
NP05180,3.491,1
NP01182,2.914,1
NP06679,3.47,1
NP08918,2.845,1
NP08156,2.984,1
NP07537,3.204,1
NP10687,3.821,1
NP04876,3.516,1
NP03462,3.252,1
NP02933,3.239,1
NP06162,3.461,1
NP05888,3.181,1
NP11166,3.862,1
NP06191,3.356,1
NP06130,3.171,1
NP03749,3.278,1
NP02648,3.178,1
NP10718,3.182,1
NP10806,3.455,1
NP04960,3.883,1
NP07430,3.252,1
NP00026,3.941,1
NP10659,3.278,1
NP09400,3.239,1
NP10796,2.664,1
NP05622,3.369,1
NP11238,2.678,1
NP03178,2.664,1
NP04900,3.326,1
NP01325,4.011,1
NP00760,3.328,1
NP07549,3.607,1
NP10882,2.914,1
NP09893,2.459,1
NP05570,3.085,1
NP03551,3.725,1
NP10753,3.096,1
NP00062,3.584,1
NP09804,3.429,1
NP06702,3.546,1
NP05168,4.079,1
NP07482,3.337,1
NP09903,3.369,1
NP06858,2.664,1
NP03210,2.914,1
NP04366,3.8,1
NP05767,3.801,1
NP07517,3.239,1
NP03590,2.918,1
NP06361,3.494,1
NP04189,3.517,1
NP11341,4.006,1
NP06395,3.626,1
NP01967,3.755,1
NP02024,3.321,1
NP05122,3.644,1
NP01530,3.45,1
NP07154,2.388,1
NP03483,3.553,1
NP01609,2.845,1
NP02261,3.628,1
NP06272,2.855,1
NP01370,3.433,1
NP06876,3.077,1
NP03571,2.664,1
NP06992,3.011,1
NP02823,3.252,1
NP03798,2.999,1
NP04797,3.565,1
NP00748,2.855,1
NP04698,3.323,1
NP04382,3.5,1
NP01926,2.79,1
NP07235,3.19,1
NP03410,3.393,1
NP06917,3.181,1
NP04877,3.404,1
NP09009,3.501,1
NP06745,3.917,1
NP07338,3.287,1
NP01890,2.873,1
NP03116,3.572,1
NP07627,3.683,1
NP03850,3.096,1
NP09207,3.203,1
NP07374,3.039,1
NP11067,3.418,1
NP00040,3.979,1
NP03748,3.664,1
NP07070,3.393,1
NP07970,3.782,1
NP07477,3.537,1
NP06340,3.039,1
NP08627,3.181,1
NP08707,2.845,1
NP04905,3.55,1
NP09340,3.38,1
NP05186,3.47,1
NP00962,2.931,1
NP08614,3.418,1
NP00911,3.503,1
NP00990,3.404,1
NP01188,2.914,1
NP03843,2.816,1
NP09900,3.614,1
NP08249,4.095,1
NP02263,2.974,1
NP00919,3.831,1
NP07473,2.683,1
NP09342,3.0,1
NP05108,3.885,1
NP04965,3.923,1
NP09309,3.856,1
NP05820,3.031,1
NP07582,3.705,1
NP05030,3.621,1
NP06953,3.491,1
NP07009,3.684,1
NP04832,3.44,1
NP02685,3.027,1
NP05113,3.978,1
NP10732,2.692,1
NP10373,3.497,1
NP05684,3.374,1
NP05487,3.278,1
NP06536,2.55,1
NP04217,3.58,1
NP07518,3.239,1
NP03424,3.085,1
NP04860,3.345,1
NP08545,3.354,1
NP06398,3.323,1
NP04801,3.618,1
NP00925,3.096,1
NP09898,3.58,1
NP10943,2.664,1
NP00014,3.328,1
NP08079,3.693,1
NP06113,3.876,1
NP06355,4.02,1
NP04952,3.676,1
NP09429,3.398,1
NP04977,3.736,1
NP03676,2.664,1
NP04634,3.983,1
NP01567,3.096,1
NP01326,3.865,1
NP06983,3.642,1
NP09473,3.326,1
NP01677,4.005,1
NP06851,3.565,1
NP10759,3.022,1
NP09911,3.242,1
NP07049,3.431,1
NP04205,3.996,1
NP10321,3.754,1
NP06153,3.787,1
NP07719,3.19,1
NP08658,2.815,1
NP04804,3.55,1
NP06423,3.486,1
NP01394,4.001,1
NP10945,3.096,1
NP04370,3.774,1
NP04457,3.774,1
NP04717,3.584,1
NP02312,3.096,1
NP01321,3.967,1
NP02461,2.496,1
NP06699,3.935,1
NP06412,3.384,1
NP01016,3.252,1
NP05091,3.178,1
NP11309,4.021,1
NP00890,3.107,1
NP07381,3.027,1
NP11072,3.252,1
NP04156,3.003,1
NP07959,3.534,1
NP05228,3.374,1
NP05828,3.534,1
NP01661,2.482,1
NP06621,3.208,1
NP06547,2.222,1
NP00597,2.84,1
NP01355,3.972,1
NP07364,3.022,1
NP04243,3.909,1
NP05183,3.522,1
NP05826,3.205,1
NP10867,3.278,1
NP10837,3.093,1
NP04346,3.889,1
NP00871,3.096,1
NP06538,2.3,1
NP11245,3.416,1
NP02006,3.92,1
NP06211,3.876,1
NP01515,3.182,1
NP02522,3.471,1
NP09359,3.458,1
NP07041,3.239,1
NP06936,1.361,1
NP06314,2.482,1
NP07848,3.14,1
NP07961,3.146,1
NP00875,2.931,1
NP01478,3.975,1
NP06653,3.391,1
NP02687,2.664,1
NP06125,2.969,1
NP08140,3.379,1
NP04644,4.038,1
NP04703,3.831,1
NP01500,3.986,1
NP06705,3.786,1
NP09434,3.824,1
NP06908,3.427,1
NP05140,3.748,1
NP06335,3.022,1
NP07978,3.903,1
NP03430,2.918,1
NP06975,3.392,1
NP05213,3.556,1
NP06795,3.466,1
NP04645,4.022,1
NP05692,3.221,1
NP06856,2.595,1
NP00815,2.914,1
NP06670,2.966,1
NP01320,3.873,1
NP09369,3.155,1
NP07025,3.889,1
NP04455,3.899,1
NP07072,2.777,1
NP06036,2.777,1
NP01811,3.807,1
NP07125,2.496,1
NP06052,3.096,1
NP05001,3.499,1
NP07396,2.984,1
NP11158,3.953,1
NP01203,3.572,1
NP04179,3.502,1
NP07131,2.855,1
NP03588,3.55,1
NP00818,2.914,1
NP09780,3.366,1
NP03758,3.588,1
NP02101,3.373,1
NP01493,4.074,1
NP09633,2.914,1
NP07960,3.58,1
NP06188,2.549,1
NP01131,3.022,1
NP03546,3.807,1
NP08456,2.896,1
NP03714,3.006,1
NP02169,3.384,1
NP03070,3.312,1
NP04066,3.889,1
NP01156,3.374,1
NP07641,3.504,1
NP06325,3.027,1
NP06875,3.122,1
NP06407,3.384,1
NP02973,3.022,1
NP08405,3.027,1
NP05114,3.594,1
NP07678,3.745,1
NP01174,3.085,1
NP05282,3.64,1
NP06729,3.232,1
NP03641,2.918,1
NP08616,2.95,1
NP05778,2.732,1
NP06972,3.146,1
NP05075,3.913,1
NP05132,3.635,1
NP03422,3.027,1
NP06786,3.259,1
NP04935,3.846,1
NP04992,3.644,1
NP00950,3.492,1
NP01660,3.328,1
NP08145,3.455,1
NP02149,2.914,1
NP04710,3.246,1
NP05119,3.449,1
NP09793,3.934,1
NP09616,3.556,1
NP05935,3.027,1
NP08509,2.873,1
NP07440,3.252,1
NP07411,2.648,1
NP08229,3.29,1
NP01246,3.834,1
NP07367,3.175,1
