,OVPC_Aromatic,OVPC_Negative,OVPC_Positive,OVPC_Polar,OVPC_Hydrophobic,OVPC_Aliphatic,OVPC_Tiny,OVPC_Charged,OVPC_Small,OVPC_Imino_acid,y
peptide_nm_1,-1.23619,-0.01774,-0.4052,1.54076,-1.90608,-0.9117,-0.12767,-0.42702,1.57174,2.05043,0
peptide_nm_2,1.94158,0.04316,2.15245,0.86988,-0.71853,-0.82601,-1.77951,2.23061,-1.0788,2.26378,0
peptide_nm_3,-0.47117,-0.39894,-0.36273,-1.29461,0.78466,0.57366,1.36103,-0.66559,0.70162,-0.00411,0
peptide_nm_4,-0.80587,2.42336,-0.88292,1.21774,-1.98176,-1.37588,-0.49474,0.89053,0.16866,0.89475,0
peptide_nm_5,0.11091,0.15437,-0.15595,1.41436,-0.48466,-0.33047,-0.77404,-0.04512,-0.19878,-0.7232,0
peptide_nm_6,0.9769,1.16982,-0.4052,0.32945,-1.22498,-0.35469,-1.50421,0.45135,-0.38604,1.35702,0
peptide_nm_7,-1.23619,0.57604,-0.04691,0.51114,-1.45202,0.4112,-0.81594,0.37815,-0.63077,-0.7232,0
peptide_nm_8,-0.59071,0.57604,-0.54851,0.51114,-0.2601,0.89859,-0.81594,-0.13423,0.73969,-0.7232,0
peptide_nm_9,-0.59071,-0.11671,-0.04691,0.08718,-0.2601,1.38597,0.14764,-0.13423,-0.28815,-0.7232,0
peptide_nm_10,-0.37555,0.11421,1.79232,2.34831,-0.39254,-2.02572,0.79002,1.9153,0.39707,-0.7232,0
peptide_nm_11,1.94158,-0.80945,-0.317,1.91347,0.25945,-0.82601,-0.59357,-0.92252,-0.65712,-0.7232,0
peptide_nm_12,0.35269,0.89577,-0.317,0.60898,-0.71853,-1.42587,0.59237,0.33873,0.60791,-0.7232,0
peptide_nm_13,-0.1678,0.71937,0.38552,1.37368,-0.90401,-1.48792,0.347,0.92587,0.68061,-0.0537,0
peptide_nm_14,-1.23619,0.35728,-0.70692,-0.44834,-0.28101,-0.38401,0.65479,-0.45784,1.11836,0.29866,0
peptide_nm_15,0.11091,-0.32754,-0.15595,-0.94507,0.34449,-1.34762,1.2369,-0.40156,1.94628,1.80924,0
peptide_nm_16,-0.14906,2.69074,-1.12932,0.62271,-1.6193,0.02642,-0.96808,0.8366,-0.0357,1.32053,0
peptide_nm_17,-0.39881,-0.36011,-0.35872,-0.00448,-1.0225,-0.97192,0.61641,-0.63277,1.36009,2.42524,0
peptide_nm_18,-0.44175,1.74838,-1.55173,1.39168,-1.69651,-0.22615,0.59237,-0.29189,0.60791,-0.7232,0
peptide_nm_19,-1.23619,-0.22609,0.1379,-0.80536,-0.28101,-0.38401,-0.15665,-0.02636,0.25281,1.32053,0
peptide_nm_20,-0.69263,1.52401,-0.28451,0.26569,-1.28473,-0.38401,-0.15665,0.8366,0.82985,0.29866,0
peptide_nm_21,-1.23619,-0.80945,-1.55173,-0.66652,0.31378,0.14043,1.21828,-2.18376,1.61525,-0.7232,0
peptide_nm_22,-0.69263,0.35728,-1.12932,-0.80536,0.38813,0.02642,1.46622,-0.88932,1.69539,-0.7232,0
peptide_nm_23,-0.08866,1.03787,-0.65998,1.21774,-0.39254,-1.15926,0.79002,0.09349,1.61525,-0.7232,0
peptide_nm_24,-0.08866,0.42209,-1.10585,0.46404,-1.09886,0.14043,0.36177,-0.81741,-0.21202,-0.7232,0
peptide_nm_25,2.89491,1.40733,0.05342,2.12219,-2.0877,-2.02572,-1.77951,1.09548,-0.15111,3.15988,0
peptide_nm_26,0.9769,3.94081,-1.55173,1.54076,-1.90608,-0.35469,-1.2289,1.32972,0.39707,-0.7232,0
peptide_nm_27,-0.4985,0.77397,-0.4052,1.05624,-0.99795,-0.9117,-0.12767,0.15856,0.78863,0.66361,0
peptide_nm_28,-1.23619,-0.19368,-0.65998,-0.66652,-0.39254,1.00689,-0.06649,-0.81741,1.00616,0.35543,0
peptide_nm_29,-0.66243,1.65364,1.12351,2.34831,-1.45202,-1.15926,-0.923,2.37075,-0.51656,-0.7232,0
peptide_nm_30,0.05478,-0.11671,-0.54851,0.51114,-0.65741,-1.53834,0.62943,-0.64662,1.42491,0.49026,0
peptide_nm_31,-0.32492,0.16854,-0.37147,-0.11233,-0.14325,-0.19086,0.261,-0.25479,0.88076,0.98992,0
peptide_nm_32,-0.37555,0.11421,-0.88292,0.08718,-0.39254,-0.72603,0.79002,-0.81741,1.31071,0.89475,0
peptide_nm_33,-1.23619,0.89577,-0.317,-0.69551,-0.22954,0.37371,0.59237,0.33873,0.18623,-0.7232,0
peptide_nm_34,-1.23619,0.77397,-1.55173,0.57171,0.8183,1.31635,-1.77951,-1.0126,2.35486,-0.7232,0
peptide_nm_35,-0.59071,1.96153,-0.54851,1.35906,-1.05471,-1.53834,0.62943,0.89053,1.76752,0.49026,0
peptide_nm_36,-0.37555,1.96153,-0.88292,1.78303,-2.5115,-0.72603,0.14764,0.54894,0.39707,-0.7232,0
peptide_nm_37,-1.01645,0.13386,-1.03945,-0.85094,-0.16711,0.29713,0.68068,-0.96277,1.15519,0.10299,0
peptide_nm_38,-0.85368,1.65364,-0.95723,1.72022,-1.09886,-1.15926,1.36103,0.24531,0.49859,-0.7232,0
peptide_nm_39,-0.14906,0.94064,-0.70692,-0.09133,-0.61558,0.43685,-0.96808,-0.02636,0.54133,0.29866,0
peptide_nm_40,0.35269,2.60099,-0.62568,0.86988,-1.45202,-1.7258,0.88885,1.28467,0.81875,0.77029,0
peptide_nm_41,-0.12965,1.96153,0.4547,1.05624,-1.45202,-0.9117,-0.95359,1.9153,-0.7776,-0.02979,0
peptide_nm_43,3.06703,0.11421,0.4547,0.08718,-0.39254,-1.37588,-0.49474,0.54894,-0.05974,0.89475,0
peptide_nm_44,1.05886,1.03787,-0.65998,-0.66652,-0.39254,-0.72603,-0.06649,0.09349,0.39707,0.35543,0
peptide_nm_45,-0.52393,0.71937,-0.72148,-0.96541,-0.90401,0.12549,-0.18463,-0.20491,0.30256,1.95479,0
peptide_nm_46,-0.37555,1.2226,-0.08035,0.53941,-0.71038,-0.46609,0.27612,0.82221,0.21435,-0.39961,0
peptide_nm_47,-1.02964,0.96398,0.53496,0.90119,-0.81633,0.15776,-0.70031,1.25945,-0.26074,-0.7232,0
peptide_nm_48,-1.23619,0.04316,-0.317,0.34808,-0.22954,-0.22615,1.18534,-0.29189,1.45127,-0.7232,0
peptide_nm_49,-1.23619,3.34702,-0.54851,0.51114,-1.84932,-0.07618,-0.33415,1.9153,0.39707,-0.7232,0
peptide_nm_50,-0.29731,0.70199,-0.45731,0.39552,-0.87412,-0.96234,0.32284,0.05209,0.64625,1.04184,0
peptide_nm_51,-0.08866,0.01158,-0.06548,0.96651,-1.3343,-0.58162,-0.923,-0.05833,-0.71959,-0.7232,0
peptide_nm_52,-0.08866,0.42209,-0.21411,-1.42023,0.66694,1.00689,-0.06649,0.09349,-0.82111,-0.7232,0
peptide_nm_53,1.34574,0.11421,-0.21411,0.08718,0.1372,-0.07618,-0.17355,-0.13423,-0.05974,0.08578,0
peptide_nm_54,-0.37555,0.11421,-0.21411,-1.04338,0.66694,-0.07618,1.43241,-0.13423,-0.05974,-0.7232,0
peptide_nm_55,-0.02116,0.49454,-1.07963,-0.91037,-0.14325,-0.19086,0.48773,-0.73704,1.52568,1.56096,0
peptide_nm_56,-0.1678,0.71937,-0.99823,-0.26368,-0.68481,0.12549,0.08119,-0.4876,0.49159,-0.0537,0
peptide_nm_57,-1.23619,0.11421,-1.55173,-0.4781,-1.45202,-0.07618,0.79002,-1.50059,1.76752,0.89475,0
peptide_nm_58,-0.04453,0.46946,-0.00832,0.86988,0.25945,0.07378,0.29588,0.33873,0.81875,-0.7232,0
peptide_nm_59,-0.08866,-0.80945,-1.10585,-1.42023,-0.03938,0.14043,1.21828,-1.72831,0.70162,0.35543,0
peptide_nm_60,-0.26797,0.57604,-0.29771,-0.1248,-0.06145,0.4112,0.14764,0.12196,0.73969,-0.11647,0
peptide_nm_61,-0.37555,2.42336,-0.54851,0.65246,-1.71689,-0.72603,-0.17355,1.23212,0.16866,0.08578,0
peptide_nm_62,-1.23619,0.19818,-1.55173,-0.83782,-1.16307,0.10105,1.02362,-1.43848,0.64625,1.04184,0
peptide_nm_63,-0.69263,1.52401,-0.70692,1.33675,-1.6193,-0.79444,-0.15665,0.40512,0.54133,0.29866,0
peptide_nm_64,1.14713,0.04316,-0.317,0.86988,-0.47403,-0.82601,-0.29709,-0.29189,-0.0246,0.02355,0
peptide_nm_65,0.4851,-0.80945,0.23177,0.46404,-0.39254,0.14043,-0.06649,-0.36196,0.39707,-0.7232,0
peptide_nm_66,-0.78716,0.15437,-0.50489,1.11944,-1.31382,-1.00857,0.56659,-0.40156,1.4696,0.9651,0
peptide_nm_67,0.2392,2.88519,0.35916,1.21774,-1.60337,-1.65438,-0.67828,2.50088,-0.7776,0.20134,0
peptide_nm_68,0.05478,1.26878,0.4547,0.51114,-0.2601,-0.56357,-1.29773,1.40291,0.73969,1.70372,0
peptide_nm_69,0.18832,-0.80945,-0.44473,-1.19932,0.41121,-0.41231,1.41026,-1.05299,0.49159,-0.0537,0
peptide_nm_70,-1.23619,1.03787,-0.21411,0.65246,-0.39254,0.57366,-1.13713,0.54894,0.39707,-0.7232,0
peptide_nm_71,-0.29731,-0.80945,-1.55173,-0.22115,-0.58517,0.80997,0.32284,-2.18376,-0.35045,-0.7232,0
peptide_nm_72,-0.66243,0.42209,-0.21411,-0.28967,-0.39254,0.57366,-0.06649,0.09349,-0.51656,-0.7232,0
peptide_nm_73,-0.66243,0.42209,0.67764,1.21774,-0.7457,-0.2928,-0.923,1.00439,-0.21202,-0.7232,0
peptide_nm_74,1.71459,-0.01774,-0.4052,0.08718,-0.99795,-0.35469,-1.2289,-0.42702,0.00552,2.05043,0
peptide_nm_75,1.58047,-0.80945,-0.09251,1.01219,-0.58517,-0.60788,-1.77951,-0.6932,-0.35045,1.04184,0
peptide_nm_76,1.05886,1.03787,-1.10585,-0.28967,-1.09886,-1.59249,-0.06649,-0.36196,0.09253,1.43407,0
peptide_nm_77,1.14713,-0.38315,0.30036,0.34808,0.01496,-0.52608,0.29588,0.02342,-0.0246,-0.7232,0
peptide_nm_78,0.731,0.77397,-0.4052,-0.72036,0.21288,-0.16902,0.42295,0.15856,0.00552,0.20134,0
peptide_nm_79,-0.56989,0.26319,0.51943,0.41541,0.08594,-1.27106,1.45313,0.72525,0.48549,-0.7232,0
peptide_nm_80,-0.66243,-0.80945,-1.10585,-1.42023,0.66694,0.14043,1.64654,-1.72831,1.9198,0.35543,0
peptide_nm_81,0.03213,0.55173,-0.28451,0.3847,-0.39254,-0.11039,-0.15665,0.11746,0.25281,-0.38258,0
peptide_nm_82,0.90058,-0.04504,-0.16798,0.43805,-0.90401,-1.21902,-0.18463,-0.20491,0.30256,1.28529,0
peptide_nm_83,-0.08866,0.42209,-0.36273,-0.28967,0.07834,-0.2928,0.79002,-0.05833,1.10768,-0.7232,0
peptide_nm_84,-0.2526,0.77397,-0.02302,0.89473,-0.08983,-0.9117,0.79002,0.54894,0.52759,-0.7232,0
peptide_nm_85,0.2392,0.77397,-0.78737,1.86378,-0.69524,-0.54036,-0.31121,-0.23183,0.00552,-0.7232,0
peptide_nm_86,-1.23619,1.48377,-0.99823,0.20414,-0.90401,-0.14341,0.61282,0.07779,0.86964,-0.0537,0
peptide_nm_87,0.01566,0.19818,0.1507,0.18996,-1.16307,-0.37157,-0.61154,0.30051,-0.01822,0.45349,0
peptide_nm_88,-0.44175,0.89577,-0.317,-0.17371,-0.22954,1.57343,-1.18654,0.33873,-0.23544,-0.7232,0
peptide_nm_89,-1.23619,-0.80945,-0.88292,-1.04338,-0.39254,1.22351,0.14764,-1.50059,0.39707,0.89475,0
peptide_nm_90,-1.23619,0.89577,-0.317,0.86988,-1.20752,-1.42587,1.77831,0.33873,0.60791,-0.7232,0
peptide_nm_91,-1.23619,0.94064,-1.12932,-0.09133,-0.61558,0.02642,0.65479,-0.45784,1.69539,0.29866,0
peptide_nm_92,-0.66243,0.42209,0.23177,0.08718,-0.39254,-0.2928,-0.06649,0.54894,-0.51656,-0.7232,0
peptide_nm_93,-0.74439,-0.80945,-1.16955,-2.33545,0.8183,3.17305,-0.67828,-1.79338,-0.25552,-0.7232,0
peptide_nm_94,0.2392,2.75324,0.16807,1.2985,-1.45202,-0.6332,-1.2289,2.20809,-1.36494,-0.7232,0
peptide_nm_95,0.11091,0.15437,-0.50489,-0.65014,-0.48466,0.00858,0.23143,-0.40156,0.75458,0.9651,0
peptide_nm_96,-0.44175,-0.80945,0.30036,0.86988,-2.1855,-0.82601,1.77831,-0.29189,1.02959,0.77029,0
peptide_nm_97,0.05478,1.26878,0.4547,-0.33678,-0.65741,0.89859,-0.81594,1.40291,0.05446,-0.7232,0
peptide_nm_98,-0.2526,0.77397,-1.16955,-1.68941,0.51559,0.57366,0.79002,-0.62222,1.31071,-0.7232,0
peptide_nm_99,0.2392,0.77397,-0.97846,0.08718,-0.08983,-0.35469,-0.12767,-0.42702,0.39707,-0.7232,0
peptide_nm_100,1.94158,0.04316,-1.55173,0.86988,-0.22954,-0.22615,1.18534,-1.55314,0.60791,-0.7232,0
peptide_nm_101,-1.23619,0.77397,0.4547,0.57171,-0.99795,-0.07618,-1.50421,1.03693,-0.7776,1.35702,0
peptide_nm_102,-0.4985,0.37811,-0.69183,0.08718,-0.77092,-0.35469,-0.40298,-0.42702,-0.19026,0.66361,0
peptide_nm_103,0.35269,0.04316,-0.93436,-0.17371,0.25945,0.97357,-0.59357,-0.92252,1.02959,-0.7232,0
peptide_nm_104,1.00897,-0.32754,-0.85384,-0.94507,0.06811,0.34763,-0.10373,-1.11444,-0.43711,0.9651,0
peptide_nm_105,-0.44175,3.4536,0.30036,1.91347,-0.71853,-1.42587,-0.0006,2.86123,1.02959,-0.7232,0
peptide_nm_106,-0.04453,0.89577,0.91773,0.60898,-0.22954,0.37371,-1.48303,1.59998,-0.86796,-0.7232,0
peptide_nm_107,-1.23619,-0.01774,-0.4052,0.57171,-0.99795,-1.46871,2.07479,-0.42702,1.18019,-0.7232,0
peptide_nm_108,1.22279,0.77397,-0.4052,2.1868,-0.39254,-1.65438,0.05587,0.15856,0.26655,0.20134,0
peptide_nm_109,-0.44175,0.89577,-0.93436,-0.69551,-1.69651,-0.22615,-0.0006,-0.29189,0.18623,2.26378,0
peptide_nm_110,1.05886,-0.19368,-0.65998,-1.42023,-0.39254,0.14043,-0.49474,-0.81741,-0.51656,1.43407,0
peptide_nm_111,-0.80587,0.57604,0.4547,0.08718,-0.65741,-0.07618,-1.45832,0.89053,0.16866,1.70372,0
peptide_nm_112,-1.23619,0.42209,-0.36273,0.2128,-0.86342,-0.00398,0.50452,-0.05833,0.09253,-0.7232,0
peptide_nm_113,-0.80587,0.57604,-0.88292,0.36982,-0.65741,-0.40111,-0.17355,-0.47582,0.62548,-0.7232,0
peptide_nm_114,0.2392,0.77397,0.4547,0.57171,0.1372,-0.6332,-0.67828,1.03693,-0.7776,-0.7232,0
peptide_nm_115,-0.14906,-0.22609,-1.12932,-1.16238,-0.61558,0.43685,0.65479,-1.3208,1.11836,1.32053,0
peptide_nm_116,0.35269,0.04316,0.30036,-0.69551,-0.71853,0.37371,-1.18654,0.33873,-0.23544,2.26378,0
peptide_nm_117,-0.4985,2.35739,-0.4052,0.57171,-1.45202,-0.9117,-0.12767,1.32972,-1.16916,-0.7232,0
peptide_nm_118,-1.23619,1.20581,0.63711,-0.22115,-0.58517,0.10105,-0.37795,1.54265,0.64625,1.04184,0
peptide_nm_119,0.4851,0.11421,-0.21411,0.08718,-2.5115,-2.02572,0.79002,-0.13423,0.85389,2.5127,0
peptide_nm_120,-0.29731,0.19818,0.63711,1.32052,-0.87412,-1.3168,-0.37795,0.79737,-0.10127,-0.7232,0
peptide_nm_121,0.4851,-0.19368,-1.10585,0.08718,-0.39254,0.14043,-0.49474,-1.27286,0.70162,0.35543,0
peptide_nm_122,0.35269,0.89577,-0.317,0.60898,-1.20752,-1.12594,-0.0006,0.33873,1.02959,0.77029,0
peptide_nm_123,1.19387,0.49454,-1.07963,1.48376,-0.89111,-1.56701,0.03428,-0.73704,0.5583,0.41888,0
peptide_nm_124,-0.37555,-0.80945,0.4547,-1.04338,-0.92228,1.22351,-1.13713,-0.13423,-0.51656,4.13065,0
peptide_nm_125,0.05478,-0.11671,-0.04691,-0.76074,0.53451,-0.56357,1.11122,-0.13423,1.0823,0.49026,0
peptide_nm_126,-0.29731,0.19818,-0.45731,-0.52949,-0.58517,-0.25341,1.02362,-0.32056,0.89542,0.15932,0
peptide_nm_127,0.64158,1.20581,-0.09251,1.01219,-0.58517,-1.3168,-1.07873,0.79737,-0.35045,-0.7232,0
peptide_nm_128,0.4851,1.96153,-0.21411,1.21774,-0.92228,-0.72603,-0.49474,1.23212,-0.05974,-0.7232,0
peptide_nm_129,-0.4985,0.77397,-1.55173,1.54076,-2.36014,-1.46871,2.07479,-1.0126,2.35486,0.66361,0
peptide_nm_130,-1.23619,3.22107,-1.55173,1.62886,-1.74096,-1.3168,-0.37795,0.79737,0.64625,-0.7232,0
peptide_nm_131,-1.23619,0.42209,-0.65998,-0.28967,-1.45202,0.57366,-0.923,-0.36196,-0.21202,1.43407,0
peptide_nm_132,-1.23619,-0.19368,-1.10585,0.08718,-1.09886,0.14043,0.36177,-1.27286,-0.21202,0.35543,0
peptide_nm_133,-0.02116,1.14654,-0.60753,0.28669,-1.26505,-0.64958,-0.87262,0.22745,-0.08662,0.41888,0
peptide_nm_134,0.64158,-0.80945,-1.55173,-2.68783,1.14853,2.22782,-0.37795,-2.18376,0.64625,1.04184,0
peptide_nm_135,0.3945,2.10737,-1.12932,0.62271,-0.95016,-1.20487,-0.56236,0.40512,0.54133,-0.7232,0
peptide_nm_136,0.2392,1.56568,-0.4052,0.08718,-0.99795,-0.35469,-0.12767,0.74414,0.78863,-0.7232,0
peptide_nm_137,-0.08866,0.42209,-0.36273,0.2128,-0.62798,-0.58162,-0.6375,-0.05833,-0.1105,-0.00411,0
peptide_nm_138,-0.44175,2.60099,-0.93436,1.91347,-2.1855,-1.42587,-1.18654,0.96936,0.18623,0.77029,0
peptide_nm_139,-0.27992,0.42209,-0.36273,-0.03843,-0.51026,-0.58162,0.64727,-0.05833,0.29556,-0.00411,0
peptide_nm_140,-0.62868,-0.15746,-0.13542,0.28669,0.60462,0.72657,-0.87262,-0.25479,0.23584,-0.7232,0
peptide_nm_141,-1.23619,0.15437,-0.85384,-2.12478,0.06811,0.34763,1.57206,-0.758,2.18462,0.9651,0
peptide_nm_142,-1.23619,0.04316,-0.93436,0.86988,-0.71853,0.37371,-1.18654,-0.92252,0.60791,-0.7232,0
peptide_nm_143,0.70026,1.26878,0.95631,0.9351,-0.2601,-0.56357,-0.33415,1.9153,0.05446,-0.7232,0
peptide_nm_144,-0.37555,-0.80945,-1.55173,-1.04338,-0.39254,1.22351,0.14764,-2.18376,0.85389,0.89475,0
peptide_nm_145,-0.52393,1.86598,-0.99823,0.43805,-1.34241,-0.14341,0.347,0.36048,0.68061,-0.0537,0
peptide_nm_146,-1.23619,3.1491,-1.55173,0.08718,-1.45202,0.20232,-0.12767,0.74414,0.00552,-0.7232,0
peptide_nm_147,0.58635,-0.80945,-0.60753,0.28669,-0.89111,0.26785,-0.41917,-1.21928,0.23584,0.41888,0
peptide_nm_148,0.70026,1.26878,-1.05012,0.08718,-1.05471,-0.07618,-0.81594,-0.13423,-0.63077,0.49026,0
peptide_nm_149,-0.83897,0.46946,-0.00832,-0.43461,-0.96303,-0.22615,0.29588,0.33873,0.39707,0.02355,0
peptide_nm_150,-0.66243,1.03787,-0.21411,0.46404,-0.39254,-1.15926,0.36177,0.54894,1.00616,0.35543,0
peptide_nm_151,-1.23619,-0.01774,-1.55173,0.57171,-0.54389,-0.35469,0.42295,-1.59818,1.9633,0.66361,0
peptide_nm_152,-1.23619,-0.11671,-0.04691,0.9351,-0.2601,-0.56357,0.62943,-0.13423,0.73969,-0.7232,0
peptide_nm_153,-0.52393,0.33716,0.10877,-0.26368,-0.2464,0.3944,0.61282,0.36048,0.11353,-0.7232,0
peptide_nm_154,-0.66243,1.65364,-0.21411,0.08718,-0.39254,0.57366,-0.49474,1.00439,1.00616,-0.7232,0
peptide_nm_155,-0.80587,1.03787,0.1203,0.65246,-1.71689,-0.40111,-0.49474,0.89053,-0.51656,0.08578,0
peptide_nm_156,-1.23619,1.03787,-0.65998,0.84089,-0.7457,0.57366,-0.923,0.09349,0.70162,-0.7232,0
peptide_nm_157,-0.14906,0.35728,-0.28451,1.69377,-1.28473,-0.38401,-1.3738,-0.02636,-0.61273,0.29866,0
peptide_nm_158,-0.52393,2.63039,-0.72148,1.13978,-1.56162,-0.41231,-0.45044,1.20856,-0.0755,-0.7232,0
peptide_nm_159,-0.61027,0.19818,-1.06532,-0.63226,-0.97043,-0.37157,-0.14435,-0.94163,0.97848,2.21853,0
peptide_nm_160,-0.23673,0.62073,-0.25726,-0.45986,-0.32418,-0.5164,-0.03886,0.19634,0.13182,0.52941,0
peptide_nm_161,-1.23619,7.5035,-1.55173,2.20699,-3.83585,-2.02572,-0.81594,3.96483,-1.31599,0.49026,0
peptide_nm_162,-0.80587,-0.34762,-0.21411,-1.32602,1.19668,0.89859,0.79002,-0.47582,-0.28815,-0.7232,0
peptide_nm_163,-0.04453,1.74838,-0.317,0.08718,-0.47403,-0.82601,0.59237,0.96936,0.81875,0.02355,0
peptide_nm_164,-0.78716,-0.32754,-0.50489,-0.94507,0.06811,-0.33047,1.57206,-0.758,0.75458,0.12095,0
peptide_nm_165,-0.37555,1.96153,-1.55173,-0.4781,-0.39254,-0.07618,0.14764,-0.13423,0.39707,-0.7232,0
peptide_nm_166,0.05478,1.26878,-1.05012,0.51114,-0.85606,-0.56357,-0.09325,-0.13423,0.91099,-0.11647,0
peptide_nm_167,-0.85368,0.01158,-0.06548,0.2128,-0.1571,-0.87044,0.79002,-0.05833,1.10768,1.43407,0
peptide_nm_168,-0.12965,0.37811,-0.97846,-0.39734,-0.31686,-0.07618,0.14764,-0.71981,0.59285,0.66361,0
peptide_nm_169,-0.66243,1.03787,-0.21411,0.84089,-1.09886,-1.59249,0.79002,0.54894,0.70162,-0.7232,0
peptide_nm_170,0.64158,0.19818,-0.82212,0.39552,-1.16307,-0.60788,-0.37795,-0.6932,-0.35045,-0.7232,0
peptide_nm_171,-0.4985,0.37811,-0.97846,-0.88187,0.36424,-0.35469,1.24887,-0.71981,0.98441,0.66361,0
peptide_nm_172,-1.23619,0.77397,-0.78737,-0.72036,-0.69524,-0.16902,0.79002,-0.23183,0.52759,-0.7232,0
peptide_nm_173,-1.23619,0.19818,-0.09251,-0.83782,0.57063,0.10105,1.02362,0.05209,0.64625,-0.7232,0
peptide_nm_174,-0.04453,0.04316,-0.317,-0.69551,-0.22954,-0.22615,0.88885,-0.29189,0.60791,0.77029,0
peptide_nm_175,-0.62868,1.14654,-0.60753,-0.11233,0.23069,0.72657,-0.87262,0.22745,-0.40907,-0.7232,0
peptide_nm_176,-0.11361,1.35914,-0.33042,0.08718,-0.89924,0.34763,-0.43889,0.66776,-0.19878,0.54302,0
peptide_nm_177,-0.37555,0.11421,-1.55173,0.65246,-0.92228,0.57366,0.79002,-1.50059,0.85389,0.89475,0
peptide_nm_178,-0.37555,0.11421,-0.88292,-1.04338,0.1372,-0.07618,1.43241,-0.81741,1.31071,0.89475,0
peptide_nm_179,0.2392,0.77397,0.74134,2.99434,-2.36014,-1.46871,-0.67828,1.32972,-0.38604,-0.7232,0
peptide_nm_180,-0.27992,1.44839,-0.80861,0.33842,-0.7457,-0.58162,-0.06649,0.24531,0.49859,-0.00411,0
peptide_nm_181,-1.23619,-0.80945,-1.55173,-2.73922,1.19668,2.5232,0.14764,-2.18376,-0.51656,0.89475,0
peptide_nm_182,-0.59071,1.26878,-0.54851,-0.33678,-1.05471,0.89859,-1.29773,0.37815,0.05446,1.70372,0
peptide_nm_183,0.11091,-0.80945,-0.50489,-0.94507,0.06811,-0.33047,0.56659,-1.11444,-0.19878,0.12095,0
peptide_nm_184,0.4851,1.03787,-1.21732,0.08718,-0.12767,-0.72603,0.46883,-0.47582,0.62548,0.08578,0
peptide_nm_185,-0.44175,1.74838,-0.62568,1.13078,-0.47403,-0.52608,0.59237,0.65405,1.02959,-0.7232,0
peptide_nm_186,0.70026,-0.80945,-0.54851,0.9351,0.53451,-2.02572,0.14764,-1.159,1.42491,0.49026,0
peptide_nm_187,-1.23619,-0.15746,-1.07963,-1.70841,0.23069,0.26785,1.39462,-1.21928,1.52568,0.41888,0
peptide_nm_188,-0.08866,1.03787,-0.65998,-1.04338,-0.39254,0.14043,0.36177,0.09349,-0.21202,0.35543,0
peptide_nm_189,-0.72618,0.83261,-0.65998,-0.28967,-0.5495,-0.10025,0.12385,-0.05833,0.22788,-0.00411,0
peptide_nm_190,-1.23619,-0.01774,0.16807,-0.39734,-0.54389,0.75933,0.97356,0.15856,0.78863,-0.7232,0
peptide_nm_191,-0.12965,0.77397,-0.11856,0.57171,-1.22498,-0.35469,-0.95359,0.45135,0.20129,1.35702,0
peptide_nm_192,-0.62868,-0.80945,2.22508,1.08474,-0.51718,-2.02572,0.48773,1.67418,0.23584,0.41888,0
peptide_nm_193,-0.37555,0.57604,0.4547,0.36982,-0.92228,0.89859,-1.45832,0.89053,-0.97338,0.89475,0
peptide_nm_194,-0.74439,3.413,-1.16955,1.21774,-2.20879,-0.54036,-0.67828,1.32972,-0.51656,-0.7232,0
peptide_nm_195,-0.47117,1.24313,-0.06548,1.21774,-1.09886,-0.2928,-1.49401,0.85258,0.09253,-0.00411,0
peptide_nm_196,3.35392,1.65364,-0.65998,0.46404,-0.39254,-0.2928,-1.77951,0.54894,-1.12565,-0.7232,0
peptide_nm_197,0.70026,0.57604,0.95631,0.51114,-0.65741,0.4112,-1.29773,1.40291,-0.97338,-0.7232,0
peptide_nm_198,0.2392,-0.01774,-0.4052,-0.39734,-0.54389,0.20232,-1.2289,-0.42702,-0.7776,2.05043,0
peptide_nm_199,-0.29731,1.70962,-0.82212,0.39552,-0.58517,0.45551,-0.02756,0.42473,0.1479,-0.7232,0
peptide_nm_200,-1.23619,1.03787,-0.88292,0.65246,-0.92228,0.57366,0.14764,-0.13423,-0.05974,-0.7232,0
peptide_nm_201,-0.69263,-0.22609,0.5603,0.26569,-0.61558,0.02642,-0.15665,0.40512,-0.0357,-0.7232,0
peptide_nm_202,-0.37555,-0.80945,-1.55173,-2.73922,0.1372,0.57366,0.79002,-2.18376,0.85389,2.5127,0
peptide_nm_203,-0.88006,-0.04504,-0.99823,-0.26368,-0.0272,0.3944,-0.18463,-1.05299,0.86964,-0.0537,0
peptide_nm_204,-1.23619,0.77397,0.16807,0.57171,-1.45202,0.20232,0.42295,0.74414,0.78863,-0.7232,0
peptide_nm_205,1.19387,1.79853,0.80878,2.2818,-0.51718,-2.02572,-1.32607,2.15642,-0.73153,-0.7232,0
peptide_nm_206,-0.44175,1.74838,-0.93436,-0.17371,-0.71853,0.37371,-1.18654,0.33873,0.18623,0.77029,0
peptide_nm_207,0.4851,-0.80945,-0.21411,0.65246,-0.92228,-0.07618,-1.13713,-0.81741,0.39707,0.89475,0
peptide_nm_208,-0.4985,-0.01774,-0.97846,0.08718,-0.54389,-0.9117,-0.67828,-1.0126,1.18019,2.05043,0
peptide_nm_209,-0.02116,0.49454,0.33668,0.68572,-0.51718,-1.10829,-0.87262,0.70969,-0.73153,1.56096,0
peptide_nm_210,-0.44175,0.04316,-0.93436,-0.95641,0.01496,0.67364,0.29588,-0.92252,0.81875,0.77029,0
peptide_nm_211,-0.44175,0.89577,-0.00832,0.08718,0.25945,0.07378,0.29588,0.65405,-0.0246,-0.7232,0
peptide_nm_212,0.90058,-0.42725,-0.16798,0.90587,-1.12321,-0.95012,-0.98207,-0.4876,-0.0755,-0.0537,0
peptide_nm_213,-0.53837,0.08924,-0.1418,-0.00448,-0.24936,-0.12887,0.51224,-0.07884,0.47115,0.06391,0
peptide_nm_214,0.2392,2.35739,-0.4052,0.57171,-1.90608,-0.9117,-0.67828,1.32972,-0.7776,-0.7232,0
peptide_nm_215,-0.37555,1.03787,-1.55173,0.65246,-1.45202,0.57366,0.79002,-0.81741,-0.05974,-0.7232,0
peptide_nm_216,-1.23619,0.94064,-0.70692,0.26569,-0.95016,0.43685,0.24907,-0.02636,1.11836,-0.7232,0
peptide_nm_217,-0.23673,0.26319,0.26053,0.41541,-0.52924,0.23826,-1.03352,0.46079,-0.22184,0.52941,0
peptide_nm_218,-1.23619,0.89577,-0.93436,1.91347,-3.16348,-1.42587,-1.18654,-0.29189,0.60791,0.77029,0
peptide_nm_219,-0.69263,1.52401,0.1379,1.69377,-1.95387,-0.79444,0.24907,1.26808,0.54133,0.29866,0
peptide_nm_220,-0.33813,1.11819,-0.15595,0.23465,-0.48466,-0.33047,-0.43889,0.66776,0.51624,0.12095,0
peptide_nm_221,0.9769,2.35739,-0.4052,1.05624,-0.54389,-1.46871,0.42295,1.32972,-0.38604,-0.7232,0
peptide_nm_222,-1.23619,-0.30564,1.36672,1.62886,-0.29622,-0.96234,0.32284,1.17001,0.64625,0.15932,0
peptide_nm_223,1.05886,-0.19368,-0.21411,-0.28967,-0.03938,-0.2928,-0.06649,-0.36196,-1.12565,-0.7232,0
peptide_nm_224,0.17214,-0.80945,-1.18692,1.01219,-1.74096,-2.02572,1.37401,-1.81112,0.64625,0.15932,0
peptide_nm_225,0.4851,0.11421,0.4547,0.65246,-1.18715,-0.40111,0.46883,0.54894,0.85389,0.89475,0
peptide_nm_226,0.35269,0.89577,-1.55173,-0.17371,-0.22954,0.37371,-0.0006,-0.92252,-0.23544,-0.7232,0
peptide_nm_227,0.2392,-0.01774,-0.4052,-0.39734,0.36424,0.20232,-0.12767,-0.42702,-0.7776,-0.7232,0
peptide_nm_228,-0.66243,0.42209,-0.21411,-0.28967,-0.39254,-0.2928,0.36177,0.09349,0.70162,0.35543,0
peptide_nm_229,-0.4985,0.77397,-0.4052,-0.39734,0.36424,1.87336,-1.2289,0.15856,-1.16916,-0.7232,0
peptide_nm_230,0.4851,0.11421,-0.88292,0.65246,-0.39254,0.57366,-0.49474,-0.81741,0.39707,-0.7232,0
peptide_nm_231,0.4851,2.88519,-0.88292,1.21774,-0.39254,-0.72603,-1.13713,1.23212,-0.51656,-0.7232,0
peptide_nm_232,-0.88006,1.86598,-0.99823,-0.26368,-0.90401,0.12549,0.347,0.36048,1.05867,-0.0537,0
peptide_nm_233,-0.26797,0.92241,-0.54851,-0.33678,-0.2601,0.16751,-0.33415,0.12196,0.56838,-0.11647,0
peptide_nm_234,-0.2526,0.77397,-0.78737,-0.39734,-0.08983,0.945,-0.31121,-0.23183,0.26655,-0.7232,0
peptide_nm_235,-1.23619,2.45053,-1.07963,-0.51135,-1.26505,0.26785,-1.32607,0.70969,0.88076,1.56096,0
peptide_nm_236,0.2392,0.37811,-0.69183,0.08718,-0.31686,-1.19021,0.97356,-0.42702,0.59285,-0.02979,0
peptide_nm_237,-1.23619,-0.15746,-1.55173,-1.70841,0.23069,0.72657,0.48773,-1.70152,0.88076,1.56096,0
peptide_nm_238,1.34574,0.11421,0.4547,0.08718,0.1372,-1.37588,-0.49474,0.54894,-0.51656,0.89475,0
peptide_nm_239,0.29384,0.42209,-0.65998,0.46404,-1.09886,-0.00398,-0.923,-0.36196,0.09253,0.71498,0
peptide_nm_240,0.54445,-0.80945,0.38552,0.20414,-0.2464,-0.41231,-1.24789,-0.20491,-0.64258,0.61579,0
peptide_nm_241,-0.76675,3.72488,-0.82212,0.39552,-1.45202,-0.25341,-0.72834,1.9153,-0.10127,0.15932,0
peptide_nm_242,1.34574,-0.4136,-0.69183,0.81397,-0.08983,0.20232,-0.40298,-1.0126,0.00552,-0.7232,0
peptide_nm_243,-0.47117,0.83261,-0.36273,0.2128,-0.1571,-0.00398,-0.06649,0.24531,1.31071,-0.00411,0
peptide_nm_244,-0.29731,0.19818,0.63711,1.01219,-0.58517,-0.60788,-1.07873,0.79737,0.1479,-0.7232,0
peptide_nm_245,-0.44175,0.89577,0.91773,0.34808,-0.71853,-0.82601,-1.18654,1.59998,0.18623,2.26378,0
peptide_nm_246,-1.23619,0.94064,-0.70692,-1.16238,0.05356,0.43685,-0.15665,-0.02636,-0.32422,0.29866,0
peptide_nm_247,-0.44175,-0.80945,-0.317,-0.17371,-0.22954,0.37371,-0.59357,-0.92252,1.02959,0.77029,0
peptide_nm_248,-0.44175,0.89577,0.30036,-0.69551,0.25945,0.37371,-0.59357,0.96936,-1.0788,-0.7232,0
peptide_nm_249,-0.29731,0.70199,-0.82212,-0.52949,-0.00727,0.45551,0.67323,-0.32056,0.39707,0.15932,0
peptide_nm_250,-0.37555,-0.34762,0.1203,-0.4781,0.1372,-0.07618,0.14764,-0.13423,0.85389,0.89475,0
peptide_nm_251,-1.23619,0.89577,-0.93436,-0.69551,-0.22954,0.97357,0.59237,-0.29189,0.60791,-0.7232,0
peptide_nm_252,-1.23619,2.88519,-1.55173,1.21774,-2.5115,-1.37588,-0.49474,0.54894,1.31071,0.89475,0
peptide_nm_253,-0.44175,1.74838,-0.93436,-1.21731,-0.22954,0.37371,-0.0006,0.33873,-0.65712,-0.7232,0
peptide_nm_254,0.35269,1.10892,-0.93436,-0.30416,-0.47403,0.07378,-0.14885,-0.13423,0.71333,0.02355,0
peptide_nm_255,1.80138,-0.15746,0.80878,1.08474,-0.14325,-1.10829,-0.41917,0.70969,-0.08662,-0.7232,0
peptide_nm_256,-0.29731,2.21344,-0.09251,-0.22115,-0.00727,0.10105,-1.07873,1.54265,-1.34714,-0.7232,0
peptide_nm_257,0.35269,0.89577,-0.93436,0.86988,-0.71853,-0.82601,0.59237,-0.29189,0.60791,0.77029,0
peptide_nm_258,-0.02116,1.79853,-1.07963,0.28669,-1.26505,0.26785,-1.32607,0.22745,-0.73153,0.41888,0
peptide_nm_259,-0.4985,0.77397,-0.69183,-0.39734,-0.54389,1.03784,-1.50421,-0.13423,-0.19026,1.35702,0
peptide_nm_260,-1.23619,1.03787,-0.21411,-0.28967,-1.45202,-0.2928,1.21828,0.54894,1.00616,0.35543,0
peptide_nm_261,-0.86734,1.56568,-1.2651,-0.6396,-0.08983,0.48083,1.24887,-0.13423,1.18019,-0.7232,0
peptide_nm_262,0.74991,-0.38315,-1.24305,-0.69551,-0.71853,0.07378,-0.0006,-1.55314,-0.23544,0.77029,0
peptide_nm_263,0.29384,0.42209,-0.36273,0.2128,0.54922,-0.00398,0.21902,-0.05833,0.09253,-0.7232,0
peptide_nm_264,-0.80587,1.96153,-0.54851,0.08718,-0.92228,-0.07618,0.14764,0.89053,-0.05974,0.08578,0
peptide_nm_265,-1.23619,-0.80945,0.63711,0.39552,-0.00727,-0.60788,1.7244,0.05209,0.1479,-0.7232,0
peptide_nm_266,-0.29731,-0.80945,-0.09251,-0.22115,-0.58517,-1.3168,1.02362,-0.6932,0.64625,1.04184,0
peptide_nm_267,-0.66243,0.42209,-1.55173,-1.42023,-1.09886,1.44013,-0.06649,-1.27286,0.70162,2.5127,0
peptide_nm_268,-1.23619,4.03977,-0.54851,2.63095,-3.04124,-1.53834,0.14764,2.42768,0.39707,-0.7232,0
peptide_nm_269,-0.44175,0.04316,-0.62568,-0.17371,0.01496,0.37371,0.29588,-0.6072,0.39707,-0.7232,0
peptide_nm_270,0.2392,0.77397,0.16807,1.54076,-0.54389,-0.9117,-0.67828,0.74414,-0.7776,-0.7232,0
peptide_nm_271,-1.23619,1.20581,0.63711,1.01219,-1.16307,-2.02572,1.02362,1.54265,0.64625,-0.7232,0
peptide_nm_272,1.14713,-0.80945,-0.93436,-1.21731,0.74844,-2.02572,2.37128,-1.55314,1.45127,-0.7232,0
peptide_nm_273,-0.74439,-0.80945,-1.16955,-1.68941,1.12101,2.80171,-0.31121,-1.79338,-0.7776,-0.7232,0
peptide_nm_274,-0.29731,0.19818,-0.82212,-0.22115,-0.58517,-0.60788,1.37401,-0.6932,0.64625,0.15932,0
peptide_nm_275,-1.23619,0.04316,-1.55173,-0.17371,-0.22954,-0.22615,-1.18654,-1.55314,1.02959,0.77029,0
peptide_nm_276,-1.23619,-0.80945,-1.55173,-2.07116,1.14853,3.64567,-1.07873,-2.18376,-1.34714,-0.7232,0
peptide_nm_277,0.62619,1.18929,-0.89388,-0.07962,-0.67043,-0.74734,-0.01032,-0.03344,-0.00732,0.23166,0
peptide_nm_278,0.2392,-0.80945,-0.97846,0.08718,-0.99795,-1.46871,0.42295,-1.59818,1.9633,3.43724,0
peptide_nm_279,0.4851,-0.34762,-1.21732,-1.60866,-0.39254,-1.05095,1.7536,-1.50059,1.53912,3.32167,0
peptide_nm_280,-1.23619,0.42209,-0.21411,0.08718,-1.09886,-0.72603,1.21828,0.09349,0.70162,0.35543,0
peptide_nm_281,-0.4985,1.56568,-0.97846,1.05624,-1.90608,-0.35469,-0.67828,0.15856,-0.38604,-0.7232,0
peptide_nm_282,0.4851,0.11421,-0.88292,-0.4781,0.1372,-0.72603,1.43241,-0.81741,0.85389,-0.7232,0
peptide_nm_283,1.34574,0.11421,1.79232,1.78303,0.1372,-0.72603,-0.49474,1.9153,-0.05974,-0.7232,0
peptide_nm_284,0.2392,0.77397,-0.78737,0.57171,-0.69524,0.20232,-1.04536,-0.23183,-0.51656,0.20134,0
peptide_nm_285,0.4851,1.03787,-0.88292,-0.4781,-0.92228,-0.72603,0.79002,-0.13423,0.85389,0.89475,0
peptide_nm_286,0.29384,0.01158,-0.65998,0.2128,-0.1571,0.57366,-0.6375,-0.66559,0.29556,-0.7232,0
peptide_nm_287,-1.23619,-0.80945,0.30036,-1.21731,-1.69651,-0.22615,-0.0006,-0.29189,0.60791,3.75728,0
peptide_nm_288,0.2392,1.56568,-0.97846,0.57171,-1.45202,-0.35469,-0.12767,0.15856,0.00552,0.66361,0
peptide_nm_289,-0.2526,1.30177,-1.16955,-0.72036,-0.08983,-0.16902,0.42295,-0.23183,1.04967,0.20134,0
peptide_nm_290,-0.37555,0.11421,0.4547,0.65246,-1.45202,0.57366,-1.77951,0.54894,-1.4302,0.89475,0
peptide_nm_291,-0.69263,-0.80945,-1.12932,-1.16238,0.38813,-0.38401,3.08909,-1.75228,1.40688,-0.7232,0
peptide_nm_292,-0.44175,1.74838,0.91773,2.43527,-2.1855,-2.02572,-1.18654,2.23061,-0.23544,0.77029,0
peptide_nm_293,-0.62868,1.14654,-0.13542,0.68572,0.60462,-0.19086,-0.87262,0.70969,-0.73153,-0.7232,0
peptide_nm_294,-0.62868,-0.15746,-1.07963,0.28669,-2.01292,-0.64958,-0.87262,-1.21928,1.20322,3.84513,0
peptide_nm_295,-1.23619,0.83261,-1.25448,-0.54091,-0.1571,0.57366,1.36103,-0.66559,1.10768,-0.7232,0
peptide_nm_296,-0.59071,0.57604,-1.05012,0.51114,-0.65741,-0.80726,1.8339,-0.64662,0.73969,-0.7232,0
peptide_nm_297,0.29384,1.24313,-0.06548,1.72022,-1.09886,-1.44808,0.21902,0.85258,0.49859,-0.7232,0
peptide_nm_298,-0.47117,1.24313,0.23177,0.71527,-0.62798,-1.44808,0.50452,1.15621,0.29556,-0.00411,0
peptide_nm_299,0.64158,-0.80945,-1.55173,1.62886,0.57063,-1.3168,2.42519,-2.18376,2.14128,-0.7232,0
peptide_nm_300,-0.14906,-0.22609,-1.12932,-0.09133,-0.61558,-0.38401,0.24907,-1.3208,0.82985,0.29866,0
peptide_nm_301,0.58635,0.49454,0.33668,-0.91037,0.60462,0.26785,-0.41917,0.70969,-0.40907,0.41888,0
peptide_nm_302,0.05478,0.57604,-0.54851,0.08718,-0.2601,-0.07618,1.11122,-0.13423,0.39707,-0.7232,0
peptide_nm_303,-1.23619,0.04316,-0.317,-0.69551,0.25945,0.97357,-0.0006,-0.29189,1.87294,0.77029,0
peptide_nm_304,-0.52881,0.86073,-0.56226,-0.42389,-0.53767,-0.20971,0.12124,0.0623,0.81009,1.40451,0
peptide_nm_305,-1.23619,1.20581,-1.55173,-2.07116,0.57063,1.5189,1.02362,-0.6932,1.14459,-0.7232,0
peptide_nm_306,0.3945,-0.22609,-0.70692,-1.16238,0.05356,0.84728,-0.56236,-0.88932,0.25281,2.34239,0
peptide_nm_307,-0.29731,-0.80945,-0.82212,-0.22115,0.57063,0.80997,-0.37795,-1.43848,-0.35045,1.04184,0
peptide_nm_308,-0.29731,0.19818,-0.82212,-0.83782,-0.58517,0.10105,1.02362,-0.6932,-0.35045,-0.7232,0
peptide_nm_309,-0.08866,0.83261,-0.36273,-0.03843,-0.39254,-0.00398,-0.35199,0.24531,-0.31353,-0.00411,0
peptide_nm_310,-0.78716,-0.32754,-0.85384,-1.24,0.06811,1.36478,0.23143,-1.11444,0.2779,0.12095,0
peptide_nm_311,-1.23619,-0.80945,1.60123,0.81397,-0.54389,-1.19021,-0.12767,1.03693,0.59285,0.66361,0
peptide_nm_312,0.2392,0.77397,-0.4052,0.24869,-0.69524,-0.54036,-0.31121,0.15856,0.00552,0.20134,0
peptide_nm_313,1.94158,0.04316,-0.93436,-1.21731,0.74844,-0.82601,-0.59357,-0.92252,1.02959,0.77029,0
peptide_nm_314,-1.23619,0.89577,0.30036,0.86988,-0.71853,-0.22615,0.59237,0.96936,0.18623,-0.7232,0
peptide_nm_315,1.11102,-0.30564,-0.82212,0.70385,-0.58517,-0.60788,0.32284,-1.06584,0.1479,0.15932,0
peptide_nm_316,0.05478,0.57604,-0.54851,0.08718,-0.2601,-1.05095,0.62943,-0.13423,0.73969,0.49026,0
peptide_nm_317,-0.80587,0.57604,-0.54851,-0.76074,-1.45202,0.89859,-1.77951,-0.13423,-0.05974,3.32167,0
peptide_nm_318,0.05478,-0.80945,-1.05012,-0.76074,-0.2601,0.4112,-0.33415,-1.67138,-0.28815,0.49026,0
peptide_nm_319,-0.33813,1.11819,-0.50489,0.82451,-0.76105,-1.34762,0.90174,0.31132,0.75458,0.9651,0
peptide_nm_320,-1.23619,0.89577,-0.93436,-0.69551,-1.20752,-0.82601,-0.0006,-0.29189,0.60791,2.26378,0
peptide_nm_321,-0.86734,0.77397,-0.69183,0.32945,-1.45202,-0.9117,0.69826,-0.13423,0.39707,0.66361,0
peptide_nm_322,-0.44175,-0.80945,2.15245,0.86988,-0.22954,-1.42587,-0.0006,1.59998,-0.23544,-0.7232,0
peptide_nm_323,-0.14906,1.52401,-1.55173,-0.44834,-1.28473,-0.38401,0.65479,-0.45784,1.11836,0.29866,0
peptide_nm_324,-1.23619,-0.15746,-0.13542,0.28669,-0.89111,-0.19086,0.03428,-0.25479,0.5583,0.41888,0
peptide_nm_325,-0.04453,0.46946,0.30036,0.34808,-0.22954,0.07378,-0.0006,0.65405,0.39707,0.02355,0
peptide_nm_326,0.731,0.77397,1.50569,2.1868,-0.69524,-1.28304,-0.67828,2.11049,-0.25552,-0.7232,0
peptide_nm_327,-0.15538,0.86603,-0.52518,0.56044,-1.30418,-0.12152,-0.52462,0.10408,0.52456,1.08288,0
peptide_nm_328,-1.23619,0.77397,-0.4052,-0.39734,-0.54389,-0.35469,0.42295,0.15856,0.39707,-0.7232,0
peptide_nm_329,-0.66243,-0.19368,-0.65998,-0.28967,-0.03938,-0.2928,0.36177,-0.81741,1.00616,0.35543,0
peptide_nm_330,0.28259,0.49454,-0.60753,0.28669,-0.33021,-0.42022,0.261,-0.25479,0.39707,-0.15216,0
peptide_nm_331,-0.08866,1.03787,-1.10585,-0.28967,-0.39254,0.14043,-0.923,-0.36196,-0.21202,-0.7232,0
peptide_nm_332,0.61751,-0.24105,-0.52279,0.08718,-0.39254,-0.4261,0.29588,-0.71231,0.81875,1.01921,0
peptide_nm_333,-0.44175,0.89577,-0.317,0.34808,0.25945,-0.22615,-0.59357,0.33873,0.18623,-0.7232,0
peptide_nm_334,0.11091,0.63628,-0.15595,0.23465,0.34449,-0.33047,0.56659,0.31132,0.03956,-0.7232,0
peptide_nm_335,0.2392,0.24616,-0.4052,0.24869,-0.39254,-0.54036,0.79002,-0.23183,0.26655,-0.7232,0
peptide_nm_336,0.17214,1.20581,0.63711,0.39552,-0.58517,-0.25341,-0.72834,1.54265,-0.59962,-0.7232,0
peptide_nm_337,-0.93243,0.49454,-0.60753,-0.51135,0.04372,0.0385,0.48773,-0.25479,0.71953,-0.15216,0
peptide_nm_338,1.44137,-0.39894,0.23177,0.46404,-0.1571,-0.87044,-0.06649,-0.05833,-0.1105,-0.7232,0
peptide_nm_339,-0.37555,0.57604,0.1203,0.9351,-0.92228,-0.07618,-0.49474,0.54894,0.16866,0.08578,0
peptide_nm_340,-1.23619,0.77397,0.16807,1.05624,-0.54389,0.20232,-0.67828,0.74414,0.39707,-0.7232,0
peptide_nm_341,0.2392,1.56568,-0.97846,0.08718,-1.45202,-0.9117,-0.12767,0.15856,1.57174,2.05043,0
peptide_nm_342,-0.08866,-0.19368,-1.10585,-1.42023,-0.03938,0.14043,0.36177,-1.27286,0.39707,0.35543,0
peptide_nm_343,0.4851,0.11421,-0.21411,0.9351,-0.65741,-0.40111,-0.17355,-0.13423,0.39707,-0.7232,0
peptide_nm_344,-0.14906,1.52401,-0.28451,-0.09133,-0.95016,0.43685,-1.3738,0.8366,-1.18977,-0.7232,0
peptide_nm_345,0.05478,0.11421,-0.21411,0.08718,0.40207,-0.40111,0.14764,-0.13423,0.39707,-0.7232,0
peptide_nm_346,-0.29731,0.19818,-1.55173,-0.83782,-0.00727,0.80997,1.02362,-1.43848,0.1479,-0.7232,0
peptide_nm_347,-1.23619,0.77397,-0.97846,0.08718,-0.99795,-0.9117,0.97356,-0.42702,1.57174,2.05043,0
peptide_nm_348,-0.08866,1.24313,0.23177,0.71527,-1.56974,-1.7369,1.07553,1.15621,0.49859,0.71498,0
peptide_nm_349,-0.62868,1.79853,0.33668,0.68572,-0.89111,0.26785,-0.41917,1.67418,-0.73153,-0.7232,0
peptide_nm_350,0.37752,-0.11671,-0.04691,0.72312,-1.05471,-1.05095,0.38853,-0.13423,0.91099,-0.11647,0
peptide_nm_351,1.48164,0.35728,-1.12932,0.62271,-0.61558,-0.79444,0.65479,-0.88932,0.54133,0.29866,0
peptide_nm_352,-0.4985,1.56568,-0.11856,0.57171,-1.45202,-0.35469,-0.67828,1.03693,-0.19026,0.66361,0
peptide_nm_353,-0.23673,-0.09436,-0.77505,-0.67868,-0.52924,0.99292,-0.53619,-0.86149,0.13182,1.15571,0
peptide_nm_354,-0.14906,0.35728,-1.55173,-1.87642,0.38813,2.07857,-0.15665,-1.3208,-0.61273,0.29866,0
peptide_nm_355,-0.08866,0.42209,-0.36273,0.96651,-0.86342,-0.87044,0.50452,-0.05833,0.29556,-0.7232,0
peptide_nm_356,0.05478,-0.11671,-0.54851,-2.03262,0.1372,0.4112,0.14764,-0.64662,1.0823,1.70372,0
peptide_nm_357,-0.47117,0.42209,-0.65998,-0.03843,-0.1571,-0.58162,0.79002,-0.36196,0.49859,-0.00411,0
peptide_nm_358,0.58635,-0.15746,0.33668,0.68572,-0.14325,-1.10829,0.94117,0.22745,0.5583,0.41888,0
peptide_nm_359,-1.23619,2.88519,-0.88292,0.65246,-1.98176,-0.07618,-0.49474,1.23212,-0.05974,0.89475,0
peptide_nm_360,-0.29731,-0.80945,-0.09251,1.01219,-1.16307,-0.60788,0.32284,-0.6932,0.1479,-0.7232,0
peptide_nm_361,1.34574,0.11421,-1.55173,0.65246,-0.92228,-0.07618,-1.13713,-1.50059,0.85389,-0.7232,0
peptide_nm_362,-0.52393,-0.04504,-0.72148,-1.19932,-0.2464,0.3944,0.61282,-0.7703,0.49159,0.61579,0
peptide_nm_363,0.3945,3.2741,-1.55173,-0.09133,-1.28473,-1.20487,-0.56236,0.8366,-0.0357,1.32053,0
peptide_nm_364,0.4851,2.88519,-1.10585,0.08718,-0.7457,-0.72603,-0.06649,1.00439,1.31071,-0.7232,0
peptide_nm_365,0.18832,0.33716,0.10877,0.67196,-0.68481,-0.68121,-0.45044,0.36048,-0.26452,-0.0537,0
peptide_nm_366,0.17214,-0.30564,-0.82212,-1.76282,0.57063,0.45551,1.37401,-1.06584,0.89542,-0.7232,0
peptide_nm_367,-0.02116,1.79853,-0.60753,0.28669,-0.89111,-0.64958,0.03428,0.70969,-0.08662,0.41888,0
peptide_nm_368,-0.29731,1.20581,-0.09251,1.62886,-1.74096,-0.60788,-1.77951,0.79737,-0.84879,-0.7232,0
peptide_nm_369,-0.62868,0.49454,-0.13542,-0.11233,-0.89111,-0.19086,0.03428,0.22745,0.5583,0.41888,0
peptide_nm_370,-0.83897,-0.38315,-0.317,0.08718,-1.45202,0.37371,0.29588,-0.6072,0.60791,0.77029,0
peptide_nm_371,-0.59071,-0.80945,-1.05012,-2.03262,1.32912,1.38597,1.11122,-1.67138,1.0823,-0.7232,0
peptide_nm_372,-0.66243,0.42209,-0.21411,0.08718,-0.39254,1.44013,-0.923,0.09349,-0.51656,-0.7232,0
peptide_nm_373,-0.29731,0.70199,-0.82212,0.39552,-0.58517,0.45551,-0.02756,-0.32056,0.64625,-0.7232,0
peptide_nm_374,-0.4985,-0.4136,-0.11856,-0.6396,-0.08983,-0.6332,1.24887,-0.42702,0.39707,-0.7232,0
peptide_nm_375,-0.08866,0.17579,-0.30328,-0.13893,-0.81633,0.40037,0.10481,-0.17978,0.82344,0.13971,0
peptide_nm_376,-0.44175,-0.80945,-1.55173,-2.2609,1.72642,2.17329,-0.0006,-2.18376,1.02959,-0.7232,0
peptide_nm_377,-0.33813,0.15437,0.19299,1.11944,-0.76105,-0.33047,-0.10373,0.31132,-0.19878,-0.7232,0
peptide_nm_378,0.29384,0.83261,-1.25448,-0.03843,-0.39254,-0.87044,1.07553,-0.66559,0.70162,-0.7232,0
peptide_nm_379,-0.37555,0.11421,-0.21411,-0.4781,0.1372,-0.07618,0.79002,-0.13423,1.31071,0.89475,0
peptide_nm_380,1.34574,1.56568,-0.4052,0.32945,-0.08983,-0.9117,-0.12767,0.74414,-0.19026,-0.02979,0
peptide_nm_381,-0.4985,-0.01774,-0.97846,0.08718,0.8183,0.75933,-0.67828,-1.0126,0.39707,-0.7232,0
peptide_nm_382,-1.23619,1.65364,0.67764,0.84089,-1.09886,-1.15926,0.36177,1.9153,1.00616,-0.7232,0
peptide_nm_383,-0.44175,0.89577,-0.93436,-0.69551,-0.22954,0.97357,-0.59357,-0.29189,0.18623,0.77029,0
peptide_nm_384,1.71459,-0.80945,-0.4052,-0.88187,-0.08983,-0.35469,-0.67828,-1.0126,0.00552,0.66361,0
peptide_nm_385,-1.23619,1.20581,0.2723,0.08718,-1.16307,-0.96234,1.02362,1.17001,0.1479,-0.7232,0
peptide_nm_386,-1.23619,-0.80945,-0.88292,2.91359,-3.57098,-2.02572,2.71718,-1.50059,2.68116,-0.7232,0
peptide_nm_387,-0.14906,0.94064,-1.12932,-0.80536,0.05356,1.25771,-0.15665,-0.45784,0.54133,-0.7232,0
peptide_nm_388,0.70026,-0.11671,-0.54851,0.51114,-0.2601,-0.56357,0.14764,-0.64662,0.39707,-0.7232,0
peptide_nm_389,0.54445,0.33716,-0.72148,-0.26368,0.192,-0.14341,0.08119,-0.4876,0.11353,-0.0537,0
peptide_nm_390,-0.4985,0.77397,0.16807,0.08718,-0.08983,0.20232,0.42295,0.74414,0.39707,-0.7232,0
peptide_nm_391,-0.04453,-0.80945,-1.55173,-2.2609,1.72642,0.67364,1.48182,-2.18376,1.02959,-0.7232,0
peptide_nm_392,-0.74439,-0.80945,-0.4052,1.86378,-3.41962,-2.02572,1.89126,-1.0126,2.09382,2.05043,0
peptide_nm_393,-0.44175,0.04316,0.91773,1.91347,-1.20752,-0.22615,0.59237,0.96936,0.18623,-0.7232,0
peptide_nm_394,-0.37555,1.03787,0.1203,0.36982,-0.39254,0.57366,-1.45832,0.89053,-0.05974,0.08578,0
peptide_nm_395,-0.14906,0.35728,-0.70692,-0.80536,-0.28101,0.43685,-0.96808,-0.45784,1.11836,3.36425,0
peptide_nm_396,-0.44175,0.04316,-0.317,-1.21731,0.25945,0.97357,-0.0006,-0.29189,0.18623,0.77029,0
peptide_nm_397,-0.37555,0.11421,-0.88292,-0.4781,-0.39254,-0.72603,2.07479,-0.81741,1.31071,-0.7232,0
peptide_nm_398,-0.86734,0.37811,-0.97846,-0.88187,-0.31686,-0.07618,1.52418,-0.71981,1.37597,0.66361,0
peptide_nm_399,0.731,1.30177,-0.78737,-0.39734,-0.39254,-0.9117,0.05587,0.15856,1.04967,1.12589,0
peptide_nm_400,-0.14906,1.52401,-1.12932,-0.44834,-0.61558,0.84728,-0.56236,-0.02636,0.54133,0.29866,0
peptide_nm_401,-0.12965,0.37811,-0.97846,0.32945,-0.54389,-0.07618,0.42295,-0.71981,0.39707,-0.02979,0
peptide_nm_402,-0.33813,0.63628,0.19299,0.52958,-1.31382,-0.33047,-1.1092,0.66776,-0.43711,0.12095,0
peptide_nm_403,-0.44175,0.04316,-0.00832,-0.95641,-0.47403,0.37371,-0.29709,0.02342,0.39707,0.77029,0
peptide_nm_404,-0.76675,-0.30564,-1.55173,-1.45449,0.28168,0.10105,1.02362,-1.81112,1.39376,1.04184,0
peptide_nm_405,0.2392,0.24616,-0.78737,-0.72036,-0.99795,0.945,-1.04536,-0.62222,0.78863,1.12589,0
peptide_nm_406,-0.02116,0.49454,-0.60753,1.08474,-1.63898,-1.10829,0.03428,-0.25479,1.20322,0.41888,0
peptide_nm_407,1.71459,-0.01774,-0.4052,-0.39734,-0.08983,-0.35469,-0.12767,-0.42702,0.78863,-0.7232,0
peptide_nm_408,-0.69263,0.94064,-1.12932,-1.87642,0.05356,-0.38401,1.46622,-0.45784,1.40688,1.32053,0
peptide_nm_409,0.731,2.88519,-0.78737,0.57171,-1.90608,-0.54036,-1.41244,1.32972,0.52759,2.05043,0
peptide_nm_410,-0.52881,0.86073,-0.01255,0.13365,-0.79891,-0.31654,-0.08995,0.62381,0.13425,0.34066,0
peptide_nm_411,-0.69263,0.94064,-0.28451,-0.09133,0.38813,-0.38401,0.65479,0.40512,0.82985,-0.7232,0
peptide_nm_412,-1.23619,4.97347,-1.20278,2.00422,-2.97214,-0.66952,-0.77404,2.44996,0.51624,0.12095,0
peptide_nm_413,0.28259,0.16854,-0.84358,0.88523,-1.07808,-0.42022,-0.19245,-0.73704,0.23584,0.41888,0
peptide_nm_414,-1.23619,0.33716,-0.99823,0.43805,-1.34241,0.3944,-0.45044,-0.7703,0.30256,0.61579,0
peptide_nm_415,-0.69263,0.94064,-0.70692,-0.09133,0.05356,0.02642,-0.56236,-0.02636,-0.32422,-0.7232,0
peptide_nm_416,-1.23619,0.04316,-1.55173,-0.69551,-0.22954,-0.82601,2.37128,-1.55314,1.87294,-0.7232,0
peptide_nm_417,1.34574,0.57604,-1.55173,-0.76074,-0.2601,-0.07618,-0.33415,-1.159,0.39707,0.49026,0
peptide_nm_418,-0.4985,-0.01774,-0.4052,-0.88187,-0.54389,0.20232,-0.12767,-0.42702,0.39707,0.66361,0
peptide_nm_419,-0.4985,2.35739,0.16807,0.57171,-1.90608,-0.9117,-0.12767,1.9153,0.00552,-0.7232,0
peptide_nm_420,-0.33813,-0.80945,-1.55173,-1.24,0.34449,0.00858,1.2369,-2.18376,1.70794,0.12095,0
peptide_nm_421,0.9769,-0.01774,-0.97846,2.02529,-0.54389,-2.02572,1.52418,-1.0126,1.57174,-0.7232,0
peptide_nm_422,-0.08866,-0.19368,-1.10585,-0.28967,-0.39254,-0.72603,0.79002,-1.27286,1.00616,1.43407,0
peptide_nm_423,0.17214,-0.30564,2.09633,1.62886,-1.45202,-1.67126,-0.02756,1.9153,-0.10127,1.92435,0
peptide_nm_424,-0.56989,0.26319,-0.25726,-0.24104,-0.32418,-0.26485,-0.28752,-0.06812,0.30866,0.52941,0
peptide_nm_425,-0.69263,-0.22609,-0.28451,-0.09133,-0.95016,0.43685,-0.15665,-0.45784,0.54133,0.29866,0
peptide_nm_426,0.05478,1.4997,0.4547,0.65246,-0.65741,-1.37588,0.14764,1.57371,-0.28815,-0.7232,0
peptide_nm_427,0.05478,0.57604,-1.05012,0.51114,-0.65741,0.65489,-0.57504,-0.64662,0.39707,-0.11647,0
peptide_nm_428,0.17214,1.70962,-0.45731,1.32052,-1.16307,-0.96234,-0.02756,0.79737,-0.35045,-0.7232,0
peptide_nm_429,-0.29731,-0.80945,-0.82212,-0.22115,-1.16307,0.10105,-0.37795,-1.43848,0.64625,1.04184,0
peptide_nm_430,0.70026,1.96153,0.4547,0.51114,-1.05471,-1.05095,-1.29773,1.9153,-0.63077,0.49026,0
peptide_nm_431,-0.2526,-0.80945,-1.16955,-1.04338,-0.08983,0.945,0.79002,-1.79338,1.04967,0.20134,0
peptide_nm_432,0.3945,0.35728,-1.12932,0.26569,0.05356,0.02642,-0.15665,-0.88932,1.40688,0.29866,0
peptide_nm_433,-1.23619,0.77397,0.16807,2.02529,-1.90608,-1.46871,0.97356,0.74414,0.78863,0.66361,0
peptide_nm_434,0.37752,0.22967,0.2039,1.14708,-0.45875,-1.29465,0.38853,0.37815,0.39707,-0.11647,0
peptide_nm_435,-0.74439,-0.28165,0.74134,0.89473,-1.60337,-0.54036,0.42295,0.54894,0.52759,0.20134,0
peptide_nm_436,2.63671,-0.80945,0.4547,0.9351,0.1372,-0.56357,-0.33415,-0.13423,0.05446,1.70372,0
peptide_nm_437,-0.4985,-0.01774,-0.4052,-0.39734,-0.54389,0.20232,0.42295,-0.42702,0.39707,0.66361,0
peptide_nm_438,-1.23619,1.03787,-0.21411,0.08718,-1.45202,-0.72603,2.07479,0.54894,0.39707,-0.7232,0
peptide_nm_439,-0.76675,0.70199,0.2723,1.01219,-1.45202,-1.3168,0.32284,0.79737,0.1479,1.04184,0
peptide_nm_440,1.48164,3.2741,-0.70692,2.40781,-2.28845,-2.02572,-0.96808,1.69956,-0.61273,0.29866,0
peptide_nm_441,-1.23619,0.19818,-0.82212,0.39552,-1.74096,0.10105,-0.37795,-0.6932,0.64625,1.04184,0
peptide_nm_442,-0.44175,1.74838,-0.93436,0.86988,-0.71853,-0.82601,-0.59357,0.33873,0.18623,-0.7232,0
peptide_pm_1,-0.74439,-0.80945,-0.4052,-1.36639,1.42372,0.945,1.52418,-1.0126,0.78863,-0.7232,1
peptide_pm_2,0.35269,-0.80945,0.91773,0.86988,0.74844,0.37371,-0.59357,0.33873,-0.65712,-0.7232,1
peptide_pm_3,5.64897,-0.80945,1.12351,-1.04338,1.72642,-2.02572,-1.77951,0.54894,-2.34383,-0.7232,1
peptide_pm_4,-1.23619,-0.80945,2.46113,0.08718,1.72642,1.87336,-1.77951,1.9153,-2.34383,-0.7232,1
peptide_pm_5,-0.54768,-0.43999,-1.55173,0.53941,-0.18064,-0.20615,1.56089,-1.91049,1.85889,0.57116,1
peptide_pm_6,0.2392,-0.80945,1.88787,-0.39734,1.72642,-0.9117,0.05587,1.32972,-0.7776,-0.7232,1
peptide_pm_7,-0.69263,-0.80945,0.5603,-0.80536,0.72271,1.25771,0.24907,-0.02636,-0.32422,-0.7232,1
peptide_pm_8,-0.62868,-0.48346,-0.37147,-0.51135,0.97856,-0.64958,1.1679,-0.73704,0.5583,-0.7232,1
peptide_pm_9,-0.4985,-0.80945,-0.4052,-0.88187,0.8183,1.31635,-0.67828,-1.0126,0.00552,-0.7232,1
peptide_pm_10,-0.05588,-0.49277,0.28272,-0.39734,0.8183,-0.6889,0.42295,-0.07568,0.16214,-0.7232,1
peptide_pm_11,1.05886,1.65364,-0.65998,1.21774,-0.7457,0.14043,-0.49474,0.54894,-0.21202,-0.7232,1
peptide_pm_12,0.35269,-0.80945,1.22641,0.86988,0.74844,-0.52608,0.29588,0.65405,-0.23544,-0.7232,1
peptide_pm_13,-1.23619,-0.80945,1.65856,-0.59115,1.72642,2.65317,-1.77951,1.09548,-2.34383,-0.7232,1
peptide_pm_14,-0.54768,-0.43999,-1.55173,0.08718,-0.18064,0.05379,1.81784,-1.91049,1.85889,0.57116,1
peptide_pm_15,-0.86734,-0.01774,0.16807,-0.15508,0.59127,-0.07618,0.69826,0.15856,0.59285,-0.7232,1
peptide_pm_16,0.35269,-0.80945,1.53509,-0.17371,0.99294,-0.22615,0.29588,0.96936,-0.65712,-0.7232,1
peptide_pm_17,-1.23619,-0.80945,-1.05012,-1.1847,0.53451,1.38597,1.11122,-1.67138,0.39707,-0.7232,1
peptide_pm_18,1.48164,-0.80945,1.82752,2.05079,-0.61558,-1.6153,0.24907,1.26808,-0.61273,-0.7232,1
peptide_pm_19,1.63263,-0.80945,2.01526,0.08718,1.37326,-0.2928,-1.35126,1.45985,-1.73474,0.35543,1
peptide_pm_20,0.58635,-0.80945,1.28088,-0.51135,1.72642,-0.19086,0.03428,0.70969,-1.05399,-0.7232,1
peptide_pm_21,0.35269,-0.80945,0.91773,0.86988,0.74844,-0.22615,-0.0006,0.33873,-0.23544,-0.7232,1
peptide_pm_22,0.9769,-0.80945,0.74134,1.05624,-0.08983,-0.9117,0.97356,0.15856,0.39707,-0.7232,1
peptide_pm_23,-0.61027,-0.47358,-0.09251,-0.42671,0.95589,0.10105,1.02362,-0.44477,0.64625,-0.7232,1
peptide_pm_24,-0.29731,-0.80945,2.09633,0.39552,1.72642,1.5189,-1.77951,1.54265,-2.34383,-0.7232,1
peptide_pm_25,-0.92323,-0.47358,-0.57891,0.18996,-0.00727,0.10105,1.25721,-0.94163,1.14459,-0.7232,1
peptide_pm_26,-1.23619,-0.80945,0.16807,-1.36639,1.27236,1.31635,0.42295,-0.42702,-0.38604,-0.7232,1
peptide_pm_27,-0.02116,-0.80945,0.33668,1.08474,-0.89111,-2.02572,0.94117,-0.25479,1.20322,3.84513,1
peptide_pm_28,0.58635,-0.80945,1.28088,-0.51135,1.72642,-0.64958,0.48773,0.70969,-0.73153,-0.7232,1
peptide_pm_29,-1.23619,-0.80945,-1.55173,-2.73922,0.66694,3.17305,0.14764,-2.18376,-0.51656,0.89475,1
peptide_pm_30,1.63263,-0.80945,2.01526,0.08718,1.72642,0.14043,-1.35126,1.45985,-2.03928,-0.7232,1
peptide_pm_31,0.55994,-0.32754,0.19299,-0.94507,0.89727,-0.66952,1.2369,-0.04512,-0.19878,-0.7232,1
peptide_pm_32,0.64158,0.19818,-0.09251,0.39552,0.57063,-1.3168,2.42519,0.05209,1.14459,-0.7232,1
peptide_pm_33,-0.85368,-0.80945,-0.36273,-1.29461,-0.1571,0.57366,0.21902,-0.96923,-0.31353,1.43407,1
peptide_pm_34,-0.4985,-0.80945,1.3146,-0.39734,0.1372,0.48083,-0.12767,0.74414,-0.38604,-0.02979,1
peptide_pm_35,-0.44175,-0.80945,-1.55173,-2.7827,0.74844,2.17329,0.59237,-2.18376,0.18623,0.77029,1
peptide_pm_36,-0.14906,-0.22609,0.1379,-1.5194,1.39185,0.43685,0.65479,-0.02636,0.25281,-0.7232,1
peptide_pm_37,-0.47117,-0.80945,-0.06548,-1.29461,0.07834,0.57366,0.21902,-0.66559,0.09253,1.43407,1
peptide_pm_38,0.35269,-0.80945,-0.317,-1.73911,0.74844,0.97357,0.59237,-0.92252,-0.65712,-0.7232,1
peptide_pm_39,-0.67794,-0.50989,-0.03335,-0.18782,0.52377,0.08189,0.92892,-0.4112,0.47115,-0.7232,1
peptide_pm_40,0.82936,-0.80945,-0.34787,-0.93032,1.40858,0.70363,0.14764,-0.95405,0.12298,-0.7232,1
peptide_pm_41,0.9769,-0.80945,0.74134,1.54076,-0.08983,-0.9117,0.97356,0.15856,0.39707,-0.7232,1
peptide_pm_42,0.41625,-0.3661,-0.26761,-0.59115,0.45505,-0.15417,1.30393,-0.54414,0.28744,-0.7232,1
peptide_pm_43,1.09119,-0.80945,1.95246,1.1859,0.29389,-0.26839,-0.91094,1.3957,-1.10849,-0.7232,1
peptide_pm_44,-0.08866,-0.80945,0.67764,0.46404,-0.03938,-0.72603,1.64654,0.09349,0.70162,-0.7232,1
peptide_pm_45,-0.88006,-0.42725,-1.27498,0.67196,-0.2464,-0.95012,1.67607,-1.61838,2.19284,1.28529,1
peptide_pm_46,1.14713,-0.80945,0.30036,-0.17371,-0.71853,0.37371,-1.77951,-0.29189,-1.0788,3.75728,1
peptide_pm_47,-0.88006,-0.04504,-1.27498,0.90587,-0.4656,-1.21902,1.67607,-1.33568,2.19284,1.28529,1
peptide_pm_48,-0.54768,-0.43999,-0.74916,0.99163,-0.18064,-0.72603,1.81784,-1.09068,1.67616,0.57116,1
peptide_pm_49,-1.23619,-0.80945,0.23177,-1.79708,1.37326,1.44013,0.36177,-0.36196,-0.21202,0.35543,1
peptide_pm_50,-1.23619,-0.80945,0.67764,-1.42023,1.72642,1.44013,0.36177,0.09349,-0.51656,-0.7232,1
peptide_pm_51,-0.03529,0.47938,-0.99179,-0.6227,-0.04759,-0.2122,1.08881,-0.65853,1.22572,-0.7232,1
peptide_pm_52,-0.85368,-0.39894,1.42076,0.46404,0.07834,0.28484,-0.6375,1.15621,-0.71959,-0.7232,1
peptide_pm_53,0.4851,-0.80945,-1.55173,-1.42023,-0.03938,0.57366,0.36177,-2.18376,-0.21202,0.35543,1
peptide_pm_54,1.63263,-0.80945,1.56939,1.97145,-0.03938,-1.59249,0.36177,1.00439,-0.51656,-0.7232,1
peptide_pm_55,1.58047,-0.80945,3.55555,1.01219,0.57063,-2.02572,-1.77951,3.03322,-1.84548,1.04184,1
peptide_pm_56,-0.88006,-0.42725,-1.27498,0.67196,-0.0272,-0.95012,1.41026,-1.61838,2.38186,1.28529,1
peptide_pm_57,-0.74439,-0.80945,2.27004,0.24869,1.42372,1.31635,-1.77951,1.7201,-2.08279,0.20134,1
peptide_pm_58,-0.52393,-0.04504,-1.27498,0.67196,-0.0272,-1.21902,1.41026,-1.33568,2.00381,1.28529,1
peptide_pm_59,1.05886,1.65364,-0.65998,1.21774,-0.7457,0.14043,-0.49474,0.54894,-0.51656,-0.7232,1
peptide_pm_60,-1.23619,-0.80945,-0.54851,-0.76074,0.53451,1.38597,0.62943,-1.159,0.05446,-0.7232,1
peptide_pm_61,-0.95706,-0.21032,-0.25026,-0.37115,1.03919,-0.12887,0.72058,-0.4112,0.32299,-0.7232,1
peptide_pm_62,1.22279,-0.80945,0.74134,0.89473,-0.08983,0.20232,-0.31121,0.15856,0.00552,-0.7232,1
peptide_pm_63,-1.23619,-0.80945,-0.88292,-0.4781,-0.39254,0.57366,2.07479,-1.50059,1.31071,-0.7232,1
peptide_pm_64,-0.29731,-0.80945,2.09633,0.39552,1.72642,1.5189,-1.77951,1.54265,-2.34383,-0.7232,1
peptide_pm_65,0.64158,-0.80945,3.55555,1.01219,1.14853,-1.3168,-1.07873,3.03322,-1.84548,-0.7232,1
peptide_pm_66,0.82936,-0.80945,0.37445,-1.40516,1.72642,-2.02572,2.53731,-0.21622,0.72598,-0.7232,1
peptide_pm_67,1.05886,-0.80945,0.23177,-0.28967,1.72642,2.30659,-1.77951,-0.36196,-2.34383,-0.7232,1
peptide_pm_68,0.35269,-0.80945,-0.317,-0.17371,0.25945,1.57343,-0.59357,-0.92252,-1.50047,-0.7232,1
peptide_pm_69,-0.54768,-0.80945,0.58846,0.3133,-0.39254,0.57366,-0.23779,0.0024,-1.24747,-0.7232,1
peptide_pm_70,-0.26797,-0.11671,-1.05012,0.51114,-0.06145,-0.56357,1.8339,-1.159,1.59622,0.49026,1
peptide_pm_71,0.29384,-0.39894,-0.36273,1.46898,-0.1571,-1.44808,1.64654,-0.66559,1.10768,0.71498,1
peptide_pm_72,-0.37555,-0.80945,-0.21411,-1.04338,0.93181,0.24874,1.11122,-0.81741,0.39707,0.08578,1
peptide_pm_73,2.51935,-0.80945,-0.09251,-0.22115,1.14853,-0.60788,0.32284,-0.6932,-0.84879,-0.7232,1
peptide_pm_74,2.56877,-0.80945,0.98271,1.33675,0.38813,-0.38401,-1.3738,0.40512,-1.7668,-0.7232,1
peptide_pm_75,0.64158,-0.80945,2.09633,0.39552,1.72642,0.80997,-1.77951,1.54265,-2.34383,-0.7232,1
peptide_pm_76,-0.74439,-0.80945,1.12351,-0.72036,-0.99795,0.945,-0.67828,0.54894,-1.03864,0.20134,1
peptide_pm_77,-0.44175,-0.38315,0.60904,0.86988,-1.45202,-1.12594,0.59237,0.33873,1.02959,-0.7232,1
peptide_pm_78,0.4851,-0.80945,0.23177,0.46404,-0.39254,-0.72603,-0.06649,-0.36196,0.70162,2.5127,1
peptide_pm_79,0.00314,-0.3661,-0.26761,-0.59115,0.70932,-0.77802,0.99559,-0.54414,0.50671,0.05342,1
peptide_pm_80,-0.08866,-0.80945,1.12351,0.84089,-0.39254,-0.72603,1.21828,0.54894,0.39707,-0.7232,1
peptide_pm_81,-0.02116,-0.80945,0.80878,-0.51135,0.97856,1.644,-1.32607,0.22745,-1.37645,-0.7232,1
peptide_pm_82,-0.44175,-0.80945,-0.93436,-2.2609,0.74844,2.17329,-0.0006,-1.55314,-0.23544,0.77029,1
peptide_pm_83,-0.08866,-0.80945,1.12351,2.34831,-0.7457,-1.15926,0.36177,0.54894,-0.21202,-0.7232,1
peptide_pm_84,0.58635,-0.80945,1.28088,-0.51135,1.72642,-0.64958,0.48773,0.70969,-0.73153,-0.7232,1
peptide_pm_85,-0.59071,-0.80945,-1.05012,-0.76074,0.53451,1.38597,0.62943,-1.67138,0.05446,-0.7232,1
peptide_pm_86,0.31297,-0.80945,0.05342,-0.93032,1.40858,0.70363,0.14764,-0.54414,0.12298,-0.7232,1
peptide_pm_87,1.94158,-0.80945,0.30036,-0.69551,-0.22954,0.37371,-0.59357,-0.29189,-1.0788,-0.7232,1
peptide_pm_88,-0.54768,0.29894,-1.2842,0.76552,-0.18064,-1.50585,1.04698,-1.09068,2.04161,1.86552,1
peptide_pm_89,-1.23619,-0.80945,-0.88292,-1.04338,0.66694,2.5232,0.14764,-1.50059,-0.51656,-0.7232,1
peptide_pm_90,1.34574,-0.80945,2.46113,1.21774,-0.39254,-0.07618,-1.77951,1.9153,-1.88701,-0.7232,1
peptide_pm_91,2.73602,-0.80945,0.91773,0.34808,-0.22954,-0.82601,-0.59357,0.33873,-1.0788,-0.7232,1
peptide_pm_92,-0.4985,-0.01774,-0.11856,-1.12413,0.59127,-0.6332,0.97356,-0.13423,0.20129,-0.02979,1
peptide_pm_93,-0.54768,-0.80945,1.12351,0.76552,0.45505,0.57366,-0.23779,0.54894,0.21435,-0.7232,1
peptide_pm_94,-0.4985,-0.01774,-0.97846,-1.36639,0.36424,1.87336,0.42295,-1.0126,0.78863,-0.7232,1
peptide_pm_95,2.04991,-0.80945,1.00191,-0.52949,0.85958,0.45551,-1.07873,0.42473,-0.35045,0.15932,1
peptide_pm_96,-0.54768,-0.07052,-1.2842,0.53941,0.03126,-0.20615,1.56089,-1.36395,1.67616,0.57116,1
peptide_pm_97,0.05478,-0.34762,0.4547,0.65246,-1.45202,-0.40111,-0.17355,0.20735,-0.05974,-0.7232,1
peptide_pm_98,-0.4985,-0.80945,0.74134,0.08718,0.8183,0.75933,0.42295,0.15856,0.00552,-0.7232,1
peptide_pm_99,-0.86734,-0.4136,-0.4052,-1.36639,1.27236,0.48083,0.97356,-0.71981,0.78863,-0.7232,1
peptide_pm_100,2.73602,-0.80945,0.30036,-0.17371,-0.71853,-0.82601,-1.77951,-0.29189,-1.0788,3.75728,1
peptide_pm_101,0.4851,-0.34762,-0.21411,-0.4781,0.40207,-0.07618,1.11122,-0.47582,0.16866,-0.7232,1
peptide_pm_102,-0.29731,-0.80945,2.09633,0.39552,1.72642,1.5189,-1.77951,1.54265,-2.34383,-0.7232,1
peptide_pm_103,0.35269,-0.80945,-0.00832,0.86988,0.01496,-0.52608,1.18534,-0.6072,0.60791,-0.7232,1
peptide_pm_104,1.58047,-0.80945,3.55555,1.01219,1.14853,-1.3168,-1.77951,3.03322,-2.34383,-0.7232,1
peptide_pm_105,-0.44175,-0.80945,-0.93436,-2.2609,0.25945,1.57343,0.59237,-1.55314,-0.23544,0.77029,1
peptide_pm_106,1.34574,-0.80945,1.65856,0.76552,1.09074,-0.46609,-0.62322,1.09548,-1.24747,-0.7232,1
peptide_pm_107,-0.7198,-0.80945,-1.15044,-1.60866,1.09074,1.48345,0.53307,-1.77386,0.67116,0.24757,1
peptide_pm_108,1.34574,-0.80945,-0.34787,-0.93032,0.45505,-0.07618,0.14764,-0.95405,-0.15111,1.21834,1
peptide_pm_109,0.58635,-0.80945,1.28088,-0.51135,1.72642,-1.10829,0.94117,0.70969,-0.40907,-0.7232,1
peptide_pm_110,0.4851,-0.80945,0.23177,0.46404,0.31378,-0.72603,1.64654,-0.36196,0.39707,-0.7232,1
peptide_pm_111,-1.23619,-0.80945,-0.54851,-1.1847,0.93181,1.38597,1.11122,-1.159,0.05446,-0.7232,1
peptide_pm_112,-0.62868,-0.80945,2.22508,0.28669,1.72642,1.644,-1.77951,1.67418,-2.34383,-0.7232,1
peptide_pm_113,0.3945,-0.80945,0.1379,-0.44834,1.05728,0.43685,0.65479,-0.45784,0.25281,-0.7232,1
peptide_pm_114,1.05886,2.26942,-0.65998,1.5946,-1.09886,-0.2928,-0.49474,1.00439,-0.21202,-0.7232,1
peptide_pm_115,-0.20342,-0.80945,0.05342,-0.93032,1.40858,0.70363,0.14764,-0.54414,0.39707,-0.7232,1
peptide_pm_116,-0.08866,-0.80945,2.01526,0.84089,0.31378,0.57366,-1.35126,1.45985,-1.4302,-0.7232,1
peptide_pm_117,-1.23619,-0.80945,-0.21411,-1.79708,1.0201,1.44013,0.79002,-0.81741,0.09253,0.35543,1
peptide_pm_118,0.35269,-0.80945,0.30036,0.86988,0.25945,-0.22615,-0.0006,-0.29189,0.60791,-0.7232,1
peptide_pm_119,-0.56989,-0.45191,-0.77505,0.63423,0.08594,-0.26485,1.7018,-1.12594,1.54648,0.52941,1
peptide_pm_120,1.14713,-0.80945,0.30036,-0.17371,-0.71853,0.37371,-1.77951,-0.29189,-1.0788,3.75728,1
peptide_pm_121,1.05886,1.65364,-0.65998,1.21774,-0.7457,0.14043,-0.49474,0.54894,-0.51656,-0.7232,1
peptide_pm_122,-1.23619,-0.80945,1.00191,-1.14615,1.72642,3.29121,-1.77951,0.42473,-2.34383,-0.7232,1
peptide_pm_123,0.89011,-0.80945,1.98903,0.28669,0.60462,-0.87894,-1.09934,1.43305,-0.73153,0.41888,1
peptide_pm_124,-0.54768,-0.43999,-0.74916,0.76552,-0.39254,-0.46609,2.07479,-1.09068,1.31071,0.57116,1
peptide_pm_125,2.73602,-0.80945,0.30036,0.86988,-0.71853,-0.82601,-1.77951,-0.29189,-1.0788,3.75728,1
peptide_pm_126,-0.08866,-0.80945,0.67764,0.46404,-0.39254,-0.72603,1.21828,0.09349,0.70162,0.35543,1
peptide_pm_127,0.31297,-0.80945,-0.34787,-1.60866,1.09074,1.09354,-0.23779,-0.95405,-0.69929,1.21834,1
peptide_pm_128,-0.57697,-0.3378,-0.52717,0.15935,-0.57287,-0.53246,1.33674,-0.78834,1.03856,-0.31011,1
peptide_pm_129,1.19387,-0.80945,1.28088,1.88278,-0.14325,-1.10829,0.48773,0.70969,-0.40907,-0.7232,1
peptide_pm_130,1.63263,-0.80945,2.01526,0.08718,1.37326,-0.2928,-1.35126,1.45985,-1.73474,0.35543,1
peptide_pm_131,-0.33813,-0.32754,-0.15595,-1.24,0.89727,0.34763,1.57206,-0.40156,0.51624,-0.7232,1
peptide_pm_132,0.64158,-0.80945,1.36672,-0.83782,1.72642,1.5189,-1.77951,0.79737,-2.34383,-0.7232,1
peptide_pm_133,-0.86734,-0.4136,-0.11856,-0.88187,0.8183,0.48083,0.42295,-0.42702,0.78863,-0.02979,1
peptide_pm_134,-0.37555,-0.80945,-0.54851,-1.04338,0.66694,0.57366,0.46883,-1.159,0.39707,0.89475,1
peptide_pm_135,0.2392,-0.80945,0.16807,-0.88187,1.27236,1.31635,-0.67828,-0.42702,-0.38604,-0.7232,1
peptide_pm_136,-0.4985,-0.80945,-1.55173,-2.33545,0.36424,1.31635,-0.12767,-2.18376,-0.38604,0.66361,1
peptide_pm_137,2.51935,-0.80945,0.63711,-0.22115,1.72642,-0.60788,-0.37795,0.05209,-1.34714,-0.7232,1
peptide_pm_138,0.35269,-0.80945,1.53509,-0.17371,0.99294,-0.52608,0.59237,0.96936,-0.44628,-0.7232,1
peptide_pm_139,1.80138,-0.80945,1.75298,-0.11233,1.35249,-0.19086,-1.32607,1.19193,-1.69891,0.41888,1
peptide_pm_140,-0.29731,-0.80945,2.09633,0.39552,1.72642,1.5189,-1.77951,1.54265,-2.34383,-0.7232,1
peptide_pm_141,0.35269,-0.80945,0.60904,0.60898,0.74844,-0.22615,0.29588,0.02342,0.18623,-0.7232,1
peptide_pm_142,-0.44175,0.04316,-0.317,-1.21731,0.74844,1.57343,-0.0006,-0.29189,-1.0788,-0.7232,1
peptide_pm_143,0.2392,-0.80945,0.74134,1.05624,-0.08983,-0.9117,1.52418,0.15856,0.78863,-0.7232,1
peptide_pm_144,1.00897,-0.80945,0.19299,-0.94507,0.89727,0.34763,-0.43889,-0.40156,-0.19878,-0.7232,1
peptide_pm_145,-0.54768,-0.80945,0.58846,-0.13893,-0.39254,0.57366,-0.7517,0.0024,-1.24747,0.57116,1
peptide_pm_146,0.35269,-0.80945,1.53509,0.34808,-0.71853,-0.22615,-1.77951,0.96936,-1.0788,3.75728,1
peptide_pm_147,-0.4985,-0.4136,-0.11856,-1.12413,0.59127,-0.6332,0.97356,-0.42702,0.20129,-0.02979,1
peptide_pm_148,0.4851,-0.80945,0.4547,-0.4781,1.19668,1.22351,-0.49474,-0.13423,-0.97338,-0.7232,1
peptide_pm_149,0.41625,-0.80945,1.65856,0.76552,0.45505,-0.46609,-0.54614,1.09548,-0.80892,-0.7232,1
peptide_pm_150,2.51935,-0.80945,1.36672,0.39552,1.72642,-0.60788,-1.07873,0.79737,-1.84548,-0.7232,1
peptide_pm_151,4.39712,-0.80945,-0.09251,0.39552,1.72642,-0.60788,-1.07873,-0.6932,-1.84548,-0.7232,1
peptide_pm_152,-0.44175,-0.80945,-0.93436,-2.2609,0.25945,2.17329,-0.0006,-1.55314,-0.23544,0.77029,1
peptide_pm_153,-0.14906,-0.22609,0.5603,-0.80536,1.39185,0.43685,-0.15665,0.40512,-0.0357,-0.7232,1
peptide_pm_154,-0.88006,-0.42725,-0.99823,0.67196,-0.0272,-0.95012,1.41026,-1.33568,2.19284,1.28529,1
peptide_pm_155,-1.23619,-0.80945,1.56939,0.46404,0.66694,0.14043,0.36177,1.00439,-0.51656,-0.7232,1
peptide_pm_156,0.2392,-0.28165,-0.4052,-1.36639,0.51559,0.57366,0.05587,-0.62222,0.00552,1.12589,1
peptide_pm_157,2.73602,-0.80945,0.91773,0.34808,-0.22954,-0.82601,-1.77951,0.33873,-1.50047,2.26378,1
peptide_pm_158,1.05886,-0.80945,2.90701,2.34831,0.31378,-1.15926,-0.923,2.37075,-1.73474,-0.7232,1
peptide_pm_159,-0.33813,0.15437,0.54194,0.23465,0.62088,-0.66952,-0.10373,0.66776,-0.67545,-0.7232,1
peptide_pm_160,-0.54768,-0.07052,-1.2842,0.53941,0.03126,-0.20615,1.56089,-1.36395,1.85889,0.57116,1
peptide_pm_161,-0.66243,-0.80945,1.56939,-0.28967,1.72642,2.30659,-1.77951,1.00439,-2.34383,-0.7232,1
peptide_pm_162,-0.7198,-0.25526,-0.34787,-1.60866,1.40858,1.48345,-0.23779,-0.54414,-0.4252,-0.7232,1
peptide_pm_163,-0.62868,-0.80945,-0.60753,-1.30939,0.97856,0.72657,0.94117,-1.21928,0.23584,-0.7232,1
peptide_pm_164,-0.66243,-0.80945,2.46113,0.46404,1.37326,1.00689,-1.77951,1.9153,-2.03928,0.35543,1
peptide_pm_165,1.94158,-0.80945,-0.317,-0.69551,0.25945,0.97357,-1.18654,-0.92252,-1.50047,-0.7232,1
peptide_pm_166,-0.66243,-0.80945,2.46113,0.46404,1.72642,1.44013,-1.77951,1.9153,-2.34383,-0.7232,1
peptide_pm_167,-0.59071,-0.80945,0.4547,-0.76074,1.72642,0.4112,0.14764,-0.13423,-0.28815,-0.7232,1
peptide_pm_168,2.8051,-0.80945,0.19299,-0.94507,0.89727,0.34763,-0.43889,-0.40156,-0.19878,-0.7232,1
peptide_pm_169,-1.23619,-0.01774,-0.11856,-0.15508,1.04533,0.20232,0.42295,-0.13423,0.59285,-0.7232,1
peptide_pm_170,1.80138,-0.80945,1.75298,-0.51135,1.35249,-0.19086,-1.32607,1.19193,-1.69891,0.41888,1
peptide_pm_171,0.35269,-0.80945,-0.93436,-2.2609,1.23743,1.57343,-1.18654,-1.55314,-0.65712,0.77029,1
peptide_pm_172,-0.29731,-0.80945,1.36672,-0.22115,1.72642,2.22782,-1.77951,0.79737,-2.34383,-0.7232,1
peptide_pm_173,-1.23619,-0.47358,-0.57891,-0.01559,0.18536,0.33736,1.25721,-0.94163,1.14459,-0.7232,1
peptide_pm_174,0.2392,-0.80945,1.3146,1.54076,-0.54389,-0.9117,0.97356,0.74414,0.39707,-0.7232,1
peptide_pm_175,-0.86734,-0.01774,-0.4052,-1.12413,1.04533,0.48083,0.97356,-0.42702,0.98441,-0.7232,1
peptide_pm_176,-1.23619,-0.42725,-0.99823,0.67196,-0.4656,-0.95012,1.67607,-1.33568,2.38186,1.28529,1
peptide_pm_177,-0.37555,-0.80945,0.4547,-0.4781,1.72642,1.22351,-1.13713,-0.13423,-0.97338,-0.7232,1
peptide_pm_178,1.34574,-0.80945,0.4547,1.78303,0.1372,-0.72603,0.79002,-0.13423,-0.05974,-0.7232,1
peptide_pm_179,-1.23619,-0.80945,-0.54851,-1.1847,0.93181,1.38597,0.62943,-1.159,0.05446,-0.7232,1
peptide_pm_180,1.458,-0.80945,0.19299,-1.53492,1.17365,1.36478,0.23143,-0.40156,-0.19878,-0.7232,1
peptide_pm_181,0.4851,-0.80945,1.12351,0.08718,1.19668,1.22351,-1.13713,0.54894,-1.4302,-0.7232,1
peptide_pm_182,1.05886,1.65364,-0.65998,1.5946,-1.09886,-0.2928,-0.06649,0.54894,0.09253,-0.7232,1
peptide_pm_183,0.2392,-0.80945,0.74134,-0.88187,1.72642,1.87336,-1.2289,0.15856,-1.16916,-0.7232,1
peptide_pm_184,0.70026,-0.80945,0.95631,1.35906,-0.2601,-1.05095,1.11122,0.37815,0.05446,-0.7232,1
peptide_pm_185,2.20639,-0.80945,1.65856,-0.13893,1.30263,0.05379,-1.77951,1.09548,-1.97838,0.57116,1
peptide_pm_186,0.2392,-0.01774,-0.4052,-0.88187,0.8183,0.75933,0.42295,-0.42702,-0.38604,-0.7232,1
peptide_pm_187,0.64158,-0.80945,0.63711,-0.22115,1.72642,2.22782,-1.77951,0.05209,-2.34383,-0.7232,1
peptide_pm_188,-0.89193,-0.43999,0.05342,-1.04338,1.09074,0.05379,1.30393,-0.27087,0.39707,-0.7232,1
peptide_pm_189,0.2392,-0.80945,0.35916,-1.36639,1.12101,0.57366,-0.31121,-0.23183,-0.51656,1.12589,1
peptide_pm_190,0.35269,-0.38315,-0.317,-0.69551,0.50395,-0.22615,1.48182,-0.6072,0.39707,-0.7232,1
peptide_pm_191,1.05886,1.65364,-0.65998,1.21774,-0.7457,0.14043,-0.49474,0.54894,-0.21202,-0.7232,1
peptide_pm_192,-0.2526,-0.28165,0.35916,-0.07432,0.8183,-0.54036,0.05587,0.15856,-0.51656,-0.7232,1
peptide_pm_193,-0.86734,-0.80945,-0.11856,-1.36639,1.49939,0.48083,0.97356,-0.71981,0.59285,-0.7232,1
peptide_pm_194,-0.37555,-0.80945,1.12351,-0.4781,1.72642,2.5232,-1.77951,0.54894,-2.34383,-0.7232,1
peptide_pm_195,0.4851,-0.80945,0.4547,1.21774,0.1372,-0.07618,0.79002,-0.13423,0.39707,-0.7232,1
peptide_pm_196,0.2392,-0.80945,0.74134,1.05624,-0.08983,-0.35469,0.97356,0.15856,0.78863,-0.7232,1
peptide_pm_197,1.58047,-0.80945,1.36672,-0.83782,1.72642,0.80997,-1.77951,0.79737,-2.34383,-0.7232,1
peptide_pm_198,-0.85368,-0.39894,0.82626,-0.54091,1.0201,0.86248,-0.06649,0.54894,0.29556,-0.7232,1
peptide_pm_199,1.05886,1.65364,-0.65998,1.21774,-0.7457,0.14043,-0.49474,0.54894,-0.51656,-0.7232,1
peptide_pm_200,-0.42084,0.06559,-0.28451,0.26569,-0.61558,0.64207,-0.76522,-0.2421,-0.75699,-0.7232,1
peptide_pm_201,0.64158,-0.80945,3.55555,1.01219,0.57063,-2.02572,-1.07873,3.03322,-1.34714,1.04184,1
peptide_pm_202,1.94158,-0.80945,-0.317,-0.69551,0.74844,0.37371,-0.59357,-0.92252,-1.0788,-0.7232,1
peptide_pm_203,1.63263,-0.80945,2.01526,0.08718,1.37326,-0.2928,-1.35126,1.45985,-1.73474,0.35543,1
peptide_pm_204,-0.4985,-0.80945,1.3146,-0.39734,0.36424,0.48083,0.14764,0.74414,-0.38604,-0.7232,1
peptide_pm_205,-0.83897,-0.80945,-0.317,-0.69551,0.25945,0.97357,-0.0006,-0.92252,-0.0246,0.02355,1
peptide_pm_206,0.64158,-0.80945,0.63711,1.62886,-0.00727,-0.60788,1.02362,0.05209,0.1479,-0.7232,1
peptide_pm_207,0.2392,-0.80945,-0.02302,-1.36639,0.8183,0.57366,0.05587,-0.62222,-0.25552,1.12589,1
peptide_pm_208,-1.23619,-0.80945,1.12351,0.46404,0.31378,0.14043,0.36177,0.54894,-0.21202,-0.7232,1
peptide_pm_209,0.35269,-0.80945,0.91773,0.08718,0.25945,0.37371,-0.89006,0.33873,-0.23544,0.02355,1
peptide_pm_210,-1.23619,-0.19368,3.35288,1.97145,-0.03938,-1.59249,-0.49474,3.28165,-0.82111,-0.7232,1
peptide_pm_211,0.05478,-0.80945,0.95631,0.9351,-0.2601,-0.56357,1.11122,0.37815,0.05446,-0.7232,1
peptide_pm_212,0.2392,-0.80945,0.35916,-1.04338,0.8183,0.57366,-0.31121,-0.23183,-0.51656,1.12589,1
peptide_pm_213,-0.7198,-0.80945,0.05342,-0.93032,1.40858,0.31372,0.53307,-0.54414,0.12298,-0.7232,1
peptide_pm_214,0.11091,-0.80945,-0.50489,-1.24,0.62088,0.00858,0.90174,-1.11444,0.51624,0.9651,1
peptide_pm_215,-0.91345,-0.11671,-0.04691,-0.33678,0.93181,0.16751,1.11122,-0.13423,0.56838,-0.7232,1
peptide_pm_216,-1.23619,-0.80945,-0.21411,-1.42023,1.0201,1.44013,0.79002,-0.81741,0.09253,-0.7232,1
peptide_pm_217,-1.23619,-0.01774,-0.4052,0.08718,0.59127,-0.35469,0.42295,-0.42702,0.78863,-0.7232,1
peptide_pm_218,-0.44175,-0.80945,-0.93436,-2.2609,0.25945,1.57343,0.59237,-1.55314,0.18623,0.77029,1
peptide_pm_219,-1.23619,-0.80945,2.01526,-0.28967,1.72642,1.87336,-1.35126,1.45985,-2.03928,-0.7232,1
peptide_pm_220,-0.59071,-0.46308,0.95631,-0.54876,0.93181,0.65489,-0.33415,0.63434,0.05446,-0.11647,1
peptide_pm_221,0.4851,-0.80945,0.4547,-0.4781,1.19668,1.22351,-0.49474,-0.13423,-0.97338,-0.7232,1
peptide_pm_222,-0.88006,-0.42725,-0.99823,0.67196,-0.0272,-0.95012,1.41026,-1.33568,2.19284,1.28529,1
peptide_pm_223,-1.23619,-0.80945,0.30036,-1.73911,-0.71853,2.17329,-1.77951,-0.29189,-1.0788,3.75728,1
peptide_pm_224,-0.54768,-0.43999,-0.74916,0.76552,-0.39254,-0.46609,1.81784,-1.09068,1.31071,0.57116,1
peptide_pm_225,1.65558,-0.80945,1.33753,-0.59115,0.70932,-0.15417,0.3789,0.76756,-0.80892,-0.7232,1
peptide_pm_226,1.05886,1.65364,-0.65998,1.21774,-0.7457,-0.2928,-0.06649,0.54894,0.09253,-0.7232,1
peptide_pm_227,1.34574,-0.80945,0.4547,1.78303,0.1372,-0.72603,0.79002,-0.13423,-0.05974,-0.7232,1
peptide_pm_228,0.89011,-0.15746,0.10063,0.88523,0.23069,-0.87894,-0.41917,-0.01367,-0.08662,-0.15216,1
peptide_pm_229,0.05478,-0.80945,-0.21411,-1.04338,0.93181,0.24874,0.46883,-0.81741,0.16866,0.89475,1
peptide_pm_230,-0.39881,-0.21032,-0.03335,-0.18782,0.52377,-0.12887,0.72058,-0.18963,0.32299,-0.7232,1
peptide_pm_231,1.19387,-0.80945,2.22508,0.28669,1.35249,-0.19086,-1.32607,1.67418,-1.69891,0.41888,1
peptide_pm_232,-0.02116,-0.80945,0.80878,-0.11233,0.60462,1.18528,-1.32607,0.22745,-1.05399,-0.7232,1
peptide_pm_233,0.58635,-0.80945,1.28088,-0.51135,1.72642,-1.10829,0.94117,0.70969,-0.40907,-0.7232,1
peptide_pm_234,2.56877,-0.80945,1.82752,-0.09133,1.72642,-2.02572,-0.15665,1.26808,-1.18977,-0.7232,1
peptide_pm_235,-0.4985,-0.80945,0.74134,0.08718,1.72642,1.87336,-0.67828,0.15856,-1.56071,-0.7232,1
peptide_pm_236,-0.33813,-0.80945,-1.20278,-2.12478,0.89727,-0.33047,2.57753,-1.82732,1.23126,-0.7232,1
peptide_pm_237,0.13382,-0.01774,-0.15951,0.50249,-0.28443,-0.75256,0.50161,-0.17606,0.22926,-0.32697,1
peptide_pm_238,0.17214,-0.80945,-0.82212,-1.45449,0.28168,0.80997,0.32284,-1.43848,0.1479,1.04184,1
peptide_pm_239,0.67635,-0.80945,1.71801,-0.28967,0.31378,-0.00398,-0.923,1.15621,-1.12565,0.71498,1
peptide_pm_240,-1.23619,-0.80945,-0.78737,-1.04338,0.8183,0.57366,2.25833,-1.40299,0.78863,-0.7232,1
peptide_pm_241,0.14084,-0.80945,1.65856,-0.13893,1.72642,0.57366,-0.7517,1.09548,-0.88201,-0.7232,1
peptide_pm_242,2.37852,-0.80945,2.05985,1.44386,0.45505,-1.24591,-1.39408,1.50539,-1.52156,0.24757,1
peptide_pm_243,-0.74439,-0.80945,-0.02302,-1.36639,1.42372,0.945,0.79002,-0.62222,-0.25552,-0.7232,1
peptide_pm_244,-0.44175,-0.80945,0.91773,-0.17371,1.72642,0.97357,-0.59357,0.33873,-0.65712,-0.7232,1
peptide_pm_245,1.65558,-0.80945,1.33753,-0.59115,0.9636,-0.15417,0.3789,0.76756,-0.80892,-0.7232,1
peptide_pm_246,0.70026,-0.80945,0.95631,0.9351,-0.2601,-1.05095,1.11122,0.37815,0.05446,-0.7232,1
peptide_pm_247,2.04991,-0.80945,1.00191,-0.52949,0.85958,0.45551,-1.07873,0.42473,-0.35045,0.15932,1
peptide_pm_248,0.41625,-0.3661,-0.26761,-0.59115,0.45505,-0.15417,1.30393,-0.54414,0.28744,-0.7232,1
peptide_pm_249,-0.54768,-0.80945,0.58846,0.3133,-0.81633,0.57366,-0.7517,0.0024,-1.24747,0.57116,1
peptide_pm_250,-0.82308,-0.80945,2.62165,0.49419,1.72642,1.40547,-1.77951,2.07926,-2.34383,-0.7232,1
peptide_pm_251,0.05478,-0.80945,0.95631,0.9351,-0.2601,-0.56357,1.11122,0.37815,0.05446,-0.7232,1
peptide_pm_252,-0.29731,-0.80945,0.63711,-0.83782,1.72642,2.93674,-1.77951,0.05209,-2.34383,-0.7232,1
peptide_pm_253,1.94158,-0.80945,0.30036,0.34808,-0.71853,-0.22615,-1.77951,-0.29189,-1.0788,3.75728,1
peptide_pm_254,0.05478,-0.80945,0.95631,1.35906,-0.2601,-1.05095,1.11122,0.37815,0.39707,-0.7232,1
peptide_pm_255,-0.54768,-0.80945,0.58846,-0.59115,1.72642,0.57366,0.27612,0.0024,-0.15111,-0.7232,1
peptide_pm_256,0.2392,-0.80945,0.74134,1.05624,-0.08983,-0.35469,0.97356,0.15856,0.39707,-0.7232,1
peptide_pm_257,-0.88006,-0.42725,-0.99823,0.67196,0.192,-0.95012,1.41026,-1.33568,2.19284,1.28529,1
peptide_pm_258,-0.88006,-0.04504,-0.16798,0.20414,0.63041,-0.14341,0.08119,-0.20491,1.05867,-0.7232,1
peptide_pm_259,-0.33813,-0.32754,0.89088,0.23465,0.89727,-0.66952,-0.10373,0.66776,-0.67545,-0.7232,1
peptide_pm_260,-0.02116,-0.15746,-0.13542,-0.51135,0.23069,0.72657,-0.41917,-0.25479,-0.08662,-0.7232,1
peptide_pm_261,-0.59071,-0.46308,0.95631,-0.33678,0.93181,0.65489,-0.09325,0.63434,0.05446,-0.7232,1
peptide_pm_262,1.14713,-0.80945,1.53509,0.86988,-0.71853,-0.82601,-1.77951,0.96936,-1.0788,3.75728,1
peptide_pm_263,-0.7198,-0.80945,0.05342,-1.60866,0.1372,1.09354,0.53307,-0.54414,0.39707,0.24757,1
peptide_pm_264,-1.23619,-0.80945,0.67764,-1.42023,1.72642,3.60628,-1.77951,0.09349,-2.34383,-0.7232,1
peptide_pm_265,-0.31817,0.42209,0.58846,0.16255,0.17252,-0.63938,0.44742,0.9133,-0.39474,-0.29175,1
peptide_pm_266,-0.82308,-0.80945,2.62165,0.49419,1.47215,1.09354,-1.77951,2.07926,-2.12456,0.05342,1
peptide_pm_267,0.31297,-0.80945,-0.34787,-1.26949,1.09074,0.70363,0.53307,-0.95405,-0.4252,0.24757,1
peptide_pm_268,1.94158,-0.80945,0.30036,-0.69551,0.25945,0.37371,-0.59357,-0.29189,-1.0788,-0.7232,1
peptide_pm_269,0.58635,-0.80945,1.28088,-0.51135,1.72642,-1.10829,0.94117,0.70969,-0.40907,-0.7232,1
peptide_pm_270,-1.23619,-0.80945,-0.04691,-0.76074,0.93181,1.38597,0.14764,-0.64662,-0.28815,-0.7232,1
peptide_pm_271,0.31297,-0.80945,-0.74916,-1.26949,0.45505,1.09354,0.14764,-1.36395,-0.15111,1.21834,1
peptide_pm_272,0.2392,-0.28165,-1.55173,-0.07432,0.8183,0.57366,0.05587,-1.79338,0.26655,-0.7232,1
peptide_pm_273,-1.23619,-0.80945,0.67764,-1.42023,1.72642,1.00689,0.79002,0.09349,-0.51656,-0.7232,1
peptide_pm_274,2.04991,-0.80945,1.00191,-0.52949,1.14853,0.45551,-0.72834,0.42473,-0.35045,-0.7232,1
peptide_pm_275,1.34574,-0.80945,2.46113,1.78303,-1.45202,-0.07618,-1.77951,1.9153,-2.34383,-0.7232,1
peptide_pm_276,-1.23619,-0.80945,1.65856,-0.59115,1.72642,2.65317,-1.77951,1.09548,-2.34383,-0.7232,1
peptide_pm_277,-0.7198,-0.80945,0.85599,-0.93032,0.1372,0.70363,0.14764,0.27567,-0.15111,0.24757,1
peptide_pm_278,-1.23619,-0.80945,1.12351,-1.04338,1.72642,0.57366,0.79002,0.54894,-0.51656,-0.7232,1
peptide_pm_279,0.35269,-0.80945,0.91773,0.86988,0.74844,0.07378,-0.29709,0.33873,-0.44628,-0.7232,1
peptide_pm_280,0.35269,-0.80945,-1.55173,-2.2609,0.25945,0.97357,0.59237,-2.18376,-0.23544,0.77029,1
peptide_pm_281,-0.88006,-0.42725,-0.99823,0.90587,-0.0272,-1.21902,1.41026,-1.33568,2.19284,1.28529,1
peptide_pm_282,-1.23619,-0.80945,1.12351,-1.04338,1.72642,3.17305,-1.77951,0.54894,-2.34383,-0.7232,1
peptide_pm_283,1.94158,-0.80945,0.30036,0.34808,0.25945,-0.22615,-1.77951,-0.29189,-1.0788,3.75728,1
peptide_pm_284,-0.74439,-0.80945,2.65222,0.57171,1.72642,1.31635,-1.77951,2.11049,-2.34383,-0.7232,1
peptide_pm_285,-0.89193,-0.43999,-0.48163,-0.13893,0.45505,0.31372,1.04698,-0.81741,0.5798,-0.7232,1
peptide_pm_286,-0.86734,-0.80945,0.16807,-1.12413,1.49939,0.48083,0.97356,-0.42702,0.59285,-0.7232,1
peptide_pm_287,-0.66243,-0.80945,0.67764,-1.04338,1.72642,3.17305,-1.77951,0.09349,-2.34383,-0.7232,1
peptide_pm_288,-0.62868,-0.80945,-1.07963,-2.50646,0.60462,2.56143,-0.41917,-1.70152,-0.08662,1.56096,1
peptide_pm_289,-0.2526,-0.80945,1.50569,0.57171,1.12101,-0.54036,-0.67828,0.93933,-1.03864,-0.7232,1
peptide_pm_290,-0.44175,-0.38315,0.60904,1.39168,-1.45202,-1.12594,0.59237,0.33873,1.02959,-0.7232,1
peptide_pm_291,-0.59071,-0.80945,-1.05012,-0.76074,0.53451,1.38597,0.62943,-1.67138,0.05446,-0.7232,1
peptide_pm_292,-0.29731,-0.80945,2.09633,0.39552,1.72642,1.5189,-1.77951,1.54265,-2.34383,-0.7232,1
peptide_pm_293,-0.44175,-0.80945,-0.93436,-2.7827,0.74844,2.17329,-0.0006,-1.55314,-0.23544,0.77029,1
peptide_pm_294,0.35269,-0.80945,1.53509,2.43527,-0.71853,-1.42587,0.59237,0.96936,-0.23544,-0.7232,1
peptide_pm_295,1.94158,-0.80945,0.30036,0.34808,-0.71853,-0.22615,-1.77951,-0.29189,-1.0788,3.75728,1
peptide_pm_296,0.35269,0.46946,0.91773,0.86988,0.50395,-0.52608,-0.29709,1.28467,-0.65712,-0.7232,1
peptide_pm_297,1.34574,-0.80945,0.4547,1.21774,0.1372,-0.72603,0.79002,-0.13423,-0.05974,-0.7232,1
peptide_pm_298,2.51935,-0.80945,1.36672,0.39552,1.72642,0.10105,-1.77951,0.79737,-2.34383,-0.7232,1
peptide_pm_299,1.99123,-0.80945,1.95953,0.08718,1.32912,-0.07618,-1.77951,1.40291,-2.00122,0.49026,1
peptide_pm_300,1.94158,-0.80945,-0.317,-0.69551,-0.22954,0.37371,-0.59357,-0.92252,-1.0788,-0.7232,1
peptide_pm_301,0.64158,-0.80945,2.09633,0.39552,1.72642,0.80997,-1.77951,1.54265,-2.34383,-0.7232,1
peptide_pm_302,-1.23619,-0.80945,1.65856,0.3133,0.45505,1.09354,-0.7517,1.09548,-0.15111,-0.7232,1
peptide_pm_303,-0.44175,-0.80945,0.60904,0.60898,0.50395,-0.22615,0.29588,0.02342,0.39707,0.02355,1
peptide_pm_304,0.05478,-0.80945,0.95631,0.9351,-0.2601,-0.56357,1.11122,0.37815,0.05446,-0.7232,1
peptide_pm_305,-0.54768,-0.80945,0.58846,0.76552,-0.81633,0.05379,0.27612,0.0024,-0.88201,-0.7232,1
peptide_pm_306,0.55994,-0.32754,-0.15595,-0.06028,0.62088,-0.66952,1.57206,-0.40156,0.75458,-0.7232,1
peptide_pm_307,-0.29731,-0.80945,2.09633,0.39552,1.72642,1.5189,-1.77951,1.54265,-2.34383,-0.7232,1
peptide_pm_308,-0.54768,-0.43999,-0.74916,0.53941,0.03126,-0.20615,1.56089,-1.09068,1.31071,0.57116,1
peptide_pm_309,0.35269,-0.80945,-0.93436,-1.21731,0.74844,0.97357,1.18534,-1.55314,-0.23544,-0.7232,1
peptide_pm_310,0.35269,-0.80945,0.30036,-0.69551,1.23743,0.97357,-0.0006,-0.29189,-1.0788,-0.7232,1
peptide_pm_311,-1.23619,-0.80945,-0.21411,-1.79708,1.0201,1.44013,0.36177,-0.81741,0.09253,0.35543,1
peptide_pm_312,0.64158,-0.80945,1.36672,-0.22115,1.72642,1.5189,-1.77951,0.79737,-2.34383,-0.7232,1
peptide_pm_313,-0.44175,-0.80945,0.60904,0.60898,0.50395,-0.22615,0.29588,0.02342,0.18623,0.02355,1
peptide_pm_314,1.34574,-0.80945,1.65856,0.76552,0.77289,-0.856,-0.23779,1.09548,-0.97338,-0.7232,1
peptide_pm_315,1.51787,-0.07052,1.65856,1.21774,0.45505,-0.46609,-1.77951,1.64203,-1.97838,-0.7232,1
peptide_pm_316,1.63263,-0.80945,2.01526,0.46404,1.37326,-0.2928,-0.923,1.45985,-1.73474,-0.7232,1
peptide_pm_317,-1.23619,-0.80945,1.12351,1.21774,-0.81633,0.05379,0.27612,0.54894,0.5798,0.57116,1
peptide_pm_318,-0.59071,-0.11671,-0.04691,-0.33678,0.93181,-0.07618,0.87032,-0.13423,0.56838,-0.7232,1
peptide_pm_319,3.45824,-0.80945,-0.09251,-0.22115,1.72642,-0.60788,-0.37795,-0.6932,-1.34714,-0.7232,1
peptide_pm_320,-0.44175,-0.80945,2.15245,0.34808,1.72642,1.57343,-1.77951,1.59998,-2.34383,-0.7232,1
peptide_pm_321,-0.20342,-0.80945,0.4547,-0.59115,1.72642,0.70363,-0.23779,-0.13423,-0.15111,-0.7232,1
peptide_pm_322,-0.88006,-0.04504,-1.27498,0.67196,-0.0272,-0.95012,1.41026,-1.33568,2.38186,1.28529,1
peptide_pm_323,-0.4985,-0.80945,0.16807,-0.39734,0.8183,1.31635,0.42295,-0.42702,0.00552,-0.7232,1
peptide_pm_324,1.71459,-0.80945,0.35916,-1.36639,1.72642,0.945,0.05587,-0.23183,-1.03864,-0.7232,1
peptide_pm_325,-0.11968,0.68838,0.8343,0.54552,-0.85069,-0.12887,-0.94615,1.36137,-0.7141,-0.19846,1
peptide_pm_326,-0.74439,-0.80945,-0.4052,-1.36639,1.42372,0.57366,1.52418,-1.0126,0.52759,-0.7232,1
peptide_pm_327,0.35269,-0.80945,-0.93436,-0.17371,0.25945,0.97357,-0.0006,-1.55314,-0.23544,-0.7232,1
peptide_pm_328,-1.23619,-0.80945,-0.93436,-2.2609,0.25945,2.17329,0.59237,-1.55314,0.18623,0.77029,1
peptide_pm_329,0.55994,-0.32754,0.19299,-0.94507,0.89727,-0.66952,0.90174,-0.04512,0.03956,-0.7232,1
peptide_pm_330,-0.66243,-0.80945,2.01526,0.08718,1.37326,1.44013,-1.77951,1.45985,-2.03928,0.35543,1
peptide_pm_331,3.92768,-0.80945,2.46113,0.08718,-1.45202,-2.02572,-1.77951,1.9153,-2.34383,-0.7232,1
peptide_pm_332,-0.44175,-0.80945,0.91773,-1.21731,1.72642,1.57343,-0.59357,0.33873,-1.50047,-0.7232,1
peptide_pm_333,0.35269,-0.80945,0.60904,0.60898,0.74844,-0.52608,0.59237,0.02342,0.18623,-0.7232,1
peptide_pm_334,2.73602,-0.80945,0.91773,1.39168,-0.22954,-0.82601,-1.77951,0.33873,-1.50047,2.26378,1
peptide_pm_335,0.4851,-0.34762,-0.21411,-0.4781,0.1372,-0.40111,1.11122,-0.47582,0.16866,0.08578,1
peptide_pm_336,0.35269,-0.80945,1.53509,0.34808,-0.71853,-0.22615,-1.77951,0.96936,-1.0788,3.75728,1
peptide_pm_337,-0.39881,-0.21032,-0.03335,-0.18782,0.69558,-0.12887,0.72058,-0.18963,0.32299,-0.7232,1
peptide_pm_338,1.22279,-0.80945,0.35916,0.57171,0.21288,0.20232,0.05587,-0.23183,0.26655,-0.7232,1
peptide_pm_339,1.58047,-0.80945,0.63711,-0.83782,0.57063,0.10105,0.32284,0.05209,-0.35045,-0.7232,1
peptide_pm_340,0.05478,-0.80945,-0.21411,-1.04338,0.66694,0.24874,0.14764,-0.81741,-0.05974,0.89475,1
peptide_pm_341,2.04991,-0.80945,1.00191,-0.52949,1.14853,0.45551,-0.72834,0.42473,-0.35045,-0.7232,1
peptide_pm_342,-0.88006,-0.80945,0.10877,-0.49759,1.06882,-0.41231,1.67607,-0.4876,1.43673,-0.7232,1
peptide_pm_343,-0.44175,-0.80945,-0.93436,-2.2609,0.74844,2.17329,-0.0006,-1.55314,-0.65712,0.77029,1
peptide_pm_344,-0.52393,-0.42725,-0.99823,1.13978,0.192,-0.95012,1.14444,-1.33568,1.43673,0.61579,1
peptide_pm_345,-0.44175,0.46946,-0.317,0.08718,0.01496,0.37371,-0.89006,0.02342,0.18623,0.02355,1
peptide_pm_346,0.35269,-0.80945,1.53509,-0.69551,0.25945,0.97357,-1.18654,0.96936,-1.92215,-0.7232,1
peptide_pm_347,2.04991,-0.80945,1.00191,-0.52949,1.14853,0.45551,-0.72834,0.42473,-0.35045,-0.7232,1
peptide_pm_348,-0.53203,0.19818,-0.09251,0.54969,-0.15175,-0.43065,0.14764,0.05209,0.64625,0.15932,1
peptide_pm_349,-0.44175,-0.80945,1.53509,-0.17371,1.72642,2.17329,-1.77951,0.96936,-2.34383,-0.7232,1
peptide_pm_350,1.94158,-0.80945,-0.317,-0.69551,0.25945,0.37371,-0.59357,-0.92252,-1.0788,-0.7232,1
peptide_pm_351,1.34574,-0.4136,1.3146,0.08718,0.36424,-1.46871,-0.12767,1.03693,-0.97338,-0.7232,1
peptide_pm_352,-0.67794,-0.50989,-0.03335,-0.18782,0.69558,0.08189,0.72058,-0.4112,0.47115,-0.7232,1
peptide_pm_353,-0.44175,-0.80945,-0.93436,-2.2609,0.25945,2.17329,-0.0006,-1.55314,-0.23544,0.77029,1
peptide_pm_354,1.34574,-0.80945,1.65856,0.76552,0.77289,-0.856,0.14764,1.09548,-0.97338,-0.7232,1
peptide_pm_355,-0.29731,-0.80945,2.09633,0.39552,1.72642,1.5189,-1.77951,1.54265,-2.34383,-0.7232,1
peptide_pm_356,-0.86734,-0.80945,-0.4052,-1.36639,1.27236,0.48083,0.97356,-1.0126,0.78863,-0.7232,1
peptide_pm_357,1.65558,-0.80945,0.69547,-0.31982,1.47215,-0.77802,0.99559,0.11171,0.28744,-0.7232,1
peptide_pm_358,-1.23619,-0.28165,-0.4052,-1.04338,1.12101,0.945,1.1571,-0.62222,0.26655,-0.7232,1
peptide_pm_359,0.2392,-0.80945,0.74134,1.05624,-0.08983,-0.35469,0.97356,0.15856,0.39707,-0.7232,1
peptide_pm_360,-0.2526,0.24616,-0.02302,-0.07432,0.51559,-0.54036,0.05587,0.15856,-0.51656,-0.7232,1
peptide_pm_361,0.2392,-0.49277,0.51203,-0.20353,0.8183,-0.9117,0.64319,0.15856,0.16214,-0.7232,1
peptide_pm_362,0.05478,-0.80945,0.95631,0.9351,-0.2601,-0.56357,1.11122,0.37815,0.39707,-0.7232,1
peptide_pm_363,-1.05177,-0.01774,0.02475,-0.76074,-0.31686,0.06307,0.00999,0.01216,0.1034,1.01032,1
peptide_pm_364,1.94158,-0.80945,0.30036,0.34808,-0.71853,-0.22615,-1.77951,-0.29189,-1.0788,3.75728,1
peptide_pm_365,-1.23619,-0.80945,-0.54851,-1.1847,0.93181,1.38597,0.62943,-1.159,0.05446,-0.7232,1
peptide_pm_366,0.58635,-0.80945,1.28088,-0.51135,1.72642,-1.56701,1.39462,0.70969,-0.08662,-0.7232,1
peptide_pm_367,-1.23619,-0.80945,0.98271,-1.16238,1.72642,3.30986,-1.77951,0.40512,-2.34383,-0.7232,1
peptide_pm_368,2.51935,-0.80945,2.09633,2.24553,-0.58517,-0.60788,-1.77951,1.54265,-1.84548,-0.7232,1
peptide_pm_369,-0.54768,-0.43999,-0.74916,0.76552,-0.18064,-0.46609,1.81784,-1.09068,1.31071,0.57116,1
peptide_pm_370,-0.37555,-0.80945,-0.21411,-1.32602,1.19668,0.57366,0.46883,-0.81741,0.16866,0.89475,1
peptide_pm_371,3.11233,-0.80945,0.98271,-0.09133,1.39185,-2.02572,0.24907,0.40512,-0.90125,-0.7232,1
peptide_pm_372,1.51787,-0.80945,2.19361,1.21774,0.87884,-0.46609,-1.77951,1.64203,-1.97838,-0.7232,1
peptide_pm_373,1.80138,-0.80945,1.75298,-0.11233,1.35249,-0.19086,-1.32607,1.19193,-1.69891,0.41888,1
peptide_pm_374,-0.56989,-0.45191,0.26053,-0.8975,1.11124,-0.0133,1.20447,-0.06812,0.30866,-0.7232,1
peptide_pm_375,0.41625,-0.80945,-0.26761,-1.13382,1.47215,-0.77802,1.92062,-0.87207,0.94525,-0.7232,1
peptide_pm_376,2.56877,-0.80945,1.82752,1.69377,1.72642,-2.02572,-0.15665,1.26808,-1.18977,-0.7232,1
peptide_pm_377,-0.76675,-0.80945,-0.82212,-1.14615,-0.29622,0.80997,1.37401,-1.43848,0.64625,0.15932,1
peptide_pm_378,1.48164,-0.22609,1.40512,1.33675,0.38813,-0.38401,-1.3738,1.26808,-1.47828,-0.7232,1
peptide_pm_379,-0.86734,-0.4136,-0.4052,-1.12413,1.04533,0.48083,0.97356,-0.71981,0.98441,-0.7232,1
peptide_pm_380,-0.37555,-0.80945,-0.21411,-1.04338,0.93181,0.57366,0.46883,-0.81741,0.16866,0.89475,1
peptide_pm_381,-0.56989,-0.45191,-0.77505,0.63423,0.08594,-0.5164,1.95046,-1.12594,1.54648,0.52941,1
peptide_pm_382,-1.23619,-0.80945,-0.54851,-0.76074,0.53451,1.38597,0.62943,-1.159,0.05446,-0.7232,1
peptide_pm_383,-0.54768,-0.80945,0.05342,-0.59115,0.87884,1.09354,-0.23779,-0.54414,-0.15111,-0.7232,1
peptide_pm_384,0.70026,-0.80945,0.95631,1.35906,-0.2601,-1.05095,1.11122,0.37815,0.05446,-0.7232,1
peptide_pm_385,2.20639,-0.80945,1.12351,-0.59115,-0.39254,0.57366,-1.77951,0.54894,-2.34383,-0.7232,1
peptide_pm_386,1.65558,-0.80945,0.69547,-0.31982,1.47215,-0.77802,0.99559,0.11171,0.28744,-0.7232,1
peptide_pm_387,2.04991,-0.80945,1.00191,-0.52949,1.43747,0.45551,-0.72834,0.42473,-0.35045,-0.7232,1
peptide_pm_388,-0.62868,-0.15746,-0.13542,-1.30939,1.35249,1.644,-0.41917,-0.25479,-0.40907,-0.7232,1
peptide_pm_389,-0.69263,-0.80945,0.1379,-1.5194,0.05356,0.84728,0.65479,-0.45784,0.54133,0.29866,1
peptide_pm_390,1.94158,-0.80945,-0.317,-1.21731,0.25945,0.37371,-0.59357,-0.92252,-1.0788,0.77029,1
peptide_pm_391,0.58635,-0.80945,1.28088,-0.51135,1.72642,-1.10829,0.94117,0.70969,-0.40907,-0.7232,1
peptide_pm_392,-1.23619,-0.80945,0.66226,0.20414,0.41121,0.12549,0.347,0.07779,0.49159,-0.7232,1
peptide_pm_393,1.65558,-0.80945,0.69547,-0.31982,1.47215,-0.77802,0.99559,0.11171,0.28744,-0.7232,1
peptide_pm_394,-0.59071,-0.80945,-0.54851,-0.76074,0.93181,1.38597,0.62943,-1.159,-0.28815,-0.7232,1
peptide_pm_395,-0.86734,-0.80945,-0.11856,-1.12413,1.27236,0.48083,0.97356,-0.71981,0.78863,-0.7232,1
peptide_pm_396,1.94158,-0.80945,0.30036,0.34808,-0.71853,-0.22615,-1.77951,-0.29189,-1.0788,3.75728,1
peptide_pm_397,-0.59071,-0.80945,0.95631,-0.33678,1.72642,0.4112,0.14764,0.37815,-0.28815,-0.7232,1
peptide_pm_398,-1.23619,-0.80945,-1.05012,-2.03262,0.93181,-0.07618,2.55658,-1.67138,2.11014,-0.7232,1
peptide_pm_399,-0.44175,-0.80945,-0.93436,-2.2609,0.25945,2.17329,-0.0006,-1.55314,-0.23544,0.77029,1
peptide_pm_400,0.731,-0.28165,1.12351,0.89473,-0.39254,-0.9117,-1.04536,0.93933,-0.25552,1.12589,1
peptide_pm_401,-1.23619,-0.80945,-0.21411,-1.32602,1.19668,0.57366,1.11122,-0.81741,1.0823,-0.7232,1
peptide_pm_402,2.73602,-0.80945,0.91773,0.34808,-1.20752,-0.82601,-1.77951,0.33873,-1.0788,2.26378,1
peptide_pm_403,1.05886,1.65364,-0.65998,1.21774,-0.7457,0.14043,-0.49474,0.54894,0.09253,-0.7232,1
peptide_pm_404,-0.44175,-0.80945,-0.93436,-2.2609,0.74844,2.17329,-0.0006,-1.55314,-0.65712,0.77029,1
peptide_pm_405,-0.69263,-0.22609,-0.70692,-0.80536,0.38813,0.84728,0.65479,-0.88932,0.54133,-0.7232,1
peptide_pm_406,-0.44175,-0.80945,-0.93436,-2.2609,0.25945,1.57343,0.59237,-1.55314,0.18623,0.77029,1
peptide_pm_407,1.05886,-0.80945,1.12351,0.46404,1.72642,1.44013,-1.77951,0.54894,-2.34383,-0.7232,1
peptide_pm_408,-0.54768,-0.80945,1.12351,0.3133,0.87884,1.09354,-0.23779,0.54894,-0.15111,-0.7232,1
peptide_pm_409,1.63263,-0.80945,1.56939,1.97145,-0.39254,-1.59249,0.36177,1.00439,-0.51656,-0.7232,1
peptide_pm_410,-0.7198,-0.80945,-1.15044,-1.60866,1.09074,1.48345,0.53307,-1.77386,0.39707,0.24757,1
peptide_pm_411,-0.08866,-0.80945,2.01526,0.46404,0.31378,1.00689,-1.35126,1.45985,-1.73474,-0.7232,1
peptide_pm_412,-0.29731,-0.80945,2.09633,-0.22115,1.72642,1.5189,-1.77951,1.54265,-1.84548,-0.7232,1
peptide_pm_413,1.22279,-0.80945,1.88787,0.89473,1.12101,-0.54036,-0.67828,1.32972,-1.03864,-0.7232,1
peptide_pm_414,-0.47117,-0.80945,-0.06548,-1.29461,0.07834,0.86248,-0.06649,-0.66559,-0.1105,1.43407,1
peptide_pm_415,-0.56989,-0.45191,-0.77505,0.41541,-0.11912,-0.0133,1.20447,-1.12594,1.19282,0.52941,1
peptide_pm_416,0.4851,-0.80945,2.46113,1.21774,0.66694,-0.72603,-1.77951,1.9153,-2.34383,-0.7232,1
peptide_pm_417,1.34574,-0.80945,1.12351,1.21774,-1.45202,-0.07618,-1.77951,0.54894,-1.88701,-0.7232,1
peptide_pm_418,-0.33813,-0.80945,1.23983,0.23465,1.17365,-0.66952,-0.10373,0.66776,-0.67545,-0.7232,1
peptide_pm_419,-0.29731,-0.80945,2.09633,0.39552,1.72642,1.5189,-1.77951,1.54265,-2.34383,-0.7232,1
peptide_pm_420,-1.23619,-0.80945,-0.09251,-0.22115,-0.00727,2.22782,-0.37795,-0.6932,-0.84879,-0.7232,1
peptide_pm_421,1.63263,-0.80945,1.56939,1.97145,-0.03938,-1.59249,0.36177,1.00439,-0.51656,-0.7232,1
peptide_pm_422,3.06703,-0.80945,0.4547,1.21774,1.19668,-0.72603,-0.49474,-0.13423,-0.97338,-0.7232,1
peptide_pm_423,-1.23619,-0.80945,0.74134,0.32945,0.36424,0.20232,0.14764,0.15856,0.39707,-0.7232,1
peptide_pm_424,1.94158,-0.80945,0.30036,0.34808,-0.71853,-0.22615,-1.77951,-0.29189,-1.0788,3.75728,1
peptide_pm_425,-0.56264,0.39532,0.19299,-0.20774,0.62088,0.00858,-0.10373,0.48954,0.2779,-0.30113,1
peptide_pm_426,1.05886,1.65364,-0.21411,1.5946,-0.7457,-0.2928,-0.49474,1.00439,-0.21202,-0.7232,1
peptide_pm_427,0.9769,-0.80945,0.74134,1.54076,-0.08983,-0.9117,0.97356,0.15856,0.39707,-0.7232,1
peptide_pm_428,2.20639,-0.80945,1.12351,-0.28967,-0.39254,0.57366,-1.77951,0.54894,-2.34383,-0.7232,1
peptide_pm_429,0.4851,-0.80945,0.4547,1.21774,0.1372,-0.07618,0.79002,-0.13423,0.39707,-0.7232,1
peptide_pm_430,-1.23619,-0.80945,1.12351,-1.04338,1.72642,3.17305,-1.77951,0.54894,-2.34383,-0.7232,1
peptide_pm_431,-0.78716,-0.80945,-1.20278,-2.12478,0.89727,-0.33047,2.57753,-1.82732,0.99292,-0.7232,1
peptide_pm_432,-0.54768,-0.43999,-1.2842,0.53941,-0.18064,-0.20615,1.56089,-1.63722,1.67616,0.57116,1
peptide_pm_433,1.65558,-0.80945,0.69547,-0.31982,1.47215,-0.77802,0.99559,0.11171,0.28744,-0.7232,1
peptide_pm_434,-0.74439,-0.80945,-0.78737,-1.36639,1.12101,0.945,2.25833,-1.40299,0.52759,-0.7232,1
peptide_pm_435,3.06703,-0.80945,1.12351,-0.76074,1.72642,0.57366,-0.17355,0.54894,-0.74497,-0.7232,1
peptide_pm_436,-1.23619,-0.80945,1.65856,-0.59115,1.72642,2.65317,-1.77951,1.09548,-2.34383,-0.7232,1
peptide_pm_437,-0.83897,-0.80945,-0.00832,-0.43461,0.25945,0.67364,-0.0006,-0.6072,-0.0246,0.02355,1
peptide_pm_438,-0.59071,-0.46308,0.4547,-0.54876,0.53451,0.65489,0.14764,0.12196,0.39707,-0.11647,1
peptide_pm_439,1.34574,-0.80945,1.65856,0.76552,0.77289,-0.46609,-0.23779,1.09548,-1.24747,-0.7232,1
peptide_pm_440,0.74991,-0.80945,1.84377,-0.17371,0.25945,0.07378,-1.18654,1.28467,-1.28964,0.77029,1
peptide_pm_441,-0.67794,-0.50989,0.18356,-0.37115,0.52377,-0.12887,1.13726,-0.18963,0.76746,-0.7232,1
peptide_pm_442,2.04991,-0.80945,1.00191,-0.52949,1.14853,0.45551,-0.72834,0.42473,-0.35045,-0.7232,1
