,AASI,y
Neg_446,-0.18805,0
Neg_2228,-0.31991,0
Neg_2386,-0.21719,0
Neg_2835,0.4236,0
Neg_2149,-0.68599,0
Neg_2248,-0.47029,0
Neg_2739,0.09717,0
Neg_2580,0.17321,0
Neg_2765,-0.54133,0
Neg_939,-0.83222,0
Neg_1859,-0.28287,0
Neg_1088,-0.50788,0
Neg_448,-0.40349,0
Neg_2831,0.14825,0
Neg_358,-0.38113,0
Neg_2287,-0.417,0
Neg_2597,-0.21851,0
Neg_2648,-0.48535,0
Neg_152,-1.21493,0
Neg_2086,0.31071,0
Neg_966,-0.43602,0
Neg_2081,-0.09249,0
Neg_2579,-0.8288,0
Neg_542,0.00252,0
Neg_270,-0.15335,0
Neg_447,1.52836,0
Neg_2242,-0.50934,0
Neg_1615,-0.126,0
Neg_103,1.08426,0
Neg_1048,-0.96559,0
Neg_628,-0.53755,0
Neg_2169,0.10174,0
Neg_599,-0.3376,0
Neg_2490,-0.61917,0
Neg_62,-0.72177,0
Neg_1129,0.33383,0
Neg_190,3.07743,0
Neg_1522,-1.02525,0
Neg_165,0.02071,0
Neg_1152,-0.03222,0
Neg_217,0.06452,0
Neg_1140,0.79543,0
Neg_2378,-0.59955,0
Neg_1569,-0.55165,0
Neg_662,0.1081,0
Neg_688,0.34966,0
Neg_541,0.08607,0
Neg_624,-0.33403,0
Neg_2108,-1.06617,0
Neg_2808,-0.49047,0
Neg_2794,-0.25297,0
Neg_2286,-1.21987,0
Neg_373,-1.24896,0
Neg_2612,-0.75245,0
Neg_937,0.13896,0
Neg_1345,-0.82743,0
Neg_2671,-1.42156,0
Neg_2855,1.26724,0
Neg_279,0.26045,0
Neg_706,-0.4385,0
Neg_2921,-0.13324,0
Neg_994,-0.47279,0
Neg_2453,0.10888,0
Neg_2074,0.3334,0
Neg_1803,-0.84342,0
Neg_653,0.89168,0
Neg_1943,-0.92,0
Neg_1283,-1.10416,0
Neg_1383,1.09474,0
Neg_325,-0.43014,0
Neg_2702,-1.13413,0
Neg_2180,-0.39952,0
Neg_585,-0.83126,0
Neg_2047,-0.77659,0
Neg_2392,0.73057,0
Neg_919,1.99396,0
Neg_2566,-0.16019,0
Neg_404,-0.0456,0
Neg_953,-1.03844,0
Neg_1257,-0.87479,0
Neg_1680,-0.77212,0
Neg_1098,3.6948,0
Neg_1404,-0.86306,0
Neg_79,-0.83141,0
Neg_2483,1.64879,0
Neg_2866,3.10605,0
Neg_133,-0.84581,0
Neg_1514,-0.60387,0
Neg_1790,0.32409,0
Neg_2219,-0.29123,0
Neg_2758,-1.04091,0
Neg_621,0.25244,0
Neg_904,3.46659,0
Neg_736,0.44981,0
Neg_431,-0.37871,0
Neg_2469,1.39934,0
Neg_2895,-0.79907,0
Neg_202,-0.24408,0
Neg_478,-0.69094,0
Neg_1929,-1.13478,0
Neg_1179,-0.17274,0
Neg_116,-0.511,0
Neg_2854,-0.76379,0
Neg_2229,-0.29733,0
Neg_301,0.7529,0
Neg_2264,-0.79813,0
Neg_58,-0.75898,0
Neg_37,0.1083,0
Neg_1299,1.24992,0
Neg_2238,-0.10229,0
Neg_1065,-0.12345,0
Neg_2393,-0.68469,0
Neg_1063,-0.31994,0
Neg_2681,0.48537,0
Neg_1206,0.2872,0
Neg_926,2.00288,0
Neg_1834,2.11873,0
Neg_219,-0.11974,0
Neg_1051,-0.8407,0
Neg_2732,0.74477,0
Neg_22,-0.1128,0
Neg_2672,-0.95871,0
Neg_1925,-1.11575,0
Neg_1046,-0.10741,0
Neg_2602,-0.20544,0
Neg_2626,-0.67163,0
Neg_664,-1.08021,0
Neg_1033,-0.63277,0
Neg_1541,-0.78146,0
Neg_352,-0.35738,0
Neg_2763,0.15514,0
Neg_2198,-0.51712,0
Neg_260,0.0384,0
Neg_743,-0.09612,0
Neg_1798,0.13264,0
Neg_805,-0.68573,0
Neg_2446,-1.27623,0
Neg_1456,-0.25657,0
Neg_853,1.10984,0
Neg_1866,0.71558,0
Neg_1972,0.15512,0
Neg_1250,-0.3204,0
Neg_2893,-0.73325,0
Neg_415,-0.60405,0
Neg_2440,0.48778,0
Neg_1947,-0.21206,0
Neg_2296,-1.12814,0
Neg_1491,-0.86628,0
Neg_1592,0.26014,0
Neg_833,-0.84362,0
Neg_2254,2.10386,0
Neg_2786,-0.89241,0
Neg_1307,-0.82492,0
Neg_1022,0.2633,0
Neg_2289,-0.57716,0
Neg_2564,-0.00484,0
Neg_1131,0.29784,0
Neg_2814,0.4893,0
Neg_2346,-0.64917,0
Neg_2538,-1.10403,0
Neg_503,-0.22364,0
Neg_614,-1.12292,0
Neg_2227,-0.87838,0
Neg_1977,-0.33043,0
Neg_1151,-0.38831,0
Neg_2315,-0.56984,0
Neg_1180,-0.78001,0
Neg_308,0.21376,0
Neg_1426,-0.6118,0
Neg_12,-0.79197,0
Neg_506,-0.84363,0
Neg_136,-0.19296,0
Neg_378,-1.14396,0
Neg_2058,0.57028,0
Neg_2336,-0.22344,0
Neg_2220,-1.03128,0
Neg_262,0.08065,0
Neg_1888,-0.62199,0
Neg_2552,-1.1923,0
Neg_1340,-0.77576,0
Neg_1753,-0.55378,0
Neg_941,-0.61289,0
Neg_689,-0.90903,0
Neg_403,-1.19391,0
Neg_2524,-0.53822,0
Neg_1006,-1.21239,0
Neg_89,0.32422,0
Neg_1956,-0.30642,0
Neg_2723,-0.48603,0
Neg_34,-0.76792,0
Neg_757,-0.04625,0
Neg_1170,0.15038,0
Neg_1405,-1.25848,0
Neg_1634,-1.17327,0
Neg_835,-1.14873,0
Neg_1809,-0.76267,0
Neg_296,-0.57622,0
Neg_1989,-0.50255,0
Neg_636,-0.5904,0
Neg_1350,-0.93206,0
Neg_160,0.67459,0
Neg_1524,0.20903,0
Neg_836,-0.61582,0
Neg_1885,0.55858,0
Neg_1723,-1.00707,0
Neg_1139,-1.16755,0
Neg_531,0.25952,0
Neg_131,-0.91777,0
Neg_226,-0.72088,0
Neg_2031,-0.71775,0
Neg_1050,-0.70576,0
Neg_2215,1.54007,0
Neg_1008,-1.35868,0
Neg_755,-0.10715,0
Neg_1309,-0.87815,0
Neg_1348,-0.49119,0
Neg_2829,-0.80019,0
Neg_1281,-0.29038,0
Neg_2879,2.10063,0
Neg_2182,-0.78281,0
Neg_513,0.00963,0
Neg_2222,-0.92766,0
Neg_2348,-0.54482,0
Neg_549,-0.75605,0
Neg_2669,0.46258,0
Neg_1248,-0.27276,0
Neg_19,-0.6773,0
Neg_1763,0.11968,0
Neg_2832,-0.30614,0
Neg_1992,-1.01652,0
Neg_2675,-0.68092,0
Neg_203,-0.23558,0
Neg_2314,-0.7251,0
Neg_460,-0.78375,0
Neg_248,0.50392,0
Neg_418,0.73939,0
Neg_1007,-0.37294,0
Neg_2178,-0.8691,0
Neg_537,-0.54814,0
Neg_97,-0.31699,0
Neg_1719,-0.03446,0
Neg_1777,-1.26499,0
Neg_771,-0.64665,0
Neg_2070,-0.55722,0
Neg_1418,-0.90494,0
Neg_1167,-0.59654,0
Neg_2477,-0.45956,0
Neg_715,-0.12464,0
Neg_616,-1.28892,0
Neg_558,-0.61011,0
Neg_64,-0.42165,0
Neg_1316,-0.52207,0
Neg_1507,2.4025,0
Neg_1101,-0.15834,0
Neg_1796,-1.02464,0
Neg_1223,-0.62159,0
Neg_538,-0.3234,0
Neg_302,-0.51451,0
Neg_200,-0.28933,0
Neg_1730,-0.43663,0
Neg_876,-0.69296,0
Neg_326,-0.81854,0
Neg_1436,-0.39437,0
Neg_727,0.41138,0
Neg_1831,-1.13481,0
Neg_900,1.48853,0
Neg_1637,0.86491,0
Neg_2635,0.11005,0
Neg_2454,-0.85762,0
Neg_1216,-0.83555,0
Neg_2191,-0.85828,0
Neg_1275,-0.14135,0
Neg_2151,0.1553,0
Neg_1402,0.36564,0
Neg_717,0.17044,0
Neg_1862,0.13029,0
Neg_158,-1.19625,0
Neg_1740,-0.43548,0
Neg_1424,-0.22654,0
Neg_943,-0.11438,0
Neg_1688,-1.0293,0
Neg_148,-0.96359,0
Neg_2796,-0.90737,0
Neg_1887,-0.69382,0
Neg_2811,-0.12827,0
Neg_859,-0.49255,0
Neg_2155,0.13487,0
Neg_2045,-1.09748,0
Neg_1104,-0.25874,0
Neg_2638,-0.7045,0
Neg_962,-0.12309,0
Neg_2828,-0.49827,0
Neg_1944,0.11225,0
Neg_523,-0.21769,0
Neg_1319,-0.5386,0
Neg_562,-0.72994,0
Neg_2456,-0.162,0
Neg_1500,-0.65599,0
Neg_1913,0.52808,0
Neg_286,0.32742,0
Neg_2871,0.53145,0
Neg_456,-0.78688,0
Neg_984,-0.32977,0
Neg_1837,1.2554,0
Neg_2617,0.5174,0
Neg_139,-1.10003,0
Neg_1815,-1.11045,0
Neg_1157,-1.33414,0
Neg_1317,-0.92957,0
Neg_2405,0.03089,0
Neg_45,-0.85744,0
Neg_1797,-0.23687,0
Neg_2769,-0.46057,0
Neg_1390,-0.79899,0
Neg_1018,-0.87876,0
Neg_602,-1.26893,0
Neg_182,-0.7609,0
Neg_1056,-0.38752,0
Neg_2567,-0.70643,0
Neg_849,-0.07621,0
Neg_2338,-0.29491,0
Neg_422,-0.77371,0
Neg_1421,-0.15991,0
Neg_2439,-0.6569,0
Neg_563,-0.2245,0
Neg_1622,0.82605,0
Neg_1578,-0.2416,0
Neg_1939,-1.072,0
Neg_163,-0.69842,0
Neg_287,-1.00025,0
Neg_787,1.68682,0
Neg_1846,0.6318,0
Neg_1280,-0.93985,0
Neg_1918,1.48555,0
Neg_999,1.03374,0
Neg_314,-0.71032,0
Neg_2192,-0.31039,0
Neg_605,-0.92038,0
Neg_413,0.04408,0
Neg_1861,-0.73334,0
Neg_342,3.35027,0
Neg_398,-0.98037,0
Neg_96,0.36942,0
Neg_1924,1.17824,0
Neg_592,-0.27537,0
Neg_1985,-0.71008,0
Neg_1045,-0.29998,0
Neg_2542,-1.07129,0
Neg_2165,0.12343,0
Neg_1526,-0.63066,0
Neg_2709,-0.59158,0
Neg_2230,-0.6704,0
Neg_2137,-0.67521,0
Neg_2068,0.02306,0
Neg_2163,0.26128,0
Neg_2247,-1.21047,0
Neg_529,-1.15624,0
Neg_936,-0.41509,0
Neg_2418,-0.67668,0
Neg_2487,-0.17071,0
Neg_703,-0.13941,0
Neg_1742,-0.82545,0
Neg_305,-0.45552,0
Neg_1078,-1.1628,0
Neg_1672,-0.4498,0
Neg_2568,0.6519,0
Neg_1911,-0.83072,0
Neg_2397,-0.35401,0
Neg_992,-0.99726,0
Neg_1161,-0.7186,0
Neg_2581,0.40233,0
Neg_701,-0.76266,0
Neg_464,-0.24125,0
Neg_1692,-0.56891,0
Neg_774,-0.56071,0
Neg_2620,-0.11053,0
Neg_979,-0.5234,0
Neg_2827,-0.48934,0
Neg_2729,-0.25966,0
Neg_2277,-0.34463,0
Neg_1632,-0.48433,0
Neg_2756,1.69208,0
Neg_1898,0.1538,0
Neg_1391,-0.39568,0
Neg_1059,0.05746,0
Neg_1746,-0.29329,0
Neg_1847,-0.69359,0
Neg_1490,-0.53625,0
Neg_450,1.82357,0
Neg_1448,0.04044,0
Neg_2410,-0.37727,0
Neg_1301,-0.89194,0
Neg_696,2.21484,0
Neg_2757,1.04506,0
Neg_815,-0.5018,0
Neg_890,0.08929,0
Neg_2049,-0.29811,0
Neg_634,0.32148,0
Neg_1241,-0.49817,0
Neg_1265,-0.30543,0
Neg_1145,-1.00729,0
Neg_364,0.53159,0
Neg_2428,-0.99645,0
Neg_2873,-0.27985,0
Neg_2762,-0.64433,0
Neg_1932,-0.4666,0
Neg_218,4.47053,0
Neg_1471,-1.00927,0
Neg_211,-0.00552,0
Neg_88,-1.10113,0
Neg_1800,-0.79706,0
Neg_1995,0.86377,0
Neg_2231,-1.17542,0
Neg_1090,0.9933,0
Neg_1457,-0.80585,0
Neg_795,0.12867,0
Neg_1614,0.28163,0
Neg_732,-0.14931,0
Neg_2025,-0.65039,0
Neg_2088,1.0297,0
Neg_2527,-0.76116,0
Neg_2021,-0.36198,0
Neg_2570,-1.10595,0
Neg_215,0.63684,0
Neg_2516,-0.78975,0
Neg_1712,-1.14283,0
Neg_2010,-0.40322,0
Neg_1285,-0.48974,0
Neg_2834,-0.05448,0
Neg_2013,-0.4838,0
Neg_945,-0.55041,0
Neg_1787,-0.50954,0
Neg_935,-0.83649,0
Neg_2099,0.0486,0
Neg_2179,-0.53342,0
Neg_2726,-0.83643,0
Neg_1484,-1.19279,0
Neg_2381,-0.72358,0
Neg_1458,-0.78434,0
Neg_216,-1.27137,0
Neg_2725,-1.27848,0
Neg_406,-0.53002,0
Neg_1363,-0.36833,0
Neg_1311,0.29464,0
Neg_1149,0.71155,0
Neg_1218,1.83976,0
Neg_1597,-0.89017,0
Neg_2745,-0.68981,0
Neg_1477,-1.08901,0
Neg_2803,-0.08375,0
Neg_104,-0.96525,0
Neg_1900,-0.96071,0
Neg_2586,-1.12274,0
Neg_2050,-1.11945,0
Neg_1069,-0.26488,0
Neg_336,0.9509,0
Neg_2260,-0.78039,0
Neg_1733,-0.27745,0
Neg_1555,1.6362,0
Neg_2329,0.03847,0
Neg_1878,-1.04989,0
Neg_1893,-0.81832,0
Neg_1716,-0.56814,0
Neg_2322,-0.50697,0
Neg_101,1.12333,0
Neg_16,0.61994,0
Neg_31,-0.66331,0
Neg_240,1.04259,0
Neg_1117,-0.8537,0
Neg_2262,-0.01366,0
Neg_2861,-0.56058,0
Neg_1225,-0.77415,0
Neg_261,-1.29399,0
Neg_609,0.32669,0
Neg_1352,-0.71988,0
Neg_733,-0.37592,0
Neg_2593,-0.35425,0
Neg_2259,-0.14304,0
Neg_1785,-0.92798,0
Neg_847,0.02471,0
Neg_684,-0.79917,0
Neg_1411,0.90412,0
Neg_680,1.59103,0
Neg_502,-0.00956,0
Neg_1097,-0.49933,0
Neg_1826,-0.03329,0
Neg_702,-0.01236,0
Neg_1626,0.41607,0
Neg_2358,-1.03908,0
Neg_1026,-0.44795,0
Neg_82,-0.86981,0
Neg_509,-0.82538,0
Neg_1235,-0.55907,0
Neg_2118,-0.25655,0
Neg_1303,-0.44629,0
Neg_72,0.1853,0
Neg_1147,-0.47354,0
Neg_2437,-0.16284,0
Neg_1770,0.11505,0
Neg_177,-0.425,0
Neg_978,0.0145,0
Neg_724,-0.19998,0
Neg_1766,-0.67124,0
Neg_868,-0.91493,0
Neg_1825,-1.11267,0
Neg_2020,-0.69139,0
Neg_1628,0.51656,0
Neg_892,-0.73768,0
Neg_2692,-0.23651,0
Neg_512,2.06558,0
Neg_2128,-0.15132,0
Neg_1647,-0.09048,0
Neg_2419,1.00042,0
Neg_2659,-1.13049,0
Neg_1214,-0.52395,0
Neg_411,0.06814,0
Neg_2321,0.34949,0
Neg_1384,-0.44303,0
Neg_1489,-1.05548,0
Neg_2666,-0.44491,0
Neg_1905,-0.83365,0
Neg_55,-0.74537,0
Neg_1178,-0.04322,0
Neg_2369,-0.80652,0
Neg_1,-0.81732,0
Neg_1999,-0.80452,0
Neg_1883,0.21774,0
Neg_1643,-0.47379,0
Neg_2885,1.08895,0
Neg_1786,-1.07158,0
Neg_1933,-0.92692,0
Neg_814,-0.48964,0
Neg_1593,0.01917,0
Neg_1298,-1.10513,0
Neg_285,-0.96215,0
Neg_2792,-0.7023,0
Neg_2154,-1.0913,0
Neg_1689,-0.68673,0
Neg_603,-0.29121,0
Neg_1021,-0.67126,0
Neg_1820,-0.65705,0
Neg_222,-1.32686,0
Neg_256,-0.31755,0
Neg_704,-0.68662,0
Neg_144,-1.18835,0
Neg_2067,-0.55718,0
Neg_1406,-0.57794,0
Neg_2616,-0.08235,0
Neg_648,0.06111,0
Neg_2774,-0.17267,0
Neg_292,-0.62115,0
Neg_2667,-0.09263,0
Neg_257,-0.67818,0
Neg_1768,0.01959,0
Neg_2249,-0.50531,0
Neg_779,-0.83447,0
Neg_2513,-1.28066,0
Neg_2425,-0.89697,0
Neg_2272,1.01333,0
Neg_361,-0.59602,0
Neg_1745,0.49166,0
Neg_2902,-0.46704,0
Neg_808,-0.9039,0
Neg_407,-1.00048,0
Neg_191,-0.41364,0
Neg_1737,-0.95657,0
Neg_1001,0.08113,0
Neg_2120,-0.36879,0
Neg_960,-0.89067,0
Neg_1356,-0.46369,0
Neg_1764,0.37848,0
Neg_901,0.05372,0
Neg_2556,-0.99067,0
Neg_303,-1.28646,0
Neg_654,-0.85852,0
Neg_251,-0.46447,0
Neg_1958,-0.71602,0
Neg_2857,-1.14078,0
Neg_1824,-0.01802,0
Neg_9,0.23639,0
Neg_1397,-1.38678,0
Neg_1841,-0.31075,0
Neg_1197,-0.22747,0
Neg_1357,-1.14912,0
Neg_2898,0.04933,0
Neg_2132,2.75752,0
Neg_647,-1.19868,0
Neg_2646,-1.16139,0
Neg_476,-1.20572,0
Neg_231,0.27378,0
Neg_451,-0.68035,0
Neg_1073,-0.0235,0
Neg_7,-0.67796,0
Neg_1877,-0.04645,0
Neg_2912,1.40122,0
Neg_1968,0.92903,0
Neg_2590,-0.3589,0
Neg_2781,-0.70561,0
Neg_940,0.32742,0
Neg_459,0.09219,0
Neg_1657,-0.5512,0
Neg_2544,-1.14052,0
Neg_2345,-0.38081,0
Neg_2406,0.01731,0
Neg_2060,-1.11076,0
Neg_2697,-1.33914,0
Neg_1979,-0.30506,0
Neg_875,0.8347,0
Neg_798,-0.46557,0
Neg_2520,-0.60012,0
Neg_2252,-1.22256,0
Neg_1502,-1.25443,0
Neg_2316,-0.13734,0
Neg_2282,0.90739,0
Neg_2664,-0.24731,0
Neg_1274,-0.08158,0
Neg_1290,0.1187,0
Neg_299,-0.08846,0
Neg_2528,-1.06963,0
Neg_1387,-0.85307,0
Neg_13,-0.92809,0
Neg_586,-0.23146,0
Neg_1691,-0.24004,0
Neg_629,0.24236,0
Neg_1089,-0.09141,0
Neg_2884,0.08134,0
Neg_2610,-0.8281,0
Neg_470,-0.79987,0
Neg_1649,0.73792,0
Neg_1177,-0.04649,0
Neg_2447,-0.33996,0
Neg_10,-1.10076,0
Neg_2623,-0.05745,0
Neg_265,0.26799,0
Neg_273,0.67914,0
Neg_2305,-0.65187,0
Neg_915,-0.60507,0
Neg_1945,-1.14009,0
Neg_961,-0.11319,0
Neg_2662,-0.64208,0
Neg_1146,-0.96515,0
Neg_1137,-0.356,0
Neg_41,0.16178,0
Neg_1496,-0.49473,0
Neg_2270,-0.67519,0
Neg_1721,-1.04229,0
Neg_2196,0.03683,0
Neg_1988,-1.1546,0
Neg_2464,-0.142,0
Neg_521,-0.89527,0
Neg_1062,-0.43142,0
Neg_899,0.82004,0
Neg_374,-0.72921,0
Neg_2106,-0.33435,0
Neg_3,-0.94998,0
Neg_405,-0.3804,0
Neg_1873,1.93141,0
Neg_2506,0.61569,0
Neg_2777,-1.09047,0
Neg_762,0.37777,0
Neg_401,-0.07436,0
Neg_1801,1.70228,0
Neg_2863,-0.69583,0
Neg_2412,-0.669,0
Neg_1094,-1.22553,0
Neg_1795,0.48498,0
Neg_1144,0.6673,0
Neg_1201,-0.9294,0
Neg_2435,2.00805,0
Neg_252,-0.40401,0
Neg_2676,0.21714,0
Neg_322,-0.23502,0
Neg_1525,-0.81542,0
Neg_1228,-0.60271,0
Neg_2042,-1.06958,0
Neg_2308,0.80741,0
Neg_2157,-1.01565,0
Neg_2159,-0.80426,0
Neg_2734,-0.92674,0
Neg_1207,-0.99308,0
Neg_120,-0.72795,0
Neg_2631,-0.91841,0
Neg_595,0.64103,0
Neg_993,0.38002,0
Neg_1596,-0.27762,0
Neg_2868,0.5222,0
Neg_579,-0.3185,0
Neg_1663,0.69702,0
Neg_1040,-0.65303,0
Neg_2240,-0.71467,0
Neg_2349,-0.49985,0
Neg_2207,-0.96145,0
Neg_1153,1.09239,0
Neg_580,2.52731,0
Neg_2390,-1.08428,0
Neg_1683,-0.65936,0
Neg_2601,-0.42702,0
Neg_2888,-1.0066,0
Neg_1121,0.13673,0
Neg_2688,-0.49748,0
Neg_1493,2.17434,0
Neg_1272,-0.06695,0
Neg_1242,-0.11117,0
Neg_1292,2.185,0
Neg_2398,-0.76858,0
Neg_1990,-0.28114,0
Neg_2241,-0.42761,0
Neg_508,-0.42108,0
Neg_307,-0.22718,0
Neg_2448,-0.96874,0
Neg_600,-0.1946,0
Neg_601,-0.49575,0
Neg_1217,-0.34975,0
Neg_839,-0.73323,0
Neg_682,-0.54405,0
Neg_2187,0.05407,0
Neg_2821,-0.27222,0
Neg_2789,-0.59139,0
Neg_169,-0.20763,0
Neg_320,-0.67243,0
Neg_2889,-0.91428,0
Neg_17,0.96461,0
Neg_1714,-0.41152,0
Neg_2605,0.17785,0
Neg_1527,4.06657,0
Neg_83,0.64536,0
Neg_2246,-1.19837,0
Neg_114,0.64995,0
Neg_1808,0.05201,0
Neg_958,1.68312,0
Neg_2093,-0.86258,0
Neg_1561,-0.6458,0
Neg_1870,0.40684,0
Neg_1335,-0.90417,0
Neg_1574,-0.78319,0
Neg_2188,-1.01054,0
Neg_608,0.45776,0
Neg_1240,-1.28612,0
Neg_2628,-1.12145,0
Neg_1855,0.54593,0
Neg_1793,0.43124,0
Neg_2263,-0.56584,0
Neg_2400,-0.16603,0
Neg_1583,0.58579,0
Neg_410,0.69624,0
Neg_2849,-0.50364,0
Neg_1389,-1.31611,0
Neg_130,-1.10193,0
Neg_2784,0.0493,0
Neg_2759,0.02986,0
Neg_2148,-0.26526,0
Neg_2886,-0.679,0
Neg_903,-0.61516,0
Neg_2844,-0.75304,0
Neg_1071,-1.15518,0
Neg_2491,0.15778,0
Neg_2731,-0.98673,0
Neg_1497,-0.1602,0
Neg_2096,-0.82554,0
Neg_2234,-1.0746,0
Neg_263,-0.79629,0
Neg_2409,-0.08391,0
Neg_171,-1.31207,0
Neg_2185,-0.50432,0
Neg_1630,-0.1241,0
Neg_239,-0.23073,0
Neg_933,-1.0149,0
Neg_2276,-0.01012,0
Neg_2707,-1.04786,0
Neg_1971,0.68643,0
Neg_293,-0.45403,0
Neg_766,-0.91468,0
Neg_1208,-1.00016,0
Neg_1076,-0.22654,0
Neg_2860,-1.14652,0
Neg_2048,1.12668,0
Neg_837,-0.10785,0
Neg_2085,1.38625,0
Neg_1812,-0.79215,0
Neg_659,-0.35525,0
Neg_2775,-0.15669,0
Neg_807,-0.21396,0
Neg_379,-0.9211,0
Neg_683,-0.59254,0
Neg_2124,-0.76557,0
Neg_1239,-0.3939,0
Neg_1478,-0.84292,0
Neg_711,0.09604,0
Neg_1422,-1.34889,0
Neg_2642,0.77321,0
Neg_2243,-0.98857,0
Neg_419,-0.31906,0
Neg_2335,-0.99116,0
Neg_708,-0.09973,0
Neg_2224,-0.8937,0
Neg_75,-0.9234,0
Neg_1927,-0.49141,0
Neg_396,0.80849,0
Neg_2062,-0.68064,0
Neg_1758,-0.58337,0
Neg_1696,-0.98922,0
Neg_1938,-0.31162,0
Neg_2212,-0.68614,0
Neg_491,-1.01261,0
Neg_857,-0.57105,0
Neg_2686,0.49274,0
Neg_2549,-0.90731,0
Neg_465,-0.10854,0
Neg_214,-0.87383,0
Neg_1450,-0.18073,0
Neg_2311,-1.06714,0
Neg_566,-0.36133,0
Neg_1468,-0.87183,0
Neg_324,0.50432,0
Neg_1106,-0.89238,0
Neg_1455,-0.17254,0
Neg_1775,-0.92826,0
Neg_2533,-0.62324,0
Neg_84,-0.95434,0
Neg_2087,-0.60773,0
Neg_454,-0.34529,0
Neg_1320,-0.36216,0
Neg_534,-0.27853,0
Neg_2600,-0.78055,0
Neg_2303,-0.20538,0
Neg_1332,0.91133,0
Neg_1096,-0.84475,0
Neg_278,0.76385,0
Neg_2916,0.7204,0
Neg_365,-0.81307,0
Neg_929,-0.97181,0
Neg_955,-1.1102,0
Neg_1510,-0.57651,0
Neg_974,-0.57223,0
Neg_2768,0.04898,0
Neg_1142,1.39845,0
Neg_1174,-0.56954,0
Neg_848,-0.28355,0
Neg_991,-1.18887,0
Neg_565,-0.19607,0
Neg_1973,-0.49686,0
Neg_1172,-0.02614,0
Neg_2450,0.36953,0
Neg_2795,0.00934,0
Neg_33,-0.23549,0
Neg_2216,1.62718,0
Neg_2359,-0.94155,0
Neg_515,-0.89022,0
Neg_208,-0.68727,0
Neg_2503,-0.57101,0
Neg_2396,0.20878,0
Neg_1670,1.08116,0
Neg_8,-0.72387,0
Neg_1802,-0.53206,0
Neg_1617,-0.09296,0
Neg_1353,-0.89017,0
Neg_917,-1.27758,0
Neg_1912,-0.72972,0
Neg_2647,-0.94645,0
Neg_2682,-0.15241,0
Neg_1130,-0.92501,0
Neg_1914,0.28264,0
Neg_1659,-0.54461,0
Neg_1233,1.27063,0
Neg_2379,-1.01258,0
Neg_1832,-0.75723,0
Neg_1156,-0.59871,0
Neg_2258,-0.60178,0
Neg_461,0.8305,0
Neg_1432,-0.81213,0
Neg_1840,0.55476,0
Neg_51,0.0286,0
Neg_2078,-0.25866,0
Neg_1658,-1.02989,0
Neg_1291,-0.90122,0
Neg_2421,-0.47036,0
Neg_1107,-0.51659,0
Neg_57,-1.32368,0
Neg_56,2.31074,0
Neg_1535,-0.30438,0
Neg_728,1.00233,0
Neg_612,0.20323,0
Neg_1789,0.25817,0
Neg_2923,-0.50733,0
Neg_998,-0.07515,0
Neg_2027,0.45449,0
Neg_1120,-0.93462,0
Neg_938,0.05764,0
Neg_1639,0.10672,0
Neg_1380,-0.10644,0
Neg_995,0.57951,0
Neg_274,1.42753,0
Neg_1731,-0.28705,0
Neg_1423,-1.05931,0
Neg_1720,0.12878,0
Neg_1176,-0.31351,0
Neg_298,3.20126,0
Neg_1494,-1.2914,0
Neg_2041,-0.90304,0
Neg_2033,0.15394,0
Neg_1010,-0.46602,0
Neg_964,-0.29256,0
Neg_735,-1.06765,0
Neg_245,-1.04657,0
Neg_317,0.00734,0
Neg_1277,-1.10952,0
Neg_213,-0.99333,0
Neg_109,-0.45074,0
Neg_1604,-0.57954,0
Neg_2004,1.09909,0
Neg_1848,-1.17173,0
Neg_1998,-0.69452,0
Neg_968,-0.87545,0
Neg_1860,-0.1594,0
Neg_854,-0.98911,0
Neg_229,2.20188,0
Neg_397,-0.69295,0
Neg_1864,-0.80616,0
Neg_2553,-0.88423,0
Neg_1504,-0.66585,0
Neg_2824,-0.9105,0
Neg_20,-0.81862,0
Neg_1594,-0.56746,0
Neg_2657,-0.3121,0
Neg_1823,-0.28662,0
Neg_2352,-0.64777,0
Neg_675,0.13769,0
Neg_38,0.45432,0
Neg_2630,0.7199,0
Neg_1313,-0.80271,0
Neg_2083,-0.20801,0
Neg_224,-1.06478,0
Neg_1271,-0.25251,0
Neg_2404,0.43156,0
Neg_91,-0.70144,0
Neg_2318,-0.76697,0
Neg_2034,-0.78963,0
Neg_2914,-0.53824,0
Neg_2749,-0.70071,0
Neg_1143,0.03945,0
Neg_80,-0.89988,0
Neg_289,-0.07305,0
Neg_1262,0.30782,0
Neg_2269,-0.07236,0
Neg_922,-0.98841,0
Neg_1843,-0.56484,0
Neg_40,-0.4324,0
Neg_1771,0.19273,0
Neg_1068,-1.03388,0
Neg_1857,-0.41581,0
Neg_635,-0.89529,0
Neg_2908,-0.09141,0
Neg_2651,-1.19579,0
Neg_781,-1.35041,0
Neg_574,1.12786,0
Neg_151,-0.15303,0
Neg_356,0.16755,0
Neg_1012,-1.31616,0
Neg_455,-1.42273,0
Neg_2395,-0.70397,0
Neg_173,-0.88595,0
Neg_1744,0.69018,0
Neg_1127,-0.28366,0
Neg_872,0.87825,0
Neg_556,-0.71493,0
Neg_1872,-0.84517,0
Neg_1175,-0.93922,0
Neg_2738,-1.16897,0
Neg_2341,0.08045,0
Neg_2539,-0.61645,0
Neg_2859,0.21015,0
Neg_106,-0.66579,0
Neg_453,-0.55632,0
Neg_1396,-1.00799,0
Neg_2665,0.65449,0
Neg_2357,-0.60375,0
Neg_1937,-0.88611,0
Neg_2673,0.45013,0
Neg_693,-0.74722,0
Neg_769,-1.04914,0
Neg_2833,-0.26393,0
Neg_2773,-0.40681,0
Neg_1447,0.83751,0
Neg_29,-0.07248,0
Neg_489,-0.8424,0
Neg_2545,-0.04751,0
Neg_1306,0.6705,0
Neg_617,-0.16145,0
Neg_1372,1.71342,0
Neg_2481,-1.21089,0
Neg_1908,-1.18796,0
Neg_1981,2.87478,0
Neg_906,-0.64231,0
Neg_1425,-0.44421,0
Neg_846,-0.25799,0
Neg_2611,0.58733,0
Neg_1230,0.69399,0
Neg_1906,-0.7561,0
Neg_2554,-0.21479,0
Neg_348,0.66146,0
Neg_477,0.7982,0
Neg_67,-0.29029,0
Neg_2639,-0.69747,0
Neg_2012,-1.15132,0
Neg_1028,0.01591,0
Neg_1874,0.4274,0
Neg_1109,-0.14045,0
Neg_2529,-0.40973,0
Neg_2141,-0.19515,0
Neg_2462,-0.5352,0
Neg_2011,-1.20638,0
Neg_377,-0.83361,0
Neg_90,0.89601,0
Neg_1506,-0.28609,0
Neg_767,-0.54265,0
Neg_434,1.16825,0
Neg_1460,-0.53385,0
Neg_1666,-0.27784,0
Neg_126,-0.97467,0
Neg_2668,-0.90934,0
Neg_1674,-0.62295,0
Neg_2140,-0.73894,0
Neg_323,-0.1576,0
Neg_2514,-0.96103,0
Neg_598,-0.53719,0
Neg_2337,-0.1181,0
Neg_497,-1.12667,0
Neg_2693,-0.45453,0
Neg_1651,-1.1305,0
Neg_2347,-0.30532,0
Neg_68,-0.74598,0
Neg_318,0.10916,0
Neg_2441,-0.13814,0
Neg_2136,-0.82178,0
Neg_870,-0.81267,0
Neg_699,-1.05155,0
Neg_1726,-0.88827,0
Neg_1325,-0.24136,0
Neg_2002,-0.59269,0
Neg_519,-0.66326,0
Neg_199,-0.18506,0
Neg_471,-0.69157,0
Neg_1673,1.38745,0
Neg_272,-0.97588,0
Neg_118,-0.77727,0
Neg_135,0.61987,0
Neg_2502,-0.61569,0
Neg_2787,-0.49196,0
Neg_546,-0.9311,0
Neg_127,-0.86378,0
Neg_1784,-0.27985,0
Neg_439,0.32963,0
Neg_535,-0.72366,0
Neg_227,-0.64221,0
Neg_2299,-0.24954,0
Neg_2627,0.14072,0
Neg_1982,1.68679,0
Neg_1382,-0.07017,0
Neg_2090,-0.92249,0
Neg_1532,0.13037,0
Neg_527,-1.00999,0
Neg_11,-0.40624,0
Neg_1246,-0.66582,0
Neg_2525,-0.56283,0
Neg_2818,-0.40363,0
Neg_1920,1.56423,0
Neg_918,-0.61898,0
Neg_102,0.51306,0
Neg_2621,0.05138,0
Neg_1585,-0.58407,0
Neg_266,-0.97221,0
Neg_710,-0.0171,0
Neg_712,0.01661,0
Neg_24,-0.05057,0
Neg_170,0.28682,0
Neg_721,-0.70419,0
Neg_1365,-0.50874,0
Neg_1735,-1.11298,0
Neg_954,-1.18071,0
Neg_1993,-0.49908,0
Neg_1652,-0.98292,0
Neg_2306,-0.66643,0
Neg_2479,-0.68923,0
Neg_423,-0.0552,0
Neg_2799,-0.04421,0
Neg_822,-0.75819,0
Neg_931,0.33411,0
Neg_2497,-1.15899,0
Neg_2925,-1.27817,0
Neg_267,-1.2274,0
Neg_242,-0.78866,0
Neg_233,-0.7648,0
Neg_1868,-0.76584,0
Neg_2032,-1.13024,0
Neg_2720,-0.9263,0
Neg_2343,-0.43703,0
Neg_2055,-0.94761,0
Neg_2624,0.26881,0
Neg_745,-1.08016,0
Neg_2850,-0.19297,0
Neg_1483,0.98339,0
Neg_2708,-0.74553,0
Neg_2131,-1.02424,0
Neg_440,0.4952,0
Neg_793,-1.12744,0
Neg_2000,-0.23068,0
Neg_328,-0.41887,0
Neg_2022,0.62866,0
Neg_1676,0.82919,0
Neg_47,-0.70166,0
Neg_889,-0.26148,0
Neg_2715,-0.93394,0
Neg_2214,-0.47846,0
Neg_1579,-1.24498,0
Neg_878,-1.1261,0
Neg_2103,-0.22468,0
Neg_1114,-1.16327,0
Neg_681,-1.31348,0
Neg_346,-0.1095,0
Neg_2532,-0.65399,0
Neg_1669,-0.1092,0
Neg_949,-0.90014,0
Neg_1081,-0.46847,0
Neg_501,-0.51171,0
Neg_2079,-0.14115,0
Neg_2360,-0.7382,0
Neg_1492,-0.80795,0
Neg_1400,-0.0741,0
Neg_840,0.29085,0
Neg_1343,-0.10971,0
Neg_1169,-1.13436,0
Neg_1095,0.04113,0
Neg_2160,-1.12202,0
Neg_1886,0.32582,0
Neg_462,-0.54734,0
Neg_1618,-0.4974,0
Neg_1638,-0.79949,0
Neg_335,-0.60131,0
Neg_2543,-0.56287,0
Neg_1503,-0.10437,0
Neg_2634,-0.08228,0
Neg_1295,-0.06793,0
Neg_1778,-0.252,0
Neg_1420,-0.97927,0
Neg_2915,-0.20547,0
Neg_823,-0.99409,0
Neg_1675,-1.26506,0
Neg_589,-0.85472,0
Neg_1481,-0.58274,0
Neg_2342,-0.49552,0
Neg_1054,0.01699,0
Neg_2098,-0.19249,0
Neg_2847,0.43177,0
Neg_2645,-0.64887,0
Neg_1236,0.25386,0
Neg_1108,-0.94908,0
Neg_2375,-0.4752,0
Neg_1516,-0.47884,0
Neg_1038,-0.55346,0
Neg_2217,-0.57468,0
Neg_2728,0.2014,0
Neg_1386,0.07519,0
Neg_1513,-0.64727,0
Neg_816,-0.23629,0
Neg_2754,-0.61475,0
Neg_363,-0.32249,0
Neg_2326,-0.89451,0
Neg_2442,-1.21262,0
Neg_2080,0.39966,0
Neg_1213,-0.7861,0
Neg_2687,-1.36377,0
Neg_1636,0.89489,0
Neg_1037,-0.23572,0
Neg_36,-0.34656,0
Neg_1469,-0.06186,0
Neg_1928,-0.36473,0
Neg_916,-1.16486,0
Neg_1155,-0.883,0
Neg_2793,-1.17452,0
Neg_2052,0.53216,0
Neg_1029,-0.31843,0
Neg_2685,0.85354,0
Neg_280,-0.49706,0
Neg_2924,-1.13123,0
Neg_1552,-0.61133,0
Neg_2150,-0.32913,0
Neg_1454,-0.11752,0
Neg_1438,-0.69438,0
Neg_2910,-0.20667,0
Neg_2210,-0.47349,0
Neg_284,-0.84742,0
Neg_2162,-0.98018,0
Neg_740,-0.51657,0
Neg_1850,1.8778,0
Neg_2864,-0.23442,0
Neg_2319,-0.63516,0
Neg_2530,-0.53479,0
Neg_2094,1.00151,0
Neg_321,1.2343,0
Neg_2126,0.49199,0
Neg_15,-0.97336,0
Neg_1360,-0.48145,0
Neg_2640,-0.43868,0
Neg_1251,0.19536,0
Neg_830,0.74472,0
Neg_782,0.30252,0
Neg_2913,-0.76724,0
Neg_794,-0.96324,0
Neg_1435,-0.42629,0
Neg_520,-0.41911,0
Neg_4,-0.82905,0
Neg_228,-0.77897,0
Neg_977,-0.91683,0
Neg_618,-0.64402,0
Neg_1278,-0.81471,0
Neg_1858,0.13707,0
Neg_479,-0.12325,0
Neg_957,0.49629,0
Neg_2917,-0.22178,0
Neg_1765,-1.08093,0
Neg_1991,0.78726,0
Neg_526,-0.23742,0
Neg_1715,-0.50429,0
Neg_722,0.18738,0
Neg_747,0.45355,0
Neg_2498,2.01446,0
Neg_2636,-0.33957,0
Neg_1015,0.50664,0
Neg_785,-1.00833,0
Neg_560,-0.32576,0
Neg_1254,-0.61833,0
Neg_1430,2.56376,0
Neg_1253,-0.69054,0
Neg_2909,-1.19855,0
Neg_1540,-0.54233,0
Neg_997,-0.69915,0
Neg_2812,0.01273,0
Neg_2694,-0.31379,0
Neg_420,0.06997,0
Neg_92,-0.88442,0
Neg_1822,-0.7663,0
Neg_678,-0.85387,0
Neg_952,-0.0427,0
Neg_1067,-0.47077,0
Neg_1023,1.27361,0
Neg_94,-0.38103,0
Neg_1575,-0.43768,0
Neg_2350,-0.66828,0
Neg_2445,-0.24952,0
Neg_2226,-1.06403,0
Neg_568,-0.14678,0
Neg_2515,-0.65553,0
Neg_1334,-0.86908,0
Neg_930,0.42263,0
Neg_354,2.46094,0
Neg_2604,0.82622,0
Neg_69,-0.4756,0
Neg_2782,-0.65504,0
Neg_1205,0.18396,0
Neg_1269,1.02299,0
Neg_1188,-0.95664,0
Neg_2705,-0.98956,0
Neg_2896,-0.02081,0
Neg_2890,-0.35347,0
Neg_2813,-0.00111,0
Neg_483,-0.42164,0
Neg_2333,0.48874,0
Neg_1243,0.00534,0
Neg_2268,-0.64289,0
Neg_2001,-0.88505,0
Neg_783,-0.94136,0
Neg_1611,-0.80632,0
Neg_2424,0.18701,0
Neg_472,-0.29873,0
Neg_1791,0.808,0
Neg_645,2.71773,0
Neg_1781,0.32597,0
Neg_205,-0.66937,0
Neg_2771,-0.61308,0
Neg_1957,-0.10755,0
Neg_2408,0.65951,0
Neg_2298,-0.77339,0
Neg_2301,-0.297,0
Neg_2235,-1.07993,0
Neg_2056,-0.51819,0
Neg_803,-0.93699,0
Neg_2461,-0.4159,0
Neg_1185,-0.92,0
Neg_1794,-0.49051,0
Neg_970,-0.68086,0
Neg_1479,0.04685,0
Neg_775,-0.30085,0
Neg_748,-0.70686,0
Neg_1293,-0.49292,0
Neg_2907,-0.21308,0
Neg_626,0.26487,0
Neg_1211,-0.74876,0
Neg_2029,-1.01178,0
Neg_2484,-0.90412,0
Neg_737,0.04698,0
Neg_2637,0.1418,0
Neg_493,-0.02096,0
Neg_1851,0.23615,0
Neg_275,-0.39321,0
Neg_606,0.1023,0
Neg_1681,-0.10804,0
Neg_861,-1.17885,0
Neg_2800,-1.26239,0
Neg_390,-0.08435,0
Neg_950,0.61327,0
Neg_2285,0.55069,0
Neg_1066,-0.20225,0
Neg_1485,-0.03786,0
Neg_2718,-1.05897,0
Neg_107,-0.36659,0
Neg_2560,0.27702,0
Neg_1520,-0.98169,0
Neg_951,-0.81918,0
Neg_2753,-0.61753,0
Neg_2737,-0.81241,0
Neg_2449,0.16949,0
Neg_1538,-0.28842,0
Neg_1588,-0.90399,0
Neg_1070,-0.71196,0
Neg_1907,-0.75113,0
Neg_1444,-0.65675,0
Neg_2536,-1.09128,0
Neg_1336,0.96174,0
Neg_1125,-0.73062,0
Neg_1238,-1.18804,0
Neg_2438,0.47058,0
Neg_2869,-0.77065,0
Neg_734,0.06452,0
Neg_2747,-1.17284,0
Neg_2767,-0.28495,0
Neg_347,-0.49707,0
Neg_1890,-0.82242,0
Neg_2457,-0.2756,0
Neg_2919,-0.76461,0
Neg_2764,-0.50357,0
Neg_834,-1.09853,0
Neg_1570,-0.29475,0
Neg_2750,-0.23459,0
Neg_290,-0.42314,0
Neg_862,-1.13536,0
Neg_2654,2.1259,0
Neg_597,-0.52693,0
Neg_353,-0.57482,0
Neg_2500,-0.73544,0
Neg_1446,-0.1657,0
Neg_842,-0.63075,0
Neg_53,-0.85971,0
Neg_291,-0.69424,0
Neg_1687,-0.94975,0
Neg_809,-0.13483,0
Neg_2858,-1.18965,0
Neg_1779,-0.60376,0
Neg_2114,0.73456,0
Neg_327,-0.62213,0
Neg_249,-1.07432,0
Neg_514,-1.19085,0
Neg_894,0.80934,0
Neg_1154,-0.96383,0
Neg_1974,-0.44787,0
Neg_607,-0.74471,0
Neg_1464,-0.98705,0
Neg_2840,-0.7281,0
Neg_2251,-1.24589,0
Neg_2517,-0.09542,0
Neg_1853,-0.70874,0
Neg_1312,-1.01812,0
Neg_2838,-0.14738,0
Neg_1722,1.1751,0
Neg_2116,-1.06541,0
Neg_2327,-0.68067,0
Neg_1128,0.16542,0
Neg_1231,-0.80273,0
Neg_2384,1.15763,0
Neg_713,-0.881,0
Neg_2475,-0.25854,0
Neg_545,-0.25263,0
Neg_1732,-0.84493,0
Neg_1703,-0.62828,0
Neg_2537,-1.23379,0
Neg_1601,-0.49949,0
Neg_238,-0.18992,0
Neg_2704,-1.03114,0
Neg_2652,2.47464,0
Neg_1700,-0.98146,0
Neg_2744,-0.86296,0
Neg_43,-0.53876,0
Neg_235,-0.68592,0
Neg_1433,-0.97456,0
Neg_1473,1.67373,0
Neg_1047,-1.1443,0
Neg_2221,-0.65831,0
Neg_691,-0.1382,0
Neg_128,0.59081,0
Neg_1952,-1.087,0
Neg_2059,-0.28928,0
Neg_661,-1.26098,0
Neg_1100,-0.21382,0
Neg_2458,0.15406,0
Neg_983,-0.32764,0
Neg_2250,0.91006,0
Neg_674,-0.18393,0
Neg_2825,1.85074,0
Neg_445,0.51736,0
Neg_640,-0.1498,0
Neg_1903,-1.09975,0
Neg_671,0.31329,0
Neg_2147,-0.47421,0
Neg_475,2.31617,0
Neg_1302,-0.986,0
Neg_2077,-0.26432,0
Neg_2040,-0.88201,0
Neg_2660,0.50328,0
Neg_2166,-0.88794,0
Neg_2376,-0.99381,0
Neg_1962,-0.22758,0
Neg_1000,-0.52303,0
Neg_250,-0.48504,0
Neg_1718,0.31679,0
Neg_750,-0.72887,0
Neg_1014,-0.10091,0
Neg_2399,-0.68374,0
Neg_561,-0.52472,0
Neg_1762,-1.0352,0
Neg_1449,0.35873,0
Neg_237,-1.05236,0
Neg_345,0.77849,0
Neg_2511,-1.06137,0
Neg_2097,-0.75973,0
Neg_1966,-0.77371,0
Neg_255,-0.18608,0
Neg_2365,0.26252,0
Neg_1987,2.06967,0
Neg_2805,0.50259,0
Neg_2904,0.16552,0
Neg_2872,-0.71848,0
Neg_2355,0.27719,0
Neg_576,-0.50149,0
Neg_2459,-0.65814,0
Neg_971,-0.85695,0
Neg_898,0.27644,0
Neg_928,0.87562,0
Neg_2823,-0.81497,0
Neg_2364,-0.36675,0
Neg_2806,-0.34596,0
Neg_1871,1.67427,0
Neg_50,0.63557,0
Neg_2496,-0.62352,0
Neg_1030,-0.57937,0
Neg_1978,-0.79036,0
Neg_669,-0.18385,0
Neg_1341,-0.39348,0
Neg_843,-0.7484,0
Neg_761,1.36571,0
Neg_988,0.31085,0
Neg_2255,-0.84928,0
Neg_2557,-0.1571,0
Neg_2677,0.96067,0
Neg_18,1.49443,0
Neg_315,-0.44742,0
Neg_1741,-0.19878,0
Neg_2578,-0.18367,0
Neg_389,0.06802,0
Neg_210,-0.30494,0
Neg_2427,-0.27456,0
Neg_2323,-0.94636,0
Neg_2007,-0.60579,0
Neg_891,1.14191,0
Neg_387,-1.17427,0
Neg_741,-0.59628,0
Neg_362,-0.10583,0
Neg_1212,0.42492,0
Neg_2057,-0.80179,0
Neg_468,-0.40553,0
Neg_2468,-0.16628,0
Neg_873,-0.40906,0
Neg_1079,-0.77127,0
Neg_1710,0.27593,0
Neg_482,0.28363,0
Neg_121,-0.02009,0
Neg_2172,-0.97721,0
Neg_1897,-0.92459,0
Neg_2690,-0.29089,0
Neg_42,-1.16196,0
Neg_1748,-0.74367,0
Neg_620,0.3075,0
Neg_2881,-0.11515,0
Neg_188,-0.05214,0
Neg_184,-0.60884,0
Neg_584,1.14163,0
Neg_2423,0.14062,0
Neg_2699,-0.38942,0
Neg_147,-0.91359,0
Neg_1376,-0.47655,0
Neg_2589,-0.65898,0
Neg_2501,-0.39314,0
Neg_288,-0.64253,0
Neg_982,-0.33154,0
Neg_511,-1.02616,0
Neg_1308,-0.37776,0
Neg_125,-1.28632,0
Neg_564,-0.88587,0
Neg_2039,-0.59468,0
Neg_1237,0.73683,0
Neg_749,-0.80455,0
Neg_189,-0.58389,0
Neg_2815,-0.7567,0
Neg_2573,0.60908,0
Neg_911,-0.29438,0
Neg_2225,-0.53606,0
Neg_591,-0.4972,0
Neg_428,-0.52101,0
Neg_739,-0.90282,0
Neg_449,1.96322,0
Neg_1358,-0.44174,0
Neg_707,-0.12557,0
Neg_1196,-0.80797,0
Neg_1113,-0.21636,0
Neg_1437,-0.55585,0
Neg_996,1.04913,0
Neg_2480,-0.77194,0
Neg_2324,-0.8534,0
Neg_2391,0.3564,0
Neg_1084,-0.40288,0
Neg_1194,-0.45089,0
Neg_908,-0.95333,0
Neg_638,-1.26291,0
Neg_2741,-0.22044,0
Neg_1368,-1.06316,0
Neg_1005,0.27782,0
Neg_2790,0.13372,0
Neg_1572,-0.6714,0
Neg_1734,-0.16422,0
Neg_435,-0.90196,0
Neg_409,0.29236,0
Neg_436,-0.11341,0
Neg_1409,0.11286,0
Neg_1603,0.15094,0
Neg_2900,-0.80912,0
Neg_469,-0.4687,0
Neg_395,0.16413,0
Neg_2006,-0.32875,0
Neg_2138,-0.58869,0
Neg_1534,1.7304,0
Neg_726,-0.88812,0
Neg_2658,-0.39361,0
Neg_885,-0.40055,0
Neg_1364,-0.09282,0
Neg_2867,-0.44001,0
Neg_1869,-0.89379,0
Neg_429,-1.27343,0
Neg_1518,0.49281,0
Neg_2431,-0.1305,0
Neg_788,-0.22695,0
Neg_2574,-1.08184,0
Neg_1548,-1.14386,0
Neg_1959,-1.04731,0
Neg_1124,-0.33522,0
Neg_1324,-0.17786,0
Neg_1533,0.63648,0
Neg_2429,-0.65142,0
Neg_2123,0.04901,0
Neg_384,0.33319,0
Neg_2551,-0.87627,0
Neg_380,-0.34931,0
Neg_1697,-0.57391,0
Neg_2382,-0.29134,0
Neg_193,-0.00949,0
Neg_392,-1.2417,0
Neg_1136,-0.82521,0
Neg_2371,-0.37855,0
Neg_910,-0.91005,0
Neg_656,-0.69505,0
Neg_718,-0.03158,0
Neg_400,-0.92323,0
Neg_742,1.34507,0
Neg_1273,-1.14355,0
Neg_2830,1.39735,0
Neg_567,-0.67289,0
Neg_588,-0.70289,0
Neg_183,-0.98523,0
Neg_2770,-1.21752,0
Neg_864,0.48913,0
Neg_2883,-0.16939,0
Neg_2689,1.19816,0
Neg_1381,-0.78773,0
Neg_829,0.66723,0
Neg_2495,0.78462,0
Neg_1148,-1.01254,0
Neg_819,1.36995,0
Neg_2683,1.8886,0
Neg_1304,-0.23375,0
Neg_932,-0.21429,0
Neg_2003,-0.2989,0
Neg_1512,-0.22256,0
Neg_789,0.25058,0
Neg_1705,-0.73326,0
Neg_360,-0.33271,0
Neg_2473,-0.64063,0
Neg_1567,-1.10363,0
Neg_2582,0.49094,0
Neg_980,0.55762,0
Neg_2740,-1.07309,0
Neg_1041,1.40949,0
Neg_2713,-1.17748,0
Neg_593,-0.51753,0
Neg_1882,0.1961,0
Neg_2760,-0.5627,0
Neg_1296,-0.22888,0
Neg_784,-0.82948,0
Neg_2205,0.55628,0
Neg_981,-1.19801,0
Neg_115,-0.26594,0
Neg_499,-0.66229,0
Neg_877,-0.54793,0
Neg_594,-0.71504,0
Neg_596,0.38857,0
Neg_156,0.06684,0
Neg_1199,0.18424,0
Neg_1091,-1.27183,0
Neg_2380,-1.09595,0
Neg_1193,-0.96371,0
Neg_2038,-0.09214,0
Neg_796,-0.11636,0
Neg_583,-0.67851,0
Neg_1399,-1.2496,0
Neg_773,0.42573,0
Neg_2320,0.10455,0
Neg_2170,-0.79722,0
Neg_1443,0.22713,0
Neg_1969,-0.91531,0
Neg_1220,-0.91688,0
Neg_1111,-1.23984,0
Neg_2065,-0.61088,0
Neg_1451,-0.70716,0
Neg_1328,-0.61959,0
Neg_140,-0.77621,0
Neg_258,0.14533,0
Neg_175,0.01199,0
Neg_2922,-0.17113,0
Neg_577,-0.58787,0
Neg_1641,-0.56091,0
Neg_758,-0.46444,0
Neg_2195,-0.6092,0
Neg_157,0.13506,0
Neg_2325,-0.7213,0
Neg_181,-1.05032,0
Neg_2641,-0.55981,0
Neg_1505,-0.64709,0
Neg_2608,-0.87749,0
Neg_2181,-0.74102,0
Neg_2798,-1.12706,0
Neg_924,-0.93411,0
Neg_1138,0.19252,0
Neg_2880,0.23441,0
Neg_2670,-0.43714,0
Neg_925,-0.99817,0
Neg_230,0.63853,0
Neg_2071,2.57472,0
Neg_2650,-0.19219,0
Neg_841,-1.13234,0
Neg_2054,-1.15869,0
Neg_146,-0.67115,0
Neg_162,-0.46344,0
Neg_990,0.03774,0
Neg_2024,-0.59006,0
Neg_155,-0.01179,0
Neg_1412,0.01844,0
Neg_619,-0.55749,0
Neg_154,-1.16289,0
Neg_264,-0.13482,0
Neg_457,-0.33107,0
Neg_1529,-1.13334,0
Neg_1725,0.69319,0
Neg_582,0.93193,0
Neg_2293,-0.42187,0
Neg_2023,0.00408,0
Neg_1192,0.34483,0
Neg_1702,-0.9325,0
Neg_989,-0.56995,0
Neg_856,-0.46393,0
Neg_2460,0.44843,0
Neg_1967,-0.59302,0
Neg_1584,-0.1331,0
Neg_909,0.62457,0
Neg_517,-1.23469,0
Neg_2302,-0.78732,0
Neg_1633,0.25465,0
Neg_2563,0.25966,0
Neg_2911,-0.79838,0
Neg_1261,-0.88455,0
Neg_2493,0.22391,0
Neg_1707,0.39559,0
Neg_2035,-0.63002,0
Neg_2507,-0.30288,0
Neg_2843,0.17268,0
Neg_2279,-0.94123,0
Neg_633,-0.09592,0
Neg_1442,-0.06491,0
Neg_1910,-1.00908,0
Neg_2307,-0.46701,0
Neg_1627,-0.76972,0
Neg_1043,0.37354,0
Neg_851,0.64757,0
Neg_1342,-0.49784,0
Neg_507,0.61545,0
Neg_2892,-0.97547,0
Neg_887,-0.94807,0
Neg_2177,0.19278,0
Neg_2875,-1.31202,0
Neg_187,-0.85652,0
Neg_731,-1.112,0
Neg_2878,-0.8802,0
Neg_1195,-0.96095,0
Neg_2134,-0.36404,0
Neg_209,-0.21066,0
Neg_2339,-0.48297,0
Neg_1950,-0.53911,0
Neg_1521,0.77776,0
Neg_2328,-0.78193,0
Neg_504,-0.87675,0
Neg_1415,-0.51806,0
Neg_1244,-0.40563,0
Neg_2317,1.43264,0
Neg_1759,-0.00802,0
Neg_1105,0.12256,0
Neg_1599,-0.24633,0
Neg_349,0.16137,0
Neg_2091,0.57433,0
Neg_2417,-1.0482,0
Neg_100,-0.11445,0
Neg_2420,2.18446,0
Neg_1970,-0.06049,0
Neg_893,-0.62784,0
Neg_2534,-0.55615,0
Neg_481,-0.91499,0
Neg_1894,-0.86109,0
Neg_627,-0.82481,0
Neg_2523,-0.75737,0
Neg_1173,-0.43315,0
Neg_2625,-0.71684,0
Neg_2452,0.4531,0
Neg_754,-0.02121,0
Neg_2294,0.0373,0
Neg_2466,-0.55306,0
Neg_1017,-0.82296,0
Neg_539,0.58014,0
Neg_2199,-1.1917,0
Neg_1739,-0.27606,0
Neg_1318,-0.84471,0
Neg_2842,-0.71239,0
Neg_1817,-0.84058,0
Neg_1427,-0.11725,0
Neg_60,-1.05789,0
Neg_1202,-0.44234,0
Neg_1417,-0.31328,0
Neg_1392,0.10096,0
Neg_1245,-0.73809,0
Neg_1621,-0.69408,0
Neg_2101,-0.57124,0
Neg_1662,-1.22779,0
Neg_967,-0.42214,0
Neg_1576,-1.09739,0
Neg_1044,-0.73384,0
Neg_2674,-0.92298,0
Neg_81,-0.34905,0
Neg_1408,-1.18857,0
Neg_1528,0.01442,0
Neg_2218,-0.98374,0
Neg_913,-1.32248,0
Neg_1553,-0.39552,0
Neg_1203,0.64605,0
Neg_2776,-0.08361,0
Neg_2133,-0.37907,0
Neg_1961,-0.19739,0
Neg_1895,-0.17543,0
Neg_2043,-1.26993,0
Neg_334,-0.68364,0
Neg_2174,-0.33078,0
Neg_1792,-0.48701,0
Neg_1052,-0.90815,0
Neg_1327,-0.58665,0
Neg_2663,-0.65542,0
Neg_644,-0.44933,0
Neg_2092,-0.23168,0
Neg_559,-0.11176,0
Neg_487,-0.86416,0
Neg_2018,-0.83289,0
Neg_1474,-0.77525,0
Neg_1264,-1.21897,0
Neg_884,-1.1502,0
Neg_1191,-0.41829,0
Neg_1852,-1.05842,0
Neg_786,-0.95222,0
Neg_1686,-0.4172,0
Neg_2755,-0.99197,0
Neg_2143,-1.03546,0
Neg_2619,0.51756,0
Neg_1600,-0.99423,0
Neg_725,-0.59139,0
Neg_70,-1.11578,0
Neg_2340,-0.50521,0
Neg_1366,1.23558,0
Neg_458,-0.57842,0
Neg_744,-0.2505,0
Neg_2839,0.04533,0
Neg_575,-0.74135,0
Neg_1839,1.62544,0
Neg_2678,-0.63569,0
Neg_1204,-0.89904,0
Neg_2351,-0.97623,0
Neg_2899,-0.51216,0
Neg_2474,-1.01883,0
Neg_1760,-0.68806,0
Neg_369,-1.00891,0
Neg_2710,0.37117,0
Neg_2852,-0.63322,0
Neg_1373,-0.7732,0
Neg_2807,-0.87461,0
Neg_543,-0.62935,0
Neg_1453,0.0129,0
Neg_860,2.19846,0
Neg_223,1.14495,0
Neg_1842,-0.06293,0
Neg_1769,0.2834,0
Neg_2295,-0.72619,0
Neg_1598,-0.98742,0
Neg_642,-0.95463,0
Neg_2592,-1.29741,0
Neg_2426,-1.14038,0
Neg_1004,-1.27614,0
Neg_2066,3.75099,0
Neg_1482,0.70366,0
Neg_111,-1.08493,0
Neg_2546,0.13109,0
Neg_2168,-0.33556,0
Neg_1605,-0.42458,0
Neg_2512,0.20304,0
Neg_93,1.12145,0
Neg_772,-0.9466,0
Neg_206,0.05621,0
Neg_723,-0.68061,0
Neg_1946,-0.79643,0
Neg_2284,0.01168,0
Neg_2267,-0.71841,0
Neg_778,-0.32841,0
Neg_87,-0.87986,0
Neg_2746,-0.05149,0
Neg_1171,0.67918,0
Neg_1671,-1.08297,0
Neg_2416,1.63011,0
Neg_1935,0.29196,0
Neg_2891,-0.83567,0
Neg_1354,-0.87187,0
Neg_763,-0.06843,0
Neg_1222,0.45651,0
Neg_371,1.06664,0
Neg_1955,2.01315,0
Neg_2848,-0.19818,0
Neg_2766,0.48836,0
Neg_2233,-0.42616,0
Neg_1833,-0.57714,0
Neg_1123,-0.50177,0
Neg_2809,-0.53076,0
Neg_2194,-0.91219,0
Neg_2144,0.86407,0
Neg_27,-0.79093,0
Neg_2559,0.38981,0
Neg_2373,-0.07305,0
Neg_2161,-1.38875,0
Neg_1954,-0.77153,0
Neg_23,-0.57068,0
Neg_1075,-0.78028,0
Neg_2385,0.11217,0
Neg_1821,-1.13686,0
Neg_2256,-1.03649,0
Neg_2171,-0.39621,0
Neg_921,-0.3663,0
Neg_832,0.50954,0
Neg_552,-1.2177,0
Neg_1002,-0.31434,0
Neg_123,-0.95095,0
Neg_204,-0.98924,0
Neg_375,-0.75968,0
Neg_372,-0.23305,0
Neg_1287,0.3538,0
Neg_2125,0.16007,0
Neg_74,-0.87295,0
Neg_871,-1.20914,0
Neg_694,-1.31875,0
Neg_824,-0.79158,0
Neg_2063,-0.3731,0
Neg_1031,-0.16303,0
Neg_332,-1.1547,0
Neg_1165,0.44281,0
Neg_2186,0.03612,0
Neg_1986,-1.19743,0
Neg_2394,0.95716,0
Neg_1379,-0.61194,0
Neg_2522,-0.97931,0
Neg_1899,-1.00499,0
Neg_1322,-0.10647,0
Neg_2414,-0.26976,0
Neg_26,1.07112,0
Neg_1284,-0.7374,0
Neg_820,-0.43736,0
Neg_863,-1.31213,0
Neg_268,-1.15658,0
Neg_2153,-0.57713,0
Neg_63,-0.46662,0
Neg_687,-0.50847,0
Neg_1297,-0.85963,0
Neg_1556,-0.33114,0
Neg_2455,-0.56489,0
Neg_1016,-0.20128,0
Neg_366,-1.04843,0
Neg_641,1.32211,0
Neg_2874,0.86065,0
Neg_948,-1.00486,0
Neg_2780,-0.12235,0
Neg_760,-1.02027,0
Neg_1782,-0.12961,0
Neg_2735,-0.11711,0
Neg_705,-0.8227,0
Neg_764,-0.40297,0
Neg_1582,0.9088,0
Neg_1061,-0.26503,0
Neg_2183,-1.16715,0
Neg_1543,0.47251,0
Neg_1964,0.18037,0
Neg_1330,1.73086,0
Neg_2411,-0.55143,0
Neg_25,-0.84536,0
Neg_1463,-0.02677,0
Neg_1738,1.46031,0
Neg_2261,-0.7564,0
Neg_1416,0.49374,0
Neg_2389,-0.51986,0
Neg_2905,0.02088,0
Neg_1488,-1.11555,0
Neg_180,-0.39138,0
Neg_557,-0.08816,0
Neg_1595,-1.11239,0
Neg_1103,0.05798,0
Neg_510,-0.54206,0
Neg_2472,-0.72175,0
Neg_122,-0.68202,0
Neg_2290,-0.57488,0
Neg_2696,-0.79977,0
Neg_1289,-0.54174,0
Neg_1936,-1.07482,0
Neg_2265,0.347,0
Neg_2555,-0.10508,0
Neg_1580,-0.88277,0
Neg_2082,-0.01599,0
Neg_1591,0.07453,0
Neg_1470,-0.17646,0
Neg_1509,-0.37546,0
Neg_77,1.79337,0
Neg_1247,-0.97638,0
Neg_2122,-1.11923,0
Neg_1953,-0.81548,0
Neg_2894,-0.90944,0
Neg_1260,-0.24142,0
Neg_2719,0.71394,0
Neg_2111,-1.05517,0
Neg_1531,-0.73509,0
Neg_1519,-0.54914,0
Neg_2540,0.59089,0
Neg_2113,-0.00534,0
Neg_1965,0.38972,0
Neg_48,-0.88844,0
Neg_625,-0.40288,0
Neg_2721,0.24581,0
Neg_2716,-1.0309,0
Neg_1116,-1.20244,0
Neg_2714,-0.80746,0
Neg_729,0.14276,0
Neg_770,-0.09063,0
Neg_1441,0.48936,0
Neg_1629,-1.09888,0
Neg_65,-0.57235,0
Neg_2121,-0.6135,0
Neg_271,-0.72119,0
Neg_2572,0.35777,0
Neg_2089,-0.68622,0
Neg_655,-1.01076,0
Neg_806,0.05924,0
Neg_1034,0.4424,0
Neg_2211,-0.59207,0
Neg_393,-0.26248,0
Neg_2684,-0.01599,0
Neg_2028,-0.35946,0
Neg_1695,-0.21933,0
Neg_1024,-0.02337,0
Neg_881,-0.45626,0
Neg_2862,-0.95471,0
Neg_632,1.50503,0
Neg_665,-0.58808,0
Neg_1699,-0.71476,0
Neg_1752,-1.01653,0
Neg_1536,-0.49913,0
Neg_1132,-0.65919,0
Neg_692,-0.75839,0
Neg_2046,-0.7227,0
Neg_866,-0.54702,0
Neg_719,-0.66512,0
Neg_2407,-0.14103,0
Neg_668,-0.35953,0
Neg_2488,0.00914,0
Neg_359,-0.13434,0
Neg_1168,-0.42683,0
Neg_578,-0.39023,0
Neg_2655,-0.77094,0
Neg_1419,-0.19935,0
Neg_426,0.10379,0
Neg_1644,-1.15233,0
Neg_643,1.23313,0
Neg_1902,0.17532,0
Neg_385,0.38967,0
Neg_2361,-1.29523,0
Neg_907,-0.87002,0
Neg_399,-0.49165,0
Neg_1577,-0.58299,0
Neg_2127,-1.17588,0
Neg_73,-1.08191,0
Neg_2598,-0.52115,0
Neg_516,0.76923,0
Neg_1466,0.42807,0
Neg_672,-0.01187,0
Neg_630,-1.1437,0
Neg_39,-0.06227,0
Neg_2465,-0.90773,0
Neg_2722,-1.21732,0
Neg_2105,0.2008,0
Neg_1077,1.38149,0
Neg_2550,-0.15307,0
Neg_1756,1.18649,0
Neg_172,-0.42348,0
Neg_1428,-0.92716,0
Neg_797,-0.73683,0
Neg_2239,-0.23394,0
Neg_1268,-0.75905,0
Neg_112,-0.97798,0
Neg_2432,-0.69324,0
Neg_1624,-1.04269,0
Neg_1571,-0.33985,0
Neg_753,-0.92636,0
Neg_1875,-0.77237,0
Neg_2353,0.20254,0
Neg_1805,-0.72567,0
Neg_1530,-0.56278,0
Neg_357,-0.62979,0
Neg_695,-0.23877,0
Neg_551,0.52624,0
Neg_2897,0.51286,0
Neg_438,-1.23987,0
Neg_858,-0.90433,0
Neg_1072,-1.09498,0
Neg_698,0.1632,0
Neg_2433,1.85815,0
Neg_186,0.23045,0
Neg_1915,-0.78011,0
Neg_2470,-0.08683,0
Neg_1547,-0.11947,0
Neg_313,-0.61614,0
Neg_1232,-0.96936,0
Neg_2015,-0.1337,0
Neg_1413,-0.09238,0
Neg_1495,-0.87282,0
Neg_2297,1.20835,0
Neg_416,-0.19505,0
Neg_1252,0.32188,0
Neg_1013,-0.6231,0
Neg_1631,0.63462,0
Neg_874,-0.8229,0
Neg_1984,1.6007,0
Neg_1431,-0.33002,0
Neg_505,1.78549,0
Neg_2401,-0.75691,0
Neg_2119,-0.84139,0
Neg_1685,-0.47614,0
Neg_2727,-0.58772,0
Neg_1640,-0.55776,0
Neg_1134,0.21013,0
Neg_799,-0.61559,0
Neg_790,-0.28714,0
Neg_2135,-0.45093,0
Neg_2208,-0.3904,0
Neg_1475,0.19923,0
Neg_1085,-1.41995,0
Neg_1713,-0.81476,0
Neg_309,-0.91383,0
Neg_1162,0.60727,0
Neg_2075,0.53623,0
Neg_1698,-0.847,0
Neg_518,2.26251,0
Neg_1163,0.10613,0
Neg_1359,-0.99743,0
Neg_1119,-0.26163,0
Neg_2643,-0.08975,0
Neg_277,-0.60895,0
Neg_1587,-0.64654,0
Neg_2585,-0.99826,0
Neg_1060,0.89679,0
Neg_330,0.4863,0
Neg_1369,-0.81801,0
Neg_2785,0.67739,0
Neg_2535,0.24207,0
Neg_1564,-0.88526,0
Neg_2036,-0.39289,0
Neg_1200,0.67107,0
Neg_1709,-0.94838,0
Neg_1329,-0.97137,0
Neg_32,0.28022,0
Neg_776,-0.15472,0
Neg_437,-1.21877,0
Neg_2653,-0.8641,0
Neg_95,-0.79161,0
Neg_1757,-0.9099,0
Neg_780,-0.57054,0
Neg_1804,-0.63707,0
Neg_1545,-0.97111,0
Neg_2797,-0.99589,0
Neg_430,0.00628,0
Neg_1573,-1.07543,0
Neg_1378,0.12197,0
Neg_473,-0.62175,0
Neg_649,-0.6719,0
Neg_524,-0.91519,0
Neg_1517,0.72108,0
Neg_880,0.81023,0
Neg_1693,-0.90598,0
Neg_1092,-0.69661,0
Neg_1226,-0.29435,0
Neg_246,-0.77769,0
Neg_442,-1.15053,0
Neg_2422,-0.96125,0
Neg_2661,-1.21852,0
Neg_2189,-0.47794,0
Neg_673,-0.86503,0
Neg_2244,-0.88894,0
Neg_613,-0.3647,0
Neg_1133,0.90586,0
Neg_1919,-1.00943,0
Neg_1393,0.815,0
Neg_1980,-0.33959,0
Neg_195,-0.34251,0
Neg_2354,-0.19926,0
Neg_2388,-0.36893,0
Neg_1181,-0.08143,0
Neg_1550,-0.88006,0
Neg_2158,-0.47371,0
Neg_2197,-0.15994,0
Neg_2274,-0.99032,0
Neg_2679,-0.38353,0
Neg_1439,-1.04972,0
Neg_2281,-0.37298,0
Neg_2841,-0.17847,0
Neg_2266,-0.45875,0
Neg_571,-0.73314,0
Neg_1009,-0.51575,0
Neg_1655,-0.22726,0
Neg_1487,0.35934,0
Neg_28,-1.00769,0
Neg_2509,0.32719,0
Neg_2175,1.41286,0
Neg_2232,-0.32125,0
Neg_201,-0.82843,0
Neg_1333,-1.04443,0
Neg_2778,-0.89474,0
Neg_1704,-0.16691,0
Neg_2156,0.24594,0
Neg_1706,-0.49921,0
Neg_143,-1.36428,0
Neg_2595,0.16851,0
Neg_166,-0.08126,0
Neg_2209,-0.45494,0
Neg_1608,-0.84328,0
Neg_1581,-0.73236,0
Neg_1609,-0.98598,0
Neg_865,-0.75682,0
Neg_666,0.91103,0
Neg_1267,-0.69376,0
Neg_639,0.01077,0
Neg_1590,-0.93027,0
Neg_1701,1.2296,0
Neg_1093,0.05179,0
Neg_752,-0.85613,0
Neg_1210,-0.79743,0
Neg_2603,-0.79867,0
Neg_463,0.30854,0
Neg_972,-0.7547,0
Neg_1224,0.14925,0
Neg_1027,-0.0197,0
Neg_2430,-0.1547,0
Neg_282,-1.08739,0
Neg_421,-0.91303,0
Neg_986,-0.59794,0
Neg_1349,-0.66548,0
Neg_495,-0.64659,0
Neg_2223,0.22362,0
Neg_2245,-0.95834,0
Neg_522,-0.89492,0
Neg_490,-0.46716,0
Neg_153,-0.85841,0
Neg_1916,-0.38588,0
Neg_2569,-0.65942,0
Neg_1724,-0.99342,0
Neg_220,0.33881,0
Neg_573,1.07402,0
Neg_2008,-0.37478,0
Neg_2076,-0.71907,0
Neg_1440,-1.25498,0
Neg_1258,-0.87641,0
Neg_2009,-0.96485,0
Neg_486,-0.63139,0
Neg_555,-0.84886,0
Neg_232,0.83393,0
Neg_1407,-0.46327,0
Neg_637,0.04893,0
Neg_2372,-0.48243,0
Neg_338,-0.71768,0
Neg_192,-0.56193,0
Neg_1926,0.99918,0
Neg_1337,-0.48776,0
Neg_2531,-0.54081,0
Neg_765,-0.82658,0
Neg_98,1.29969,0
Neg_2026,-0.22282,0
Neg_1650,-0.44339,0
Neg_386,-0.80208,0
Neg_14,-0.70299,0
Neg_1660,-0.63052,0
Neg_2005,-0.1157,0
Neg_2292,0.30133,0
Neg_117,-0.14823,0
Neg_424,0.59518,0
Neg_2444,-0.27823,0
Neg_1668,-0.64512,0
Neg_1025,0.06252,0
Neg_164,-0.82393,0
Neg_2016,-0.82655,0
Neg_2102,-1.3851,0
Neg_247,-0.96938,0
Neg_488,0.23274,0
Neg_679,-0.70104,0
Neg_818,-0.94583,0
Neg_2499,-1.07855,0
Neg_1976,-0.47643,0
Neg_2906,-0.32093,0
Neg_1983,0.33367,0
Neg_2100,-0.67577,0
Neg_2451,-0.27981,0
Neg_888,-1.27773,0
Neg_402,-0.36284,0
Neg_569,-0.03899,0
Neg_1480,-1.11805,0
Neg_2632,-0.93923,0
Neg_1799,-0.98726,0
Neg_1198,-0.92281,0
Neg_105,-0.93137,0
Neg_536,0.38902,0
Neg_382,0.06026,0
Neg_2073,-0.09771,0
Neg_530,-0.05539,0
Neg_1566,-0.93902,0
Neg_1996,-0.6322,0
Neg_827,1.37506,0
Neg_800,-0.05949,0
Neg_1849,0.5972,0
Neg_6,0.31808,0
Neg_174,-0.23473,0
Neg_2072,0.3787,0
Neg_1934,0.05744,0
Neg_615,-0.89147,0
Neg_425,-1.16305,0
Neg_1646,-0.08202,0
Neg_738,-0.83601,0
Neg_1286,-0.49879,0
Neg_963,-0.80302,0
Neg_2190,-1.18875,0
Neg_212,0.35654,0
Neg_730,0.16316,0
Neg_319,-0.49283,0
Neg_1401,-0.93224,0
Neg_1035,-0.30128,0
Neg_1190,-0.84225,0
Neg_1508,-0.10954,0
Neg_1653,-0.34441,0
Neg_2304,0.28473,0
Neg_1355,-0.10504,0
Neg_1434,0.80718,0
Neg_2485,-0.52608,0
Neg_367,-0.5663,0
Neg_1625,0.40059,0
Neg_2700,-0.41435,0
Neg_150,-0.40624,0
Neg_30,-0.80642,0
Neg_452,-0.50813,0
Neg_905,-0.60534,0
Neg_2519,0.10041,0
Neg_1361,-1.30742,0
Neg_2014,-1.30083,0
Neg_2510,0.30804,0
Neg_2920,0.55398,0
Neg_1963,0.44585,0
Neg_311,-1.00233,0
Neg_134,-0.76368,0
Neg_194,-0.13806,0
Neg_947,-0.50678,0
Neg_1215,-0.84959,0
Neg_882,-0.04308,0
Neg_1465,-0.01273,0
Neg_1711,-0.15307,0
Neg_956,-0.95465,0
Neg_99,-1.16169,0
Neg_2313,-0.73316,0
Neg_1819,-0.74388,0
Neg_1891,-0.4805,0
Neg_119,-0.57035,0
Neg_2288,-0.15519,0
Neg_2253,-0.14841,0
Neg_2736,-0.36714,0
Neg_2730,-0.38957,0
Neg_2856,-0.29428,0
Neg_1186,0.41854,0
Neg_850,0.96225,0
Neg_1774,-0.9164,0
Neg_1923,0.00292,0
Neg_1266,-0.76907,0
Neg_652,-0.38796,0
Neg_1259,-0.2289,0
Neg_2822,-0.42668,0
Neg_804,-0.89736,0
Neg_1565,-1.05158,0
Neg_1331,0.57749,0
Neg_1375,0.06066,0
Neg_1537,2.67056,0
Neg_304,-0.72558,0
Neg_1554,1.3054,0
Neg_466,1.47165,0
Neg_1562,1.15396,0
Neg_2565,-0.17607,0
Neg_394,-0.17356,0
Neg_2558,-0.22445,0
Neg_544,-0.20903,0
Neg_179,-0.08098,0
Neg_1057,-0.05389,0
Neg_2837,-0.31035,0
Neg_1053,-0.85561,0
Neg_2283,-0.29004,0
Neg_1612,0.42426,0
Neg_700,-0.76783,0
Neg_2176,-0.75644,0
Neg_1761,-0.06798,0
Neg_2213,-0.76614,0
Neg_1829,0.5588,0
Neg_1338,-0.23324,0
Neg_1346,-0.07552,0
Neg_441,0.02662,0
Neg_1743,-1.02004,0
Neg_2367,-0.26516,0
Neg_337,-0.18715,0
Neg_1371,-0.52097,0
Neg_2743,0.48652,0
Neg_500,-0.44537,0
Neg_408,1.88169,0
Neg_2761,-0.9012,0
Neg_2584,-0.87096,0
Neg_142,-0.84876,0
Neg_225,1.64974,0
Neg_1476,0.27901,0
Neg_1498,-0.44094,0
Neg_1385,0.29318,0
Neg_2698,-0.62603,0
Neg_295,-0.31604,0
Neg_2362,-1.1105,0
Neg_867,-0.66887,0
Neg_1314,-0.42404,0
Neg_1398,-0.5714,0
Neg_817,-0.67378,0
Neg_1403,-1.04816,0
Neg_959,-0.54094,0
Neg_108,1.58724,0
Neg_2110,-0.74219,0
Neg_2117,-0.58653,0
Neg_2310,-0.87962,0
Neg_1813,0.265,0
Neg_869,-0.20418,0
Neg_1682,-0.69128,0
Neg_902,-0.53696,0
Neg_1135,0.68957,0
Neg_485,-0.62336,0
Neg_1645,-0.24951,0
Neg_221,-0.89175,0
Neg_838,-0.19624,0
Neg_2064,-0.74075,0
Neg_1339,-0.36417,0
Neg_2271,-1.10154,0
Neg_1951,0.50372,0
Neg_1856,-0.69191,0
Neg_1003,-1.08462,0
Neg_1901,-1.27042,0
Neg_1563,-0.00557,0
Neg_2201,-0.17745,0
Neg_2575,-0.53717,0
Neg_1221,-0.74448,0
Neg_340,-1.05055,0
Neg_1074,3.66874,0
Neg_1374,0.41354,0
Neg_2571,-0.64775,0
Neg_1183,0.17748,0
Neg_2870,-0.46963,0
Neg_1083,-0.63583,0
Neg_167,1.88811,0
Neg_344,0.79896,0
Neg_1326,0.12057,0
Neg_1370,1.67703,0
Neg_2695,-0.22712,0
Neg_1058,1.12038,0
Neg_1678,1.29936,0
Neg_610,0.14221,0
Neg_897,-0.75257,0
Neg_132,0.37882,0
Neg_677,0.58195,0
Neg_813,-0.8029,0
Neg_1019,0.38443,0
Neg_828,-0.81926,0
Neg_1816,-0.59687,0
Neg_253,-0.33336,0
Neg_1690,0.02796,0
Neg_467,-0.64224,0
Neg_1677,-0.20239,0
Neg_1184,-0.81845,0
Neg_2363,-0.77694,0
Neg_2801,-1.08153,0
Neg_1607,-0.03448,0
Neg_2193,-0.9554,0
Neg_427,-1.23583,0
Neg_792,-1.06777,0
Neg_1150,-0.45597,0
Neg_1620,-0.3286,0
Neg_329,2.04053,0
Neg_412,-0.96834,0
Neg_2107,-0.99361,0
Neg_1347,-0.81715,0
Neg_2649,0.13412,0
Neg_1559,-1.08652,0
Neg_176,-0.70081,0
Neg_826,-0.11777,0
Neg_1461,1.69847,0
Neg_281,2.11403,0
Neg_2733,-1.0309,0
Neg_2492,-1.18042,0
Neg_623,-0.34314,0
Neg_2280,-0.83703,0
Neg_751,-1.14385,0
Neg_2711,-0.41032,0
Neg_844,0.0348,0
Neg_2577,-0.53232,0
Neg_1087,-1.2086,0
Neg_388,0.08382,0
Neg_670,-0.64151,0
Neg_1159,-0.27225,0
Neg_2772,-0.40461,0
Neg_1736,-0.99265,0
Neg_339,-0.43339,0
Neg_2366,-0.79032,0
Neg_331,0.51959,0
Neg_1388,0.22347,0
Neg_2112,-0.56763,0
Neg_1610,1.12536,0
Neg_2146,-0.04962,0
Neg_525,-1.19188,0
Neg_2300,-0.77225,0
Neg_714,-0.61081,0
Neg_236,-0.39798,0
Neg_1515,-0.17726,0
Neg_985,-1.21402,0
Neg_198,-0.6497,0
Neg_2591,0.54139,0
Neg_1102,0.06229,0
Neg_1654,-0.51496,0
Neg_2167,-0.65245,0
Neg_1270,-0.28146,0
Neg_590,-0.03682,0
Neg_1115,-0.50544,0
Neg_2846,-0.33482,0
Neg_1838,-0.01403,0
Neg_548,0.14414,0
Neg_2526,0.46054,0
Neg_1922,-0.74294,0
Neg_2471,-0.14435,0
Neg_1459,-0.23644,0
Neg_2356,0.31018,0
Neg_801,-1.162,0
Neg_553,-0.93386,0
Neg_1811,-0.69177,0
Neg_1158,-0.36411,0
Neg_391,-0.11805,0
Neg_269,0.47549,0
Neg_2109,-0.32357,0
Neg_1279,-1.00706,0
Neg_197,0.35186,0
Neg_2312,-0.91929,0
Neg_1754,-0.51657,0
Neg_61,0.53363,0
Neg_587,-0.26356,0
Neg_35,0.32562,0
Neg_1452,-0.15572,0
Neg_341,1.31924,0
Neg_709,-1.2319,0
Neg_1623,-0.21739,0
Neg_1835,-0.92721,0
Neg_1499,-0.81268,0
Neg_2701,1.0523,0
Neg_185,-0.38732,0
Neg_532,-1.26396,0
Neg_1049,-1.03805,0
Neg_2203,0.12395,0
Neg_351,-1.35246,0
Neg_1511,-1.014,0
Neg_432,0.45189,0
Neg_1708,-0.71099,0
Neg_1616,-0.93559,0
Neg_316,0.67509,0
Neg_1845,-0.77632,0
Neg_1042,-0.8178,0
Neg_2467,0.58175,0
Neg_76,-1.09632,0
Neg_383,0.14458,0
Neg_1783,0.06612,0
Neg_2387,0.65696,0
Neg_161,-0.62327,0
Neg_297,0.08106,0
Neg_1854,0.71686,0
Neg_1749,0.90781,0
Neg_1467,-1.01282,0
Neg_1234,1.28469,0
Neg_969,-0.30416,0
Neg_2061,-0.05913,0
Neg_241,-0.30736,0
Neg_350,-0.94132,0
Neg_124,-1.32155,0
Neg_2482,-0.16375,0
Neg_1086,0.27193,0
Neg_2791,1.17534,0
Neg_1879,-0.60071,0
Neg_1827,-1.09848,0
Neg_622,0.30859,0
Neg_658,-0.94963,0
Neg_791,-0.53775,0
Neg_1472,-0.91362,0
Neg_196,-0.84553,0
Neg_1282,-0.35225,0
Neg_944,-0.8754,0
Neg_2374,-0.25924,0
Neg_1523,-0.56596,0
Neg_883,-1.24054,0
Neg_498,-0.41849,0
Neg_547,-0.41521,0
Neg_1867,-0.78319,0
Neg_2901,-0.92649,0
Neg_1209,-1.09598,0
Neg_663,-0.58342,0
Neg_52,-0.83613,0
Neg_2436,0.34533,0
Neg_942,2.57672,0
Neg_2853,-0.86226,0
Neg_2596,-1.12737,0
Neg_2788,0.01187,0
Neg_1613,0.0446,0
Neg_376,-0.9521,0
Neg_1539,-0.20862,0
Neg_2129,-0.92419,0
Neg_1776,-1.32546,0
Neg_2748,0.96364,0
Neg_2084,-0.93309,0
Neg_934,-0.07199,0
Neg_2877,-0.50435,0
Neg_1288,0.06337,0
Neg_2819,-1.12968,0
Neg_1930,-0.25452,0
Neg_2505,-1.26736,0
Neg_1975,-0.28814,0
Neg_2331,1.19807,0
Neg_1728,-0.8341,0
Neg_1310,-0.22505,0
Neg_852,-1.04568,0
Neg_2633,0.09811,0
Neg_1747,-0.41202,0
Neg_812,-0.55102,0
Neg_2030,-0.7661,0
Neg_1551,0.46794,0
Neg_1679,-0.49913,0
Neg_1249,-1.1597,0
Neg_243,3.47382,0
Neg_2817,-0.70548,0
Neg_554,-0.46368,0
Neg_756,-0.69902,0
Neg_276,-0.81353,0
Neg_2656,0.70465,0
Neg_480,-0.19456,0
Neg_1664,1.3029,0
Neg_149,0.21129,0
Neg_2104,0.09022,0
Neg_657,-0.03594,0
Neg_946,0.1001,0
Neg_2273,-0.38451,0
Neg_550,-1.32261,0
Neg_2142,-0.41001,0
Neg_987,-0.58135,0
Neg_207,-0.47614,0
Neg_1126,-0.32724,0
Neg_2865,-0.76157,0
Neg_2504,-0.07831,0
Neg_2,-0.1387,0
Neg_2607,-0.93199,0
Neg_137,-0.91994,0
Neg_1020,0.05275,0
Neg_1755,-0.28195,0
Neg_1942,-0.6626,0
Neg_1684,0.92704,0
Neg_1807,0.12303,0
Neg_2548,-0.72042,0
Neg_1931,-1.27508,0
Neg_368,0.58887,0
NP01383,-1.35596,1
NP06615,-1.0648,1
NP07289,2.26627,1
NP10706,0.33555,1
NP06413,-0.33829,1
NP07002,0.40608,1
NP06013,0.54255,1
NP07905,0.87049,1
NP06037,-0.55138,1
NP06312,0.24717,1
NP09289,-0.53796,1
NP01011,1.74719,1
NP01453,1.33139,1
NP06668,0.13657,1
NP02209,0.19984,1
NP01806,-0.57047,1
NP09844,1.77899,1
NP02902,1.63419,1
NP01105,0.45678,1
NP06071,1.4976,1
NP07560,0.76228,1
NP00803,-0.26,1
NP02175,-1.26472,1
NP11065,-0.25388,1
NP06911,0.00292,1
NP04654,-0.77231,1
NP00357,0.12362,1
NP05821,1.28491,1
NP09379,-0.97788,1
NP01973,1.74845,1
NP10650,0.34539,1
NP09728,0.29014,1
NP11120,-0.81165,1
NP08528,-0.42379,1
NP10951,-0.68996,1
NP03962,-0.08769,1
NP05936,-0.50803,1
NP08204,0.64087,1
NP08996,0.24196,1
NP07496,-0.09221,1
NP09370,2.36601,1
NP07908,1.83009,1
NP06403,-0.27803,1
NP06054,0.60377,1
NP04810,0.14499,1
NP11371,-0.39076,1
NP07837,-0.0273,1
NP09481,0.53215,1
NP02239,-0.4936,1
NP07453,2.73015,1
NP04764,1.3694,1
NP04158,0.10688,1
NP06987,-0.50971,1
NP01433,0.15515,1
NP04534,0.48639,1
NP07086,-0.05893,1
NP05516,-0.76792,1
NP05063,-0.67788,1
NP07269,-1.13115,1
NP02755,0.74382,1
NP05160,-0.25195,1
NP06035,-0.31926,1
NP09486,1.32563,1
NP11162,-0.52644,1
NP04918,1.11727,1
NP02297,0.56319,1
NP04799,-0.53751,1
NP06246,-0.10663,1
NP06774,0.5761,1
NP05423,-0.14463,1
NP05932,3.43818,1
NP06294,-0.40636,1
NP02530,-0.58631,1
NP10595,-0.53322,1
NP03760,-0.3561,1
NP09525,1.92739,1
NP08660,-1.12947,1
NP07479,-0.78488,1
NP07037,0.9562,1
NP07434,1.02885,1
NP09477,0.96546,1
NP06784,-0.55582,1
NP07355,1.82303,1
NP06870,0.0906,1
NP09352,0.64217,1
NP07707,-1.29158,1
NP09784,1.0256,1
NP01353,-0.42359,1
NP09887,-0.01903,1
NP04674,-0.38692,1
NP09161,-0.46007,1
NP05120,0.01214,1
NP05410,2.63986,1
NP09361,0.55875,1
NP09284,0.89632,1
NP08168,-0.36013,1
NP00761,0.91087,1
NP02104,-0.45414,1
NP03207,3.52492,1
NP11365,-0.71019,1
NP02019,-0.82558,1
NP02207,-0.98909,1
NP05328,-0.11548,1
NP04642,-0.55299,1
NP07101,0.87767,1
NP07414,0.15873,1
NP00909,-0.478,1
NP08937,2.46371,1
NP07140,3.694,1
NP07351,1.51689,1
NP07928,0.38512,1
NP09752,-0.99918,1
NP10729,2.08206,1
NP10907,0.01574,1
NP10303,0.20785,1
NP03765,-0.47067,1
NP09802,0.42126,1
NP03485,2.45701,1
NP02446,0.76161,1
NP07268,1.04511,1
NP07668,-0.4332,1
NP04708,0.2778,1
NP05887,-0.62016,1
NP09362,-0.29077,1
NP01350,-0.42958,1
NP02533,0.062,1
NP05110,-1.03241,1
NP04072,2.26841,1
NP06286,2.05766,1
NP05525,0.2674,1
NP08523,2.23441,1
NP09921,-0.29388,1
NP07040,2.51114,1
NP01821,-0.92152,1
NP09789,1.44345,1
NP00034,-1.06742,1
NP07665,-0.0692,1
NP06185,-0.38658,1
NP07813,0.52607,1
NP01054,0.14066,1
NP09908,-1.05998,1
NP05451,-0.16337,1
NP08483,0.09446,1
NP00352,-0.15647,1
NP03774,-0.92556,1
NP06815,-0.72787,1
NP04705,-0.34534,1
NP03766,0.22176,1
NP11075,-0.27726,1
NP04789,0.78254,1
NP09791,1.31908,1
NP06287,1.01952,1
NP08651,2.26903,1
NP06344,0.55394,1
NP07954,-0.03076,1
NP10623,-0.84275,1
NP04197,-0.75427,1
NP08666,0.22058,1
NP02281,-0.10425,1
NP02028,-0.11503,1
NP05644,-1.0431,1
NP02242,0.5436,1
NP07290,1.07665,1
NP04798,-0.34175,1
NP06231,0.29026,1
NP07262,-0.34587,1
NP07626,2.86151,1
NP08057,2.74689,1
NP06826,-0.85187,1
NP07336,-0.36563,1
NP04359,-0.7876,1
NP05295,-0.61602,1
NP04666,-0.68553,1
NP06429,-0.74769,1
NP07720,-0.9285,1
NP01893,-0.89879,1
NP07432,-0.66038,1
NP08838,1.41377,1
NP07048,-0.83735,1
NP07092,-0.35963,1
NP11347,-0.5193,1
NP03368,1.41742,1
NP06836,-0.56666,1
NP09588,1.46947,1
NP07359,-0.79982,1
NP05728,1.75204,1
NP02023,0.76676,1
NP03799,-0.00637,1
NP01356,-0.83362,1
NP08565,-0.43588,1
NP06625,0.6645,1
NP05092,0.3169,1
NP06869,0.57646,1
NP00041,-1.04364,1
NP06243,2.05451,1
NP11322,-1.12463,1
NP06806,-1.1055,1
NP06903,-0.21159,1
NP10783,2.63231,1
NP02526,-0.10926,1
NP09356,-0.56481,1
NP02520,3.3483,1
NP01819,-0.46932,1
NP06169,1.62867,1
NP01411,-0.05345,1
NP01226,-0.65047,1
NP01741,-0.45702,1
NP07230,0.15553,1
NP01768,-0.67751,1
NP10810,-0.53276,1
NP02079,-0.30452,1
NP02177,-0.52368,1
NP04276,-1.04191,1
NP08176,-0.86334,1
NP04628,-0.57511,1
NP04221,2.13035,1
NP01529,-0.40432,1
NP09265,2.5258,1
NP10292,0.23707,1
NP02816,1.30551,1
NP01352,-0.86411,1
NP08544,0.92089,1
NP11369,-1.06422,1
NP06971,0.29444,1
NP03791,-0.88058,1
NP07383,-0.18487,1
NP07439,0.45827,1
NP01250,-0.73992,1
NP01533,0.36447,1
NP05506,-0.78742,1
NP08518,-0.55317,1
NP07575,1.01727,1
NP02125,0.48224,1
NP09051,-0.80133,1
NP08487,-0.31521,1
NP01898,0.65661,1
NP03523,0.10448,1
NP07577,-1.05402,1
NP01295,-0.05208,1
NP02584,0.22951,1
NP06557,0.79754,1
NP08704,1.34456,1
NP03762,-1.29515,1
NP01775,-0.46867,1
NP06703,-0.78592,1
NP08253,-0.98875,1
NP06706,-0.32744,1
NP09779,2.1871,1
NP06981,-0.05504,1
NP04814,-0.2299,1
NP07571,-0.37189,1
NP06573,3.27406,1
NP01420,0.70366,1
NP08587,-0.14154,1
NP03846,0.22933,1
NP09154,-0.41191,1
NP04206,-0.13438,1
NP05003,-0.03765,1
NP07241,2.18466,1
NP07494,-1.00991,1
NP01247,-0.57867,1
NP07861,0.4329,1
NP02789,-0.44982,1
NP06857,-0.16511,1
NP01386,-1.06459,1
NP06420,2.31912,1
NP08245,-0.62087,1
NP06575,-0.46134,1
NP07273,3.22737,1
NP06252,0.70917,1
NP09210,-0.563,1
NP07421,0.64087,1
NP08446,-0.71236,1
NP06432,0.10293,1
NP09755,2.07827,1
NP04054,-0.35422,1
NP00885,0.76493,1
NP03057,-0.58175,1
NP04287,-0.89825,1
NP07623,-0.37024,1
NP07387,0.34438,1
NP01494,-0.92411,1
NP05413,-0.90605,1
NP04195,-0.63949,1
NP03592,-0.17656,1
NP09722,1.0226,1
NP02008,-0.9186,1
NP02984,-0.46851,1
NP05732,-1.06815,1
NP08167,-0.08224,1
NP06962,2.39979,1
NP01695,-0.04371,1
NP05218,0.10392,1
NP04802,0.32367,1
NP06862,1.51411,1
NP03744,5.19019,1
NP08202,-1.23714,1
NP05004,-0.01497,1
NP10833,-0.26131,1
NP05208,0.56635,1
NP01752,-1.2362,1
NP02251,0.79387,1
NP09152,-0.29593,1
NP01292,-0.09725,1
NP06275,2.53935,1
NP09386,1.04643,1
NP07274,-0.63895,1
NP07232,0.12555,1
NP08056,-0.22021,1
NP02561,-1.06499,1
NP07940,2.42885,1
NP02883,3.23958,1
NP08546,0.4037,1
NP05089,1.9904,1
NP03759,-0.56278,1
NP06758,-0.91463,1
NP11314,-0.53408,1
NP03367,1.41019,1
NP09774,0.72369,1
NP01528,-1.01084,1
NP01731,-1.2629,1
NP01535,-0.43185,1
NP04211,0.52123,1
NP05642,1.99474,1
NP05184,0.56744,1
NP04629,-0.36728,1
NP06902,-0.4384,1
NP06823,-0.15341,1
NP09803,0.39568,1
NP01323,-0.94008,1
NP03420,1.13273,1
NP03500,0.25259,1
NP04372,-0.2957,1
NP00804,0.0969,1
NP00052,-0.0821,1
NP04822,-0.77206,1
NP04668,-1.13399,1
NP04716,1.85891,1
NP01901,-0.22088,1
NP06751,-0.469,1
NP01483,-0.18104,1
NP01036,0.84831,1
NP01104,0.71807,1
NP06288,-0.33951,1
NP04658,-0.50965,1
NP07081,0.36022,1
NP05991,-0.94472,1
NP01733,2.43117,1
NP09655,4.22749,1
NP08571,-0.44806,1
NP10815,1.41741,1
NP06996,1.25402,1
NP00805,-0.99306,1
NP06921,1.05394,1
NP06419,1.25875,1
NP02694,1.72238,1
NP06307,0.54833,1
NP06406,-0.41892,1
NP05169,-0.23583,1
NP05236,0.39623,1
NP05768,0.04269,1
NP06636,0.95744,1
NP08573,-0.75835,1
NP08547,-0.95314,1
NP11283,-0.96157,1
NP08606,2.00239,1
NP08081,0.32308,1
NP04273,3.339,1
NP09580,0.43767,1
NP01484,-1.37393,1
NP01249,-0.7426,1
NP09891,-0.31905,1
NP07407,0.60407,1
NP04362,-0.36274,1
NP05197,-0.23401,1
NP06313,0.72719,1
NP00714,0.59532,1
NP07718,-0.83419,1
NP02640,0.78837,1
NP08455,-1.21569,1
NP08580,-1.24555,1
NP09912,-0.05398,1
NP10736,0.07311,1
NP08878,4.13925,1
NP06311,-0.20933,1
NP07012,0.32331,1
NP08430,1.91989,1
NP10370,2.58547,1
NP02602,0.94591,1
NP02971,2.38616,1
NP02108,0.97109,1
NP06879,0.04898,1
NP01248,0.25696,1
NP11334,-0.22785,1
NP04384,-0.55782,1
NP05921,0.88498,1
NP02026,-0.50675,1
NP04052,0.11444,1
NP10757,0.34106,1
NP00032,0.07973,1
NP06350,-1.1045,1
NP04300,-0.1892,1
NP07879,0.92443,1
NP07628,0.07655,1
NP10725,-0.10481,1
NP04981,0.55409,1
NP07459,0.28118,1
NP04344,-0.30212,1
NP00953,-0.60821,1
NP06977,0.81507,1
NP01426,0.96359,1
NP04701,-0.38901,1
NP07826,-0.84431,1
NP06985,-0.3455,1
NP05220,0.68768,1
NP08261,3.09635,1
NP07074,2.24919,1
NP02467,0.04978,1
NP04788,0.11566,1
NP06026,-1.04466,1
NP07663,0.91499,1
NP05437,0.09354,1
NP07412,-0.26005,1
NP11344,-0.64463,1
NP03637,0.72401,1
NP04728,-0.18144,1
NP07812,0.41195,1
NP05024,0.70314,1
NP01709,0.85885,1
NP11285,-0.28425,1
NP07339,1.99409,1
NP11277,-0.71336,1
NP07899,0.02801,1
NP07409,0.24597,1
NP07545,1.27242,1
NP06924,0.19246,1
NP07075,2.58649,1
NP02817,1.12951,1
NP02939,1.41908,1
NP01022,0.50047,1
NP06306,0.45258,1
NP06666,0.59962,1
NP06871,0.78092,1
NP08549,-0.27915,1
NP06244,-0.74565,1
NP01990,-0.47307,1
NP01191,2.66967,1
NP01499,-0.86965,1
NP02442,-0.71528,1
NP05191,-0.58414,1
NP01742,-0.87504,1
NP06910,-0.52361,1
NP06710,0.76323,1
NP04686,-0.42534,1
NP07666,-0.15368,1
NP10291,0.02782,1
NP08767,2.61084,1
NP07348,0.07773,1
NP07474,1.2683,1
NP06622,0.70399,1
NP04635,-0.91399,1
NP10080,1.98901,1
NP03078,2.68271,1
NP02599,1.5974,1
NP06785,-0.335,1
NP01571,1.14654,1
NP01568,3.56354,1
NP05802,-0.64037,1
NP08617,2.91859,1
NP04231,-0.4473,1
NP04884,-0.66544,1
NP02940,-0.02206,1
NP01777,-0.08245,1
NP05394,0.00917,1
NP02547,0.0721,1
NP07926,-0.8524,1
NP07909,0.4963,1
NP09535,0.18345,1
NP00792,1.31387,1
NP01299,1.39837,1
NP11401,-0.36582,1
NP06352,-0.48563,1
NP03786,-0.75566,1
NP06901,3.17099,1
NP11047,4.86685,1
NP09986,3.96138,1
NP08988,-0.86535,1
NP09933,-0.41652,1
NP06304,1.71532,1
NP07275,1.60065,1
NP01865,0.86252,1
NP06569,3.82346,1
NP02884,2.04374,1
NP00963,-0.38826,1
NP07179,0.65249,1
NP09336,-0.08755,1
NP10752,0.2025,1
NP04715,0.07505,1
NP09439,-0.66158,1
NP01359,-1.07531,1
NP07224,0.6628,1
NP07167,-0.2603,1
NP05478,0.53407,1
NP04711,0.46838,1
NP09658,0.8405,1
NP02007,-0.11734,1
NP04352,-0.69328,1
NP05470,0.22599,1
NP01290,0.27559,1
NP02074,0.5257,1
NP01735,0.26312,1
NP11305,-0.10767,1
NP07495,-0.58819,1
NP10593,-0.22447,1
NP03840,1.46834,1
NP00002,0.04701,1
NP10305,-1.17255,1
NP10274,-0.97107,1
NP05164,-0.81354,1
NP07609,-0.26542,1
NP11303,-0.64797,1
NP09756,-0.83949,1
NP02692,0.06851,1
NP02701,0.49623,1
NP04768,0.93623,1
NP09527,3.34987,1
NP08706,1.16336,1
NP08540,0.09459,1
NP00936,3.10229,1
NP05697,-1.02087,1
NP00648,-0.22653,1
NP11033,1.97757,1
NP06167,1.68453,1
NP08769,3.05912,1
NP04403,0.1939,1
NP06568,3.04829,1
NP01734,-0.47873,1
NP10596,-0.23521,1
NP04653,-0.71452,1
NP05247,0.69939,1
NP05117,1.65167,1
NP00023,0.33068,1
NP06906,0.5398,1
NP03639,2.63015,1
NP09868,-0.99624,1
NP01674,-1.18555,1
NP11020,1.08954,1
NP02603,-0.42314,1
NP07633,2.1603,1
NP08511,-0.08963,1
NP07054,0.19445,1
NP07643,-0.70611,1
NP11179,-0.35542,1
NP01673,0.43535,1
NP06966,0.30675,1
NP07418,1.54448,1
NP09936,1.77978,1
NP04770,0.44067,1
NP09132,0.22129,1
NP08375,-1.16354,1
NP01754,1.32428,1
NP08312,-0.07477,1
NP07670,-0.43953,1
NP01618,2.89608,1
NP06591,-1.34581,1
NP02843,1.23076,1
NP02646,0.2122,1
NP06872,0.84102,1
NP08429,-0.91566,1
NP04293,-0.19789,1
NP02027,1.59555,1
NP07794,-0.45351,1
NP07491,0.21492,1
NP06866,0.27679,1
NP07941,2.45403,1
NP10923,-0.10914,1
NP07443,-0.35994,1
NP07634,1.87701,1
NP01455,1.53426,1
NP10719,0.29307,1
NP00927,1.33646,1
NP10664,0.29518,1
NP09364,1.06416,1
NP06632,0.81814,1
NP05107,0.30146,1
NP05858,-1.14503,1
NP04088,1.25738,1
NP07667,-0.11332,1
NP03469,-0.44262,1
NP05651,-0.32834,1
NP09797,-0.94843,1
NP03273,-0.84997,1
NP01808,-0.80086,1
NP07331,2.80287,1
NP05131,1.77702,1
NP01851,0.83693,1
NP08997,-0.18356,1
NP09782,0.73982,1
NP00713,1.00343,1
NP08201,-0.66901,1
NP07511,1.82272,1
NP07051,-0.95951,1
NP09843,0.3128,1
NP01301,-0.14499,1
NP07261,0.8906,1
NP01252,-1.20984,1
NP10814,0.52844,1
NP05401,0.86039,1
NP05188,0.89406,1
NP10688,0.14853,1
NP07238,0.95755,1
NP03785,-0.63674,1
NP06943,-0.37891,1
NP05275,-0.08907,1
NP03782,-0.83644,1
NP05179,0.8453,1
NP04067,-0.59718,1
NP07362,-0.93373,1
NP00912,-0.84149,1
NP03507,1.67955,1
NP04632,-0.84903,1
NP01046,0.34647,1
NP10089,-0.1447,1
NP09045,-0.93463,1
NP01170,0.04549,1
NP02967,-0.86599,1
NP01397,1.21515,1
NP00067,3.979,1
NP09396,0.8399,1
NP06122,0.86774,1
NP06750,-0.87127,1
NP04975,0.85067,1
NP01480,-0.81442,1
NP03477,0.23101,1
NP06968,-1.08558,1
NP06305,-0.7622,1
NP05151,-0.95008,1
NP06646,0.69628,1
NP07592,2.85816,1
NP10836,0.36005,1
NP10655,2.15859,1
NP10811,-0.39521,1
NP11290,-1.13753,1
NP08434,1.46392,1
NP01225,0.79893,1
NP09849,-0.53061,1
NP03521,1.93276,1
NP04836,1.04346,1
NP04757,1.38096,1
NP05800,0.70431,1
NP06140,0.40584,1
NP00578,-0.5027,1
NP02794,-1.12517,1
NP01730,0.57345,1
NP06089,1.634,1
NP08299,1.16889,1
NP11313,-0.41047,1
NP02909,2.6847,1
NP07951,-0.25056,1
NP08778,0.30413,1
NP00899,0.17593,1
NP11107,-1.06031,1
NP01298,0.05961,1
NP03495,1.21599,1
NP05812,0.36042,1
NP01756,0.12696,1
NP00790,-0.99081,1
NP11255,-0.01181,1
NP04412,-0.06886,1
NP03780,2.58622,1
NP06372,-1.10418,1
NP03668,2.53532,1
NP09711,0.4779,1
NP10371,-1.20842,1
NP06093,-0.41208,1
NP06692,0.71018,1
NP09506,2.08696,1
NP07891,0.74179,1
NP09358,0.93122,1
NP05226,1.49203,1
NP09346,3.41866,1
NP01622,-0.98768,1
NP05957,0.58256,1
NP05059,-0.53798,1
NP10652,-0.47794,1
NP11150,-1.14736,1
NP01293,-0.97249,1
NP02527,0.88591,1
NP01519,2.88268,1
NP07284,0.2723,1
NP04459,-0.53019,1
NP04693,0.33433,1
NP03479,-0.4871,1
NP02862,0.15104,1
NP00755,2.50308,1
NP07795,0.74917,1
NP08588,0.12656,1
NP09316,1.02949,1
NP06331,-1.03704,1
NP06334,0.60155,1
NP04241,-0.77674,1
NP05126,0.05355,1
NP01257,-1.18815,1
NP05476,-1.21458,1
NP11325,-0.14894,1
NP05685,1.10816,1
NP06421,2.89582,1
NP10632,0.87382,1
NP08234,0.11096,1
NP00816,-0.16115,1
NP09425,1.14657,1
NP04226,2.67002,1
NP05118,0.92222,1
NP06833,-0.78108,1
NP02512,-0.38127,1
NP07204,-0.41664,1
NP07097,-0.09221,1
NP03243,-0.39372,1
NP07647,-0.20901,1
NP02151,0.80514,1
NP05505,-1.02534,1
NP09430,0.60245,1
NP08550,-1.24057,1
NP05710,1.60721,1
NP04627,-0.44938,1
NP05857,1.68742,1
NP02798,0.10743,1
NP01463,1.4073,1
NP08440,-0.52188,1
NP05125,0.77902,1
NP02516,-0.64706,1
NP08488,-0.52942,1
NP07435,0.32604,1
NP05161,-0.36707,1
NP01753,-0.74743,1
NP07386,0.06342,1
NP01780,-0.24652,1
NP02795,-0.80455,1
NP06822,0.09168,1
NP03585,1.0753,1
NP01787,-0.54257,1
NP09754,-0.28284,1
NP10353,0.50652,1
NP06051,-0.65629,1
NP07544,0.39033,1
NP02590,-0.54712,1
NP08653,0.69093,1
NP07126,-0.82938,1
NP05953,2.16827,1
NP09299,1.7983,1
NP05755,-0.31088,1
NP04443,-0.02899,1
NP02567,-0.25101,1
NP01899,0.19843,1
NP06697,-1.31192,1
NP02899,-0.36575,1
NP11102,-1.07014,1
NP08577,-0.1141,1
NP05163,-0.03876,1
NP07254,-0.10585,1
NP01737,0.27533,1
NP06997,0.01521,1
NP08773,2.06583,1
NP04758,1.77442,1
NP06993,-0.18587,1
NP00915,0.23801,1
NP09273,1.5082,1
NP02146,0.33072,1
NP04386,-0.16439,1
NP01766,-0.77285,1
NP09159,-0.77316,1
NP09213,2.16246,1
NP01354,-0.66099,1
NP07938,0.82233,1
NP04053,0.55425,1
NP01335,-0.09198,1
NP08478,-0.56272,1
NP06594,-1.1939,1
NP04031,-0.41654,1
NP02947,-0.1314,1
NP10278,-1.00364,1
NP01146,0.69422,1
NP06417,1.13891,1
NP01304,-0.74267,1
NP01346,-0.96162,1
NP06649,0.06444,1
NP07354,1.3507,1
NP04997,0.87563,1
NP04093,2.11358,1
NP07814,-0.79726,1
NP01885,-0.54442,1
NP00806,-0.94909,1
NP00865,-0.81521,1
NP09881,-1.38082,1
NP09311,1.66788,1
NP02017,-0.56239,1
NP08581,-0.01824,1
NP09916,1.50463,1
NP06427,0.26218,1
NP00053,0.36955,1
NP09298,0.718,1
NP09909,-1.01107,1
NP09305,0.91633,1
NP00055,0.39403,1
NP07581,-0.49559,1
NP04791,-1.38281,1
NP10722,1.37804,1
NP01206,0.54391,1
NP10091,3.05991,1
NP09288,-0.66049,1
NP07572,-0.91094,1
NP07044,-1.05277,1
NP05097,-0.49961,1
NP02172,1.51383,1
NP05452,-0.28658,1
NP07391,-0.05467,1
NP01524,1.29696,1
NP06691,-0.58013,1
NP06044,1.04845,1
NP05496,1.93848,1
NP09313,2.07651,1
NP06410,1.83458,1
NP07468,-0.208,1
NP00035,-0.14942,1
NP05891,0.65625,1
NP05940,1.44145,1
NP06905,1.9644,1
NP09733,0.53071,1
NP06576,1.64687,1
NP05103,-1.04939,1
NP08976,-0.63306,1
NP05219,-0.35738,1
NP03724,0.88657,1
NP07903,1.47406,1
NP03808,-0.14449,1
NP09491,-0.63541,1
NP08146,2.22224,1
NP00036,-0.41066,1
NP05199,-0.32638,1
NP03163,0.36155,1
NP04650,-0.26302,1
NP11008,2.09863,1
NP07003,2.63395,1
NP00924,0.18039,1
NP05839,0.5875,1
NP05204,0.7745,1
NP07579,-1.05238,1
NP09785,-0.66061,1
NP09420,1.8211,1
NP07631,0.61026,1
NP04964,0.33764,1
NP07116,0.37829,1
NP08515,0.08631,1
NP08956,0.758,1
NP02519,-0.65199,1
NP02016,-0.63909,1
NP10717,0.11093,1
NP10733,0.78734,1
NP07380,2.27578,1
NP07165,0.57776,1
NP02588,0.11005,1
NP07446,-0.24626,1
NP05203,-0.93783,1
NP06302,1.01399,1
NP02544,-0.14657,1
NP05885,0.80504,1
NP07255,0.34474,1
NP06984,-1.09944,1
NP06059,1.06195,1
NP06835,-0.98791,1
NP08604,1.86343,1
NP09164,0.24248,1
NP11108,-0.7843,1
NP05096,-0.65712,1
NP04406,0.07602,1
NP05890,0.55228,1
NP07464,-0.52451,1
NP06418,2.30821,1
NP08246,-0.84524,1
NP04291,0.47216,1
NP07463,-0.55056,1
NP08426,-1.14108,1
NP07447,1.45136,1
NP07562,-0.33456,1
NP07080,0.59632,1
NP11340,-1.00212,1
NP01384,-1.30097,1
NP06184,0.68769,1
NP08799,1.92673,1
NP09363,1.20656,1
NP10995,1.12865,1
NP02542,0.12755,1
NP09790,1.2315,1
NP06660,0.04318,1
NP04630,-0.97913,1
NP05227,2.41222,1
NP08585,4.35106,1
NP07536,0.19639,1
NP05264,3.08703,1
NP01550,-0.15749,1
NP02268,0.90532,1
NP03567,0.77984,1
NP07927,-1.02288,1
NP10821,-0.66938,1
NP11378,-0.2671,1
NP01970,-1.00521,1
NP09878,-0.18967,1
NP09055,-0.43346,1
NP00501,0.25073,1
NP09046,-0.57871,1
NP05709,0.21336,1
NP07637,-0.00053,1
NP04702,-0.58914,1
NP04737,-0.16649,1
NP04841,0.73303,1
NP06128,0.20544,1
NP05852,0.77131,1
NP01900,-0.77223,1
NP06994,0.50733,1
NP04186,-0.18877,1
NP01527,-0.6414,1
NP01909,-0.33062,1
NP07415,0.6821,1
NP06792,0.01871,1
NP10974,-0.04591,1
NP07583,0.09208,1
NP07371,0.46988,1
NP01477,-0.51643,1
NP05189,-0.73454,1
NP04808,0.79709,1
NP06991,3.16876,1
NP07485,-0.11684,1
NP10277,-0.58863,1
NP08602,2.31322,1
NP09874,-1.16472,1
NP06988,1.83904,1
NP06963,0.41995,1
NP04290,0.29962,1
NP05529,-0.06369,1
NP01800,-0.30398,1
NP02465,0.76669,1
NP06689,-0.14682,1
NP05538,-0.89209,1
NP06810,-0.71291,1
NP04840,-0.83899,1
NP01004,0.52744,1
NP04227,3.76352,1
NP08698,0.69107,1
NP10275,-0.59612,1
NP02941,-1.0199,1
NP02799,1.86143,1
NP10758,-0.34349,1
NP06864,0.59069,1
NP01531,-0.96245,1
NP03465,1.25944,1
NP07151,0.91903,1
NP08520,1.70377,1
NP06719,-0.5821,1
NP01919,1.22214,1
NP07436,0.96806,1
NP07010,2.93935,1
NP07259,1.96121,1
NP06892,-0.23408,1
NP05664,-0.36742,1
NP06894,0.1708,1
NP01306,-0.88325,1
NP06720,0.07382,1
NP06837,0.19037,1
NP08806,1.7279,1
NP01749,-0.37863,1
NP11205,-0.49558,1
NP09880,0.46989,1
NP05123,-0.70955,1
NP10933,-0.267,1
NP05354,0.70901,1
NP01223,1.24476,1
NP01138,0.86321,1
NP05154,-1.31925,1
NP08526,-0.36021,1
NP09667,-0.27625,1
NP06118,0.57664,1
NP05742,-0.78855,1
NP06677,-0.33186,1
NP11286,-0.4444,1
NP06301,0.30788,1
NP04868,-0.71449,1
NP01195,-1.28601,1
NP01284,1.74425,1
NP03373,-0.33891,1
NP03428,0.65916,1
NP04640,-0.6261,1
NP02258,1.37747,1
NP01255,-0.90359,1
NP07554,0.95898,1
NP05090,-1.01847,1
NP07573,-0.2113,1
NP08244,-0.64109,1
NP09586,0.44264,1
NP11235,1.07873,1
NP07365,1.76421,1
NP01727,-0.16993,1
NP03041,0.01105,1
NP02492,-0.49657,1
NP01748,0.71623,1
NP07444,-0.28736,1
NP04679,-0.85668,1
NP07252,-0.06549,1
NP07322,-0.44414,1
NP01651,-0.25437,1
NP02102,-0.09046,1
NP07382,2.32484,1
NP04157,-0.0791,1
NP05537,-0.73721,1
NP05939,1.03765,1
NP09635,3.82389,1
NP07011,2.61817,1
NP04746,-0.42814,1
NP01324,-0.45942,1
NP09694,0.36301,1
NP08579,-0.22735,1
NP01245,-0.38548,1
NP00064,0.74414,1
NP09599,2.80911,1
NP00786,-0.2289,1
NP09955,0.1654,1
NP09419,0.10599,1
NP11297,-0.24497,1
NP08659,0.25309,1
NP04759,-0.42334,1
NP02928,-1.24616,1
NP06187,-0.00243,1
NP07249,-0.09515,1
NP01211,1.81336,1
NP00028,-0.2961,1
NP04778,0.11804,1
NP11356,-0.33083,1
NP10734,1.81228,1
NP07725,0.23938,1
NP06332,0.6648,1
NP09165,0.32731,1
NP05922,1.15804,1
NP02270,0.68803,1
NP08051,-0.9356,1
NP02531,-0.00789,1
NP07551,1.29038,1
NP06347,1.04281,1
NP06114,-0.24141,1
NP06967,0.47785,1
NP06952,0.67628,1
NP05468,0.04521,1
NP06353,-0.23979,1
NP04665,-0.65009,1
NP10778,0.04173,1
NP09418,0.96001,1
NP01833,-0.2917,1
NP07912,-0.96142,1
NP04437,0.49561,1
NP06830,-0.15485,1
NP10703,1.29292,1
NP07278,0.03541,1
NP10782,0.08818,1
NP11066,0.7355,1
NP01282,-0.31887,1
NP07559,2.1554,1
NP04690,-0.72426,1
NP07966,0.24366,1
NP03545,-0.77438,1
NP05174,0.44696,1
NP04915,0.19327,1
NP08009,-1.11126,1
NP01501,-0.43971,1
NP10658,0.60762,1
NP01803,-0.39745,1
NP01675,2.29782,1
NP01773,-0.61759,1
NP10629,0.89592,1
NP07403,0.84431,1
NP00045,-1.29011,1
NP07590,0.54456,1
NP10820,1.04901,1
NP06916,-0.87617,1
NP02370,1.15664,1
NP00030,-0.38527,1
NP05094,-0.87802,1
NP02705,0.03073,1
NP09876,-1.04758,1
NP01655,-0.88537,1
NP10801,1.9632,1
NP11368,-0.72692,1
NP04769,-0.58999,1
NP06623,0.29193,1
NP09786,1.83176,1
NP04447,-0.33861,1
NP03783,-0.57032,1
NP08632,-0.64538,1
NP04826,0.85664,1
NP07067,1.07772,1
NP07123,0.57722,1
NP01828,0.17688,1
NP10797,1.76532,1
NP06831,0.1047,1
NP02828,0.05601,1
NP09348,1.91258,1
NP02809,0.01306,1
NP02525,1.08172,1
NP04922,0.45729,1
NP00889,0.39718,1
NP11361,-0.60521,1
NP04306,-1.3901,1
NP09885,0.65433,1
NP05937,-0.47708,1
NP01883,-0.2883,1
NP04731,-0.31073,1
NP10649,1.01274,1
NP11370,-0.95132,1
NP01013,1.82874,1
NP00866,-0.42735,1
NP05267,1.76569,1
NP03801,-0.09916,1
NP06346,-0.09357,1
NP09261,-0.02344,1
NP02578,-0.40458,1
NP06426,-0.23962,1
NP09795,-0.96641,1
NP06234,1.08723,1
NP10348,0.96794,1
NP07400,-0.65102,1
NP04879,0.43144,1
NP04371,-0.63488,1
NP07646,0.4728,1
NP04039,-0.24065,1
NP03763,-0.29593,1
NP05683,0.22307,1
NP04303,-0.22276,1
NP05073,-1.05046,1
NP09133,1.05163,1
NP09042,-0.45009,1
NP02010,2.49984,1
NP06873,0.83893,1
NP06593,-1.06616,1
NP08671,-1.05426,1
NP04920,-0.04637,1
NP09041,-0.36415,1
NP09592,-0.32223,1
NP03644,-0.18146,1
NP09069,1.41221,1
NP07935,0.78941,1
NP05663,4.6029,1
NP05893,0.24114,1
NP01822,-0.69533,1
NP07561,1.29091,1
NP07807,-0.05809,1
NP06559,2.89645,1
NP06934,-0.79796,1
NP05791,-0.97692,1
NP06207,0.17362,1
NP05666,-0.79146,1
NP07406,0.43842,1
NP01813,-0.17346,1
NP09044,0.06983,1
NP08271,0.05202,1
NP04229,0.91505,1
NP05198,0.61211,1
NP07318,1.52582,1
NP10735,2.23688,1
NP09662,-0.08177,1
NP07342,-0.39646,1
NP07153,0.21209,1
NP07134,1.02466,1
NP05181,0.00262,1
NP01186,3.63068,1
NP08248,-0.5021,1
NP02917,0.13077,1
NP04646,-1.13879,1
NP07467,0.29199,1
NP07096,-0.31297,1
NP11064,0.87364,1
NP03761,-0.28707,1
NP07155,-0.41723,1
NP06909,1.04598,1
NP08846,4.1504,1
NP04940,1.55819,1
NP03800,0.50287,1
NP08593,0.67504,1
NP02943,0.92367,1
NP02587,0.65046,1
NP06657,3.57334,1
NP09845,-0.74223,1
NP09888,-0.02704,1
NP11399,-0.51664,1
NP07335,1.66542,1
NP01820,-0.88288,1
NP05185,0.11926,1
NP09901,0.39545,1
NP09899,-0.12656,1
NP07177,1.59262,1
NP07968,1.66122,1
NP03028,-0.91466,1
NP11069,3.07928,1
NP07138,2.84518,1
NP09927,-0.17745,1
NP06880,0.30454,1
NP02061,1.46039,1
NP07955,-0.68293,1
NP02234,0.89127,1
NP04032,0.48165,1
NP03458,0.52251,1
NP03805,-0.50329,1
NP07021,0.59332,1
NP07937,-0.39713,1
NP02162,-0.26146,1
NP01817,-0.46548,1
NP09350,-1.18296,1
NP07077,0.46529,1
NP11323,-0.59553,1
NP04783,1.04695,1
NP04803,0.08264,1
NP06923,0.57837,1
NP04694,0.55516,1
NP01905,0.02078,1
NP07102,-0.32789,1
NP04220,2.18038,1
NP06794,0.74117,1
NP06193,0.03013,1
NP11352,-0.75434,1
NP07659,-0.45927,1
NP07217,-0.6008,1
NP06221,0.17126,1
NP02644,0.59344,1
NP04807,-0.35458,1
NP08519,-0.38911,1
NP07423,1.2243,1
NP03854,-1.05827,1
NP05739,-0.12545,1
NP07825,2.31421,1
NP06922,0.27767,1
NP11149,-0.85991,1
NP07969,-0.01728,1
NP03476,0.2083,1
NP11398,-0.06277,1
NP06078,1.16755,1
NP05764,0.51026,1
NP00850,1.57139,1
NP03810,-0.73527,1
NP07095,1.58983,1
NP05540,-1.19578,1
NP05514,0.20876,1
NP06895,0.18306,1
NP10723,0.23073,1
NP09536,0.00268,1
NP00776,0.59323,1
NP03795,-1.1673,1
NP09906,1.90342,1
NP11106,-0.91136,1
NP05789,-0.37546,1
NP08721,1.48198,1
NP10756,-0.04149,1
NP02949,0.95381,1
NP08551,-1.20101,1
NP11076,2.42756,1
NP06084,-0.11915,1
NP04661,-0.1976,1
NP06696,-0.77059,1
NP07706,-1.08134,1
NP09301,2.44099,1
NP05130,1.057,1
NP07932,0.30238,1
NP05743,-0.23863,1
NP07455,-0.14027,1
NP10630,1.12648,1
NP04767,-1.00709,1
NP04424,-0.39184,1
NP09415,1.91114,1
NP05023,0.27297,1
NP06998,2.1043,1
NP01307,-0.09934,1
NP08712,1.70562,1
NP11360,-0.77192,1
NP05225,0.33604,1
NP07337,-0.11061,1
NP01339,-0.83649,1
NP11366,-1.14995,1
NP06570,0.67579,1
NP08080,0.50888,1
NP04210,0.59345,1
NP01536,0.15533,1
NP06072,1.34205,1
NP05037,-0.2966,1
NP07292,0.66502,1
NP07808,-0.61103,1
NP02911,2.65049,1
NP06400,0.69882,1
NP04286,-0.15832,1
NP11078,0.35425,1
NP11251,-0.39514,1
NP06545,2.39188,1
NP09337,0.86801,1
NP07166,-0.59379,1
NP07429,0.03774,1
NP06898,-0.73038,1
NP07272,0.69618,1
NP03716,0.76369,1
NP07236,1.36831,1
NP01400,-0.01802,1
NP06964,0.87857,1
NP06749,-1.01654,1
NP04811,1.54789,1
NP04871,-0.21616,1
NP05088,1.05307,1
NP09695,0.14142,1
NP07591,-0.17274,1
NP07242,-0.08653,1
NP07679,-0.49269,1
NP05172,-0.46551,1
NP04180,0.7745,1
NP10812,-0.40474,1
NP06711,-0.40034,1
NP05166,-0.37207,1
NP04870,-0.03806,1
NP09204,1.04231,1
NP09659,-0.10704,1
NP05202,-0.45305,1
NP00048,-0.97652,1
NP07546,-0.71988,1
NP01832,-0.93304,1
NP00037,-0.43177,1
NP05034,-0.10154,1
NP08700,-0.57557,1
NP07017,0.131,1
NP03208,3.16848,1
NP03601,1.75052,1
NP03600,-0.3613,1
NP06150,0.73815,1
NP01244,-0.52358,1
NP09110,1.42501,1
NP01724,1.14826,1
NP09018,-0.4598,1
NP00759,2.26473,1
NP10994,0.01445,1
NP03491,0.97802,1
NP02643,5.41739,1
NP06920,0.05177,1
NP02813,0.50254,1
NP09675,1.36572,1
NP08186,-0.73519,1
NP09661,1.14504,1
NP06409,0.72774,1
NP10955,-0.03451,1
NP07000,-0.64696,1
NP03950,-1.10809,1
NP06296,0.68523,1
NP09593,0.02939,1
NP07076,1.24498,1
NP04651,-0.34796,1
NP05395,0.44416,1
NP09053,-0.63099,1
NP01746,1.19403,1
NP09714,0.52294,1
NP03828,-0.32023,1
NP04274,-0.14653,1
NP04230,-1.14659,1
NP08949,0.20226,1
NP05159,-0.53547,1
NP09040,-0.30059,1
NP02109,0.18471,1
NP04662,-0.23165,1
NP01801,-0.98942,1
NP00905,0.30624,1
NP08575,-0.14543,1
NP07596,-0.38154,1
NP08465,-0.56426,1
NP08609,1.80102,1
NP01678,0.0422,1
NP09003,-0.97735,1
NP06154,-1.17477,1
NP00784,1.78368,1
NP05724,0.65255,1
NP08959,2.02872,1
NP00060,0.96592,1
NP03480,-0.28269,1
NP05036,1.35592,1
NP08679,2.87428,1
NP02539,-0.00819,1
NP09776,0.66228,1
NP05522,-0.9578,1
NP07490,-0.93179,1
NP09798,-0.80247,1
NP04657,-0.57459,1
NP02938,1.3005,1
NP02056,0.54991,1
NP07936,0.22758,1
NP05177,-0.21159,1
NP05531,0.72954,1
NP04794,0.00846,1
NP02447,0.95986,1
NP05116,0.31117,1
NP06949,2.22216,1
NP04339,-0.55007,1
NP02591,-0.81085,1
NP01862,-1.10052,1
NP04631,0.01643,1
NP06009,1.09868,1
NP07160,0.57655,1
NP09758,-0.58361,1
NP01518,2.38175,1
NP11304,-0.18026,1
NP02691,-0.10074,1
NP09929,-0.60439,1
NP07013,0.45786,1
NP03777,0.39575,1
NP00901,-0.07122,1
NP06728,-0.81721,1
NP07809,0.37359,1
NP05687,0.27197,1
NP04200,-0.387,1
NP09106,2.22252,1
NP06707,-0.34544,1
NP03587,1.50249,1
NP02972,2.34174,1
NP04949,0.53728,1
NP00894,0.61292,1
NP11293,-0.95713,1
NP01891,-0.68178,1
NP01968,-0.97657,1
NP06844,-0.37997,1
NP03887,-0.01827,1
NP07578,-0.13306,1
NP01924,1.54261,1
NP04279,-1.07861,1
NP10788,0.65322,1
NP07550,-0.19693,1
NP09414,0.55598,1
NP09440,2.20795,1
NP09285,-0.58295,1
NP04649,0.80269,1
NP09904,0.29773,1
NP01077,0.91591,1
NP06754,0.25619,1
NP00710,0.53768,1
NP02003,-1.118,1
NP00768,2.37107,1
NP08906,0.52887,1
NP02924,0.61952,1
NP10832,0.08256,1
NP07137,2.18673,1
NP05534,-1.05692,1
NP07640,0.42097,1
NP00817,1.40907,1
NP06889,-0.82907,1
NP08461,-0.088,1
NP06551,1.45676,1
NP08512,2.33758,1
NP03756,-0.50472,1
NP05838,1.94155,1
NP08586,0.28021,1
NP11375,-0.69847,1
NP07424,-0.10719,1
NP03768,-0.19083,1
NP01068,-0.55199,1
NP09919,-0.58604,1
NP06224,0.24047,1
NP09052,-0.37952,1
NP09792,-0.61862,1
NP01969,-0.82627,1
NP06644,-0.35004,1
NP03788,-1.27078,1
NP06170,2.17,1
NP08451,-0.91347,1
NP05195,-0.35273,1
NP01253,-1.39286,1
NP09764,0.29285,1
NP01794,-0.95396,1
NP06199,0.65914,1
NP07027,0.40061,1
NP05048,-1.19725,1
NP09355,-0.19052,1
NP08569,-0.50084,1
NP09948,-0.27452,1
NP01739,1.36889,1
NP06867,-0.91191,1
NP02592,0.92018,1
NP07063,-0.12483,1
NP06411,0.78909,1
NP09353,-0.08543,1
NP08422,-0.9032,1
NP01963,0.04295,1
NP06023,3.14607,1
NP01795,-0.72712,1
NP10755,0.20844,1
NP03536,0.66453,1
NP01357,1.04489,1
NP10350,0.71704,1
NP04363,-0.67095,1
NP02596,-0.44317,1
NP06954,0.09002,1
NP08265,-0.93507,1
NP08542,0.13819,1
NP04817,0.94413,1
NP04755,-0.52099,1
NP02645,1.3889,1
NP08568,-0.47494,1
NP11395,-0.59192,1
NP03089,-0.15741,1
NP06055,0.88561,1
NP10256,-0.9494,1
NP09683,1.00283,1
NP07030,-0.78358,1
NP11358,-0.7194,1
NP05020,1.09301,1
NP10383,0.71193,1
NP04756,0.58839,1
NP00800,0.29427,1
NP08622,0.14562,1
NP07196,0.67954,1
NP08262,-0.00491,1
NP06079,3.62262,1
NP08454,-0.6931,1
NP01178,1.06974,1
NP05536,-1.04255,1
NP06161,-0.00134,1
NP10819,-0.26393,1
NP05843,2.69715,1
NP06165,-0.01179,1
NP08458,-0.40091,1
NP01784,3.04157,1
NP07687,-1.28413,1
NP09591,-0.80977,1
NP09590,0.44932,1
NP06235,1.10347,1
NP06845,-0.06794,1
NP09827,-0.51694,1
NP04734,-0.78127,1
NP01409,-0.51807,1
NP07493,-0.74255,1
NP09371,1.21748,1
NP05493,0.3255,1
NP11362,-1.13914,1
NP05043,-0.31973,1
NP01743,0.70978,1
NP06299,1.00225,1
NP02344,1.73124,1
NP05105,-0.43103,1
NP04050,0.17486,1
NP07210,-0.28037,1
NP04353,-0.14921,1
NP07705,-0.08409,1
NP03124,-0.39679,1
NP07094,1.1303,1
NP01809,-0.63711,1
NP02244,1.28568,1
NP11284,-0.66521,1
NP10977,1.29351,1
NP07347,1.95698,1
NP07032,1.28659,1
NP09416,0.52793,1
NP01649,0.43644,1
NP02696,-0.29623,1
NP06667,-0.00745,1
NP05106,-0.34927,1
NP02684,-0.51848,1
NP11031,-0.15178,1
NP06690,0.60309,1
NP10594,-0.16842,1
NP09464,-0.48855,1
NP03784,-0.07242,1
NP10358,4.50717,1
NP05104,-0.8301,1
NP00353,-0.00697,1
NP05380,-0.43247,1
NP09149,-0.06106,1
NP05486,2.75697,1
NP09475,0.26113,1
NP06548,2.48689,1
NP07894,2.16401,1
NP06899,-0.3863,1
NP06989,0.7073,1
NP01474,-0.49799,1
NP01732,-0.35734,1
NP07139,-1.09712,1
NP08450,0.15888,1
NP06693,-0.78727,1
NP03802,0.19426,1
NP08669,-0.81274,1
NP09397,1.50861,1
NP02020,-0.53974,1
NP05856,2.22917,1
NP06643,0.89164,1
NP08517,1.28595,1
NP02699,-0.30474,1
NP04772,0.75325,1
NP04894,0.66004,1
NP02000,1.56677,1
NP10786,3.27983,1
NP05756,0.68012,1
NP06348,0.57318,1
NP04175,0.33925,1
NP07451,0.4489,1
NP04673,-0.95521,1
NP01621,1.02674,1
NP07115,-0.2628,1
NP01728,-0.58337,1
NP10827,0.91618,1
NP06945,0.92066,1
NP04304,-0.17435,1
NP04655,-1.07825,1
NP07907,1.63798,1
NP08251,-0.90543,1
NP08256,-0.2722,1
NP08491,-0.98491,1
NP10627,0.34052,1
NP07384,-0.8117,1
NP02950,0.30237,1
NP06329,1.7876,1
NP09766,0.51552,1
NP03418,0.64089,1
NP01193,1.64172,1
NP00954,1.52016,1
NP03522,0.85293,1
NP01393,-1.09966,1
NP08155,-0.27889,1
NP06793,0.61595,1
NP11299,-0.27641,1
NP02846,3.12588,1
NP07240,-0.31869,1
NP06550,0.96204,1
NP02650,0.50771,1
NP01241,0.95215,1
NP08994,-0.06656,1
NP04671,-1.05506,1
NP07228,-0.17162,1
NP09676,1.72816,1
NP07047,-0.53379,1
NP10697,-1.23409,1
NP04795,-0.53186,1
NP11300,-0.26932,1
NP04834,0.3843,1
NP03456,3.4641,1
NP04813,0.52716,1
NP04667,-0.80785,1
NP03106,-0.36579,1
NP03090,2.72018,1
NP05158,-0.34023,1
NP10646,0.514,1
NP04754,0.5092,1
NP02521,2.69231,1
NP07906,1.19482,1
NP01430,0.53657,1
NP01827,-0.16661,1
NP05207,-0.32713,1
NP05109,-1.19827,1
NP02573,-1.18828,1
NP07893,-0.18587,1
NP10031,1.76743,1
NP03832,1.02086,1
NP10352,0.42007,1
NP08259,1.76506,1
NP00939,1.8379,1
NP09866,2.79198,1
NP10273,-0.47131,1
NP07222,2.12959,1
NP10269,0.57417,1
NP07419,1.95414,1
NP05322,-0.71069,1
NP01239,0.95664,1
NP01256,1.27316,1
NP00775,1.9046,1
NP02550,-0.95573,1
NP07286,0.83947,1
NP08656,0.6983,1
NP05411,3.69626,1
NP04479,-0.40254,1
NP04765,0.45434,1
NP01729,0.46761,1
NP10597,-0.84746,1
NP08907,0.69187,1
NP01041,0.31099,1
NP01050,0.38936,1
NP06648,0.03159,1
NP06333,-1.19076,1
NP06554,-0.07537,1
NP08694,0.18614,1
NP04355,-0.97328,1
NP11021,-0.82226,1
NP05002,-0.91356,1
NP11073,3.29185,1
NP02669,0.39324,1
NP06890,-0.69287,1
NP11239,0.01375,1
NP04043,0.06509,1
NP10148,0.13352,1
NP11119,1.00654,1
NP07913,-0.72181,1
NP02015,0.47824,1
NP04348,-1.11123,1
NP06173,0.01044,1
NP03455,1.37438,1
NP07654,-0.22248,1
NP07426,3.04996,1
NP07957,-0.31445,1
NP07944,-0.26609,1
NP06195,1.24133,1
NP11068,2.7708,1
NP11294,-0.69822,1
NP01619,1.88238,1
NP06053,0.53132,1
NP04729,-0.01267,1
NP02523,2.26626,1
NP04354,-0.25921,1
NP08862,3.06083,1
NP05751,2.65352,1
NP05765,-0.25127,1
NP07320,3.23919,1
NP07442,-0.07143,1
NP04846,-0.74007,1
NP05818,1.26678,1
NP07356,0.26003,1
NP07448,0.11144,1
NP04933,0.21244,1
NP02827,1.86634,1
NP04057,-0.29991,1
NP05694,0.52718,1
NP09360,0.89434,1
NP09740,0.47795,1
NP01198,1.61304,1
NP07343,0.53556,1
NP09002,-0.87648,1
NP02969,2.29066,1
NP04824,0.51991,1
NP01396,-0.26021,1
NP07148,-0.1353,1
NP02543,0.24673,1
NP04342,-0.14965,1
NP11252,-1.10962,1
NP04284,-1.25884,1
NP04250,-0.98897,1
NP07332,0.94289,1
NP08154,0.16156,1
NP04916,0.34624,1
NP07326,-0.74624,1
NP03858,-1.20801,1
NP04851,-1.04381,1
NP03534,-1.13342,1
NP11301,-0.57158,1
NP00605,0.16222,1
NP00945,-0.16425,1
NP10896,-0.09703,1
NP04294,-0.16431,1
NP09869,-1.0468,1
NP06877,-0.58274,1
NP04917,0.3905,1
NP08467,-1.21349,1
NP06326,0.62387,1
NP00874,-0.58812,1
NP07901,0.46665,1
NP01382,-1.19071,1
NP04367,-0.82776,1
NP08163,0.0186,1
NP04641,-1.23289,1
NP11336,-0.8016,1
NP05758,0.36809,1
NP07469,0.58764,1
NP06292,1.24903,1
NP08296,-0.77443,1
NP00359,-0.47895,1
NP11156,-1.07485,1
NP06049,0.61023,1
NP11007,2.29376,1
NP04706,-0.97101,1
NP05945,-1.29077,1
NP02005,-0.76364,1
NP01490,-1.27261,1
NP02962,0.38766,1
NP00769,0.22245,1
NP04041,0.54557,1
NP06855,1.9106,1
NP05007,0.43104,1
NP08783,0.62342,1
NP06941,0.0986,1
NP04358,-0.39773,1
NP07352,4.55597,1
NP01021,-0.39281,1
NP03518,0.89359,1
NP01470,-0.98655,1
NP09767,1.87384,1
NP02029,-1.33894,1
NP08668,-1.0717,1
NP09772,0.47922,1
NP05502,0.06248,1
NP07246,0.8266,1
NP01863,3.6689,1
NP07964,1.89729,1
NP02298,-1.31218,1
NP03193,-0.72312,1
NP09156,-0.92862,1
NP02129,-0.15792,1
NP11005,-0.51973,1
NP02529,0.9873,1
NP11292,-1.14091,1
NP08543,-0.47479,1
NP09404,4.01384,1
NP06397,0.94719,1
NP09595,1.23666,1
NP04664,-0.5179,1
NP05740,0.29523,1
NP02647,0.71977,1
NP03481,-0.24491,1
NP10947,0.2542,1
NP05886,-0.99197,1
NP04648,-0.26853,1
NP07512,4.51283,1
NP06658,0.5309,1
NP02160,0.18409,1
NP00830,-0.16616,1
NP04207,0.11378,1
NP05087,0.76314,1
NP07042,-0.62304,1
NP08200,-0.6023,1
NP01317,-0.12771,1
NP06115,-0.47822,1
NP04957,-0.2244,1
NP09896,-0.23402,1
NP07736,1.18582,1
NP09750,-0.232,1
NP01319,-0.91577,1
NP11127,0.80194,1
NP04073,2.26289,1
NP08995,-0.63939,1
NP08152,0.64347,1
NP07360,-0.0624,1
NP07489,-0.39568,1
NP05067,-1.28184,1
NP02702,-0.29788,1
NP01539,0.80657,1
NP01385,-0.96222,1
NP04637,-0.8236,1
NP07182,0.68815,1
NP04691,1.55599,1
NP11046,0.35874,1
NP09958,-0.25285,1
NP03830,0.06169,1
NP09264,1.0184,1
NP05182,0.18713,1
NP05436,0.20663,1
NP09036,-0.3457,1
NP07504,0.72919,1
NP06371,-1.07455,1
NP06832,-0.50708,1
NP11160,-0.47384,1
NP06753,-0.53025,1
NP10739,0.05594,1
NP07257,1.13909,1
NP08578,0.03161,1
NP06050,0.13367,1
NP08466,-1.26881,1
NP07588,0.05217,1
NP08263,-1.27332,1
NP07195,0.69715,1
NP05143,0.09047,1
NP11350,-0.82528,1
NP01296,0.24535,1
NP11244,-0.39062,1
NP08162,-0.19319,1
NP05693,0.97631,1
NP09438,1.00336,1
NP03131,-0.60732,1
NP05434,-0.79517,1
NP01511,1.58268,1
NP01892,0.77457,1
NP07207,2.11261,1
NP06166,0.00287,1
NP06047,0.94725,1
NP06915,-0.29879,1
NP08468,0.86761,1
NP04222,3.1922,1
NP09853,-0.45835,1
NP00356,0.0987,1
NP09957,-0.4598,1
NP04792,0.20909,1
NP07456,-0.8342,1
NP06186,-0.64258,1
NP08449,-0.81822,1
NP08055,1.78046,1
NP11374,-0.42177,1
NP06683,-0.48146,1
NP06318,-0.46643,1
NP07739,0.95451,1
NP03687,0.25413,1
NP01410,0.42594,1
NP08504,0.79037,1
NP02524,-0.35627,1
NP07020,-0.98243,1
NP07525,2.57644,1
NP04020,-1.12892,1
NP08082,0.82383,1
NP06874,-0.67151,1
NP00712,3.09027,1
NP03837,0.89,1
NP05696,0.72238,1
NP10730,-0.65119,1
NP06897,-0.65596,1
NP05173,0.22952,1
NP07471,3.69935,1
NP01347,-0.86904,1
NP07308,1.76429,1
NP01810,-0.58904,1
NP07008,0.3447,1
NP08576,-0.78783,1
NP08541,-0.62324,1
NP05134,1.86775,1
NP06046,-0.44889,1
NP04745,-0.67266,1
NP06888,0.38476,1
NP05162,-0.47357,1
NP01398,-0.03962,1
NP00606,0.5211,1
NP00664,-0.03173,1
NP02159,-0.5717,1
NP05381,-0.269,1
NP02783,-0.44176,1
NP04374,-1.08875,1
NP06567,1.98448,1
NP08811,4.3548,1
NP01544,-0.10164,1
NP01961,-0.13262,1
NP01209,0.32523,1
NP09872,0.41924,1
NP01424,1.57,1
NP01418,1.58229,1
NP08496,0.6201,1
NP09799,-0.98009,1
NP07353,0.52107,1
NP07428,-0.10145,1
NP09338,1.7714,1
NP01786,-0.83313,1
NP04878,-0.1857,1
NP08332,1.09307,1
NP10785,3.24246,1
NP09246,-0.74311,1
NP04639,-0.77983,1
NP00887,1.30147,1
NP02484,-0.36872,1
NP07205,-0.14106,1
NP08962,0.18254,1
NP04959,1.24341,1
NP07334,1.36898,1
NP01722,3.14256,1
NP04771,-0.90453,1
NP01471,-0.74417,1
NP06747,-0.73619,1
NP05144,0.30976,1
NP05086,-0.73884,1
NP03421,2.61411,1
NP08619,-0.48791,1
NP07245,2.83454,1
NP11328,-1.06682,1
NP04796,0.1824,1
NP01758,0.71936,1
NP06868,0.83846,1
NP02031,0.17453,1
NP06105,0.36379,1
NP08474,-0.22018,1
NP08837,0.19392,1
NP06613,0.20664,1
NP07287,2.78139,1
NP03423,-0.81833,1
NP00599,0.19844,1
NP07330,-0.40434,1
NP01879,-0.05238,1
NP06176,-0.14138,1
NP00281,-0.33124,1
NP07600,-0.30305,1
NP07948,-0.03048,1
NP06662,0.8598,1
NP01720,2.65918,1
NP02232,-0.63803,1
NP05941,0.26172,1
NP09380,-0.38979,1
NP09368,3.60429,1
NP04720,0.20649,1
NP03234,-0.26448,1
NP07480,-0.36851,1
NP03533,-1.16527,1
NP02067,0.12462,1
NP07171,0.26201,1
NP07625,0.51278,1
NP09863,-0.09501,1
NP03695,1.18026,1
NP04292,0.51938,1
NP01428,1.545,1
NP10942,-0.60615,1
NP07519,1.9982,1
NP07150,0.17824,1
NP03043,-0.67146,1
NP07256,1.36102,1
NP04468,-0.65245,1
NP03804,-0.46099,1
NP06405,-0.58433,1
NP05165,-0.89802,1
NP09028,-0.18694,1
NP04404,0.21713,1
NP08151,-0.37844,1
NP09746,0.92368,1
NP05656,-0.47739,1
NP01405,0.64029,1
NP06222,1.80234,1
NP10737,2.21322,1
NP00756,1.13466,1
NP01358,-1.09567,1
NP10626,1.74517,1
NP07461,-0.38434,1
NP02624,0.76515,1
NP01342,-0.15874,1
NP04051,-0.31517,1
NP02450,0.04435,1
NP07018,0.33978,1
NP07481,-0.51334,1
NP02443,0.5844,1
NP01526,0.23218,1
NP02690,0.13972,1
NP05483,0.05757,1
NP09781,-1.22282,1
NP08476,-0.9418,1
NP04713,-0.37484,1
NP07529,2.60505,1
NP02103,0.05049,1
NP05325,0.8843,1
NP07120,3.25785,1
NP04730,0.52859,1
NP01534,-1.00625,1
NP05895,0.28189,1
NP00338,0.90544,1
NP08408,-0.60144,1
NP00780,1.7621,1
NP09877,0.94309,1
NP08552,-0.7879,1
NP07276,3.10054,1
NP01465,-0.91708,1
NP00910,-0.52309,1
NP07293,0.12392,1
NP04784,0.38996,1
NP02965,-0.53861,1
NP01243,-0.81563,1
NP01978,0.65631,1
NP06978,0.30084,1
NP04313,0.43825,1
NP01251,0.22874,1
NP03793,-0.56564,1
NP07799,0.05808,1
NP06685,-0.39811,1
NP07185,-0.41292,1
NP04961,-0.15438,1
NP06402,-0.58682,1
NP03591,1.0213,1
NP02013,0.97002,1
NP04278,-0.79823,1
NP07497,-0.78937,1
NP09330,1.73097,1
NP11302,-0.57549,1
NP05269,0.04067,1
NP07225,-1.21423,1
NP05894,0.47108,1
NP03852,0.00487,1
NP06428,-0.73861,1
NP11032,-0.07963,1
NP07001,1.48378,1
NP08247,-0.47329,1
NP09038,-0.60498,1
NP09806,1.36506,1
NP09526,0.22491,1
NP04283,0.45505,1
NP07598,-0.72538,1
NP04700,2.37652,1
NP10978,0.20792,1
NP04299,-0.34786,1
NP07119,2.64247,1
NP04280,-1.04209,1
NP09642,3.7558,1
NP04938,-0.11801,1
NP11177,-1.21767,1
NP07219,0.23806,1
NP06986,-0.87127,1
NP05908,0.25767,1
NP08170,-0.245,1
NP07856,0.84236,1
NP06139,2.13559,1
NP07796,1.46583,1
NP05167,-1.10512,1
NP05311,1.01343,1
NP03254,0.72095,1
NP06891,0.83271,1
NP07379,1.11974,1
NP07248,0.11906,1
NP02900,-0.86516,1
NP07363,0.78985,1
NP10740,0.21048,1
NP07657,-0.59599,1
NP00757,0.40759,1
NP03033,-0.31172,1
NP05883,3.28568,1
NP05221,-0.04118,1
NP09401,3.85453,1
NP06328,1.6655,1
NP00754,1.63321,1
NP06912,1.32888,1
NP08264,-0.40531,1
NP01719,-0.29271,1
NP00593,0.9665,1
NP03426,2.32586,1
NP02686,0.59619,1
NP07083,-0.04169,1
NP02792,0.66003,1
NP05884,2.38877,1
NP09716,0.40175,1
NP03847,-0.59291,1
NP09272,0.09051,1
NP09894,0.33226,1
NP10780,-0.07688,1
NP11295,-0.67875,1
NP04094,2.55254,1
NP07341,1.88503,1
NP02829,3.84796,1
NP04932,0.76152,1
NP11326,-0.46317,1
NP06337,-0.21356,1
NP02961,-0.71989,1
NP09636,2.87944,1
NP07402,1.57038,1
NP08469,-1.25914,1
NP06104,0.27065,1
NP07817,-0.22795,1
NP07016,-0.61987,1
NP03849,-0.27773,1
NP04466,-0.83223,1
NP05498,2.37104,1
NP02942,-1.13957,1
NP03369,0.739,1
NP01402,-0.02801,1
NP11327,-0.65707,1
NP01723,1.96437,1
NP09670,-0.08428,1
NP00059,1.04612,1
NP06717,0.0622,1
NP10792,1.80096,1
NP03543,2.26736,1
NP01008,1.93145,1
NP05149,-1.18399,1
NP00122,2.72732,1
NP05854,-0.99469,1
NP07488,0.00613,1
NP09985,-0.86547,1
NP04373,-1.11196,1
NP10895,2.28779,1
NP09928,-0.35695,1
NP01399,-0.55072,1
NP07118,-1.06169,1
NP01129,-0.63018,1
NP05729,-0.76763,1
NP04928,0.16838,1
NP10704,1.20306,1
NP04986,1.48717,1
NP05528,-0.45286,1
NP06834,-1.02179,1
NP07028,-0.39853,1
NP10355,-1.25039,1
NP04282,-0.76093,1
NP09897,1.11366,1
NP04148,-1.06352,1
NP04761,0.50454,1
NP07299,1.95568,1
NP05459,1.72264,1
NP07370,0.38861,1
NP00853,0.24129,1
NP04440,-0.03173,1
NP09854,-0.20084,1
NP03569,1.20649,1
NP01804,-0.45981,1
NP11315,-0.99814,1
NP07296,0.08767,1
NP01888,-0.58212,1
NP09918,-0.53858,1
NP05192,0.14454,1
NP06327,4.09469,1
NP03532,-0.5582,1
NP11372,-0.86414,1
NP07404,0.20131,1
NP11359,-0.87185,1
NP05682,0.60555,1
NP00809,2.1191,1
NP03949,-0.80204,1
NP07121,2.0873,1
NP06878,-0.53323,1
NP07078,0.28671,1
NP09310,0.58994,1
NP11316,-0.641,1
NP01896,0.51118,1
NP00791,0.54294,1
NP06944,0.97989,1
NP07849,2.63259,1
NP01738,0.00061,1
NP04238,-1.03484,1
NP09296,2.0528,1
NP05093,-0.44154,1
NP05832,-1.14703,1
NP04022,-0.33579,1
NP04762,0.8958,1
NP07350,4.74056,1
NP05698,-1.06873,1
NP11152,-1.10468,1
NP04697,2.69963,1
NP04844,-0.96877,1
NP00902,0.25413,1
NP06048,-0.44291,1
NP11298,-0.44051,1
NP07552,0.77854,1
NP09749,2.91149,1
NP05141,0.40554,1
NP07427,-0.00776,1
NP00626,0.36328,1
NP04766,0.44212,1
NP06700,-0.03835,1
NP09203,1.56238,1
NP08539,-0.60247,1
NP00764,-0.82562,1
NP02354,1.80449,1
NP06218,-0.28173,1
NP01510,-0.49183,1
NP05240,0.36818,1
NP07142,2.73839,1
NP09054,-0.98671,1
NP06715,-0.12786,1
NP09794,-0.61753,1
NP07566,-0.40972,1
NP00025,-0.14352,1
NP05150,0.64251,1
NP03039,0.59325,1
NP10647,-0.9161,1
NP09924,-0.40128,1
NP05124,1.47434,1
NP07476,-0.5716,1
NP07304,-0.32502,1
NP05327,-0.41754,1
NP07399,-0.76093,1
NP05200,-0.98136,1
NP06141,1.10534,1
NP04393,-0.77377,1
NP02080,-0.67777,1
NP03417,-0.80675,1
NP04996,0.93593,1
NP06393,-0.00053,1
NP09039,-1.0639,1
NP07004,1.7199,1
NP08275,-0.16348,1
NP01017,1.68809,1
NP09800,-1.02942,1
NP04967,0.51681,1
NP05524,-0.50426,1
NP05942,0.43515,1
NP02025,0.10641,1
NP08510,-0.52476,1
NP02053,0.91323,1
NP07393,0.66235,1
NP08983,-1.18736,1
NP02045,-0.24307,1
NP02193,0.43297,1
NP07319,-0.7012,1
NP04461,-0.53751,1
NP08331,0.4949,1
NP09410,0.89502,1
NP03770,-0.59871,1
NP09762,-0.11078,1
NP08049,-1.07718,1
NP01791,-0.64713,1
NP07307,3.42348,1
NP00908,0.21601,1
NP06859,0.49181,1
NP04405,0.22507,1
NP07636,0.25304,1
NP05201,1.1323,1
NP07543,0.26115,1
NP11355,-0.80069,1
NP09954,-0.58185,1
NP01965,0.56642,1
NP03794,-0.54946,1
NP02966,1.7289,1
NP08052,-0.05139,1
NP01154,1.31424,1
NP09707,0.97144,1
NP07460,0.63035,1
NP05930,2.30269,1
NP02595,1.02459,1
NP08445,-1.33155,1
NP02486,-0.41126,1
NP11121,-0.66772,1
NP04142,2.24995,1
NP11377,0.17664,1
NP07085,0.13329,1
NP01190,1.17658,1
NP07258,-0.44353,1
NP00788,0.7603,1
NP04633,-1.19134,1
NP02295,-0.68229,1
NP09048,-0.19314,1
NP07306,3.80395,1
NP08260,-0.16997,1
NP06422,0.91504,1
NP06698,-0.87987,1
NP09037,-0.198,1
NP09729,1.02812,1
NP08556,-1.06774,1
NP02824,1.11192,1
NP02851,2.76982,1
NP11376,-0.77166,1
NP04793,-0.55214,1
NP02968,-1.24149,1
NP11333,-0.8017,1
NP07711,-1.0688,1
NP06430,0.95889,1
NP11324,-0.57629,1
NP07547,1.06546,1
NP02240,-0.22754,1
NP09349,0.23926,1
NP06499,-1.07212,1
NP06092,2.09485,1
NP05914,-0.42622,1
NP11335,-1.20699,1
NP03841,1.30392,1
NP09528,-0.49915,1
NP04481,0.9828,1
NP05281,0.81795,1
NP06716,-0.38605,1
NP03046,0.72,1
NP11403,-0.59851,1
NP05477,-0.33957,1
NP07704,-0.75051,1
NP05180,0.18713,1
NP01182,0.75373,1
NP06679,-0.52259,1
NP08918,1.13742,1
NP08156,1.2349,1
NP07537,2.24378,1
NP10687,-0.7018,1
NP04876,0.80831,1
NP03462,2.41906,1
NP02933,-0.10308,1
NP06162,0.436,1
NP05888,-0.02423,1
NP11166,-0.66369,1
NP06191,-0.87621,1
NP06130,0.74779,1
NP03749,0.23004,1
NP02648,1.24161,1
NP10718,1.63853,1
NP10806,0.49893,1
NP04960,-0.95065,1
NP07430,-1.1271,1
NP00026,-0.29487,1
NP10659,-0.79728,1
NP09400,1.23971,1
NP10796,-0.16212,1
NP05622,0.88995,1
NP11238,0.59191,1
NP03178,1.8323,1
NP04900,0.52323,1
NP01325,-0.18339,1
NP00760,-0.80264,1
NP07549,-0.75713,1
NP10882,0.03524,1
NP09893,0.44639,1
NP05570,-0.66457,1
NP03551,1.18653,1
NP10753,0.25755,1
NP00062,2.28361,1
NP09804,0.33437,1
NP06702,-0.32682,1
NP05168,-0.67191,1
NP07482,-0.56693,1
NP09903,1.65106,1
NP06858,0.80716,1
NP03210,-0.60437,1
NP04366,-0.74897,1
NP05767,-0.17829,1
NP07517,1.6708,1
NP03590,3.47726,1
NP06361,-0.50673,1
NP04189,0.44444,1
NP11341,-0.5843,1
NP06395,-0.25521,1
NP01967,-0.9863,1
NP02024,-0.61014,1
NP05122,-0.71753,1
NP01530,-0.69237,1
NP07154,-0.00053,1
NP03483,-1.03143,1
NP01609,0.66969,1
NP02261,0.31561,1
NP06272,1.66568,1
NP01370,-0.36813,1
NP06876,0.1621,1
NP03571,0.05624,1
NP06992,0.15933,1
NP02823,1.93021,1
NP03798,0.92857,1
NP04797,-0.29443,1
NP00748,1.50825,1
NP04698,0.7715,1
NP04382,0.14879,1
NP01926,-0.81224,1
NP07235,-0.26578,1
NP03410,3.97835,1
NP06917,-0.22495,1
NP04877,0.50019,1
NP09009,-0.66204,1
NP06745,-0.68815,1
NP07338,-1.12396,1
NP01890,0.02793,1
NP03116,0.20313,1
NP07627,-0.85042,1
NP03850,0.05169,1
NP09207,3.34945,1
NP07374,-0.68562,1
NP11067,2.98911,1
NP00040,-0.91047,1
NP03748,0.3871,1
NP07070,0.48267,1
NP07970,-0.81037,1
NP07477,0.03375,1
NP06340,0.24913,1
NP08627,0.53558,1
NP08707,0.65207,1
NP04905,1.0607,1
NP09340,0.14347,1
NP05186,-0.16032,1
NP00962,1.49809,1
NP08614,3.92589,1
NP00911,-0.00046,1
NP00990,-0.03206,1
NP01188,-0.53004,1
NP03843,-0.97492,1
NP09900,-0.569,1
NP08249,-0.28426,1
NP02263,-1.05564,1
NP00919,-0.3995,1
NP07473,1.01153,1
NP09342,1.88516,1
NP05108,-0.48889,1
NP04965,0.28895,1
NP09309,-0.46862,1
NP05820,1.94909,1
NP07582,-0.74806,1
NP05030,-0.69347,1
NP06953,0.20568,1
NP07009,-0.48008,1
NP04832,-0.6117,1
NP02685,0.21899,1
NP05113,0.14293,1
NP10732,1.57724,1
NP10373,0.2641,1
NP05684,0.20216,1
NP05487,0.13941,1
NP06536,5.11093,1
NP04217,1.10595,1
NP07518,1.6829,1
NP03424,1.5008,1
NP04860,-0.52438,1
NP08545,-0.28695,1
NP06398,0.69335,1
NP04801,0.85564,1
NP00925,1.3847,1
NP09898,0.39529,1
NP10943,-0.19317,1
NP00014,1.1399,1
NP08079,0.48587,1
NP06113,0.0883,1
NP06355,-0.62989,1
NP04952,-0.62237,1
NP09429,0.58282,1
NP04977,-0.22491,1
NP03676,0.04859,1
NP04634,-0.71443,1
NP01567,3.43259,1
NP01326,-0.36577,1
NP06983,-0.58907,1
NP09473,1.27711,1
NP01677,-1.25667,1
NP06851,0.22571,1
NP10759,2.10047,1
NP09911,0.14228,1
NP07049,0.94031,1
NP04205,0.26844,1
NP10321,-0.75009,1
NP06153,0.27958,1
NP07719,1.48329,1
NP08658,2.91805,1
NP04804,0.28015,1
NP06423,-0.76911,1
NP01394,-0.81578,1
NP10945,-0.66742,1
NP04370,-1.28191,1
NP04457,-1.24009,1
NP04717,-0.10182,1
NP02312,1.70262,1
NP01321,-1.1838,1
NP02461,1.27538,1
NP06699,-0.84667,1
NP06412,0.82894,1
NP01016,2.12132,1
NP05091,-0.40292,1
NP11309,-0.33366,1
NP00890,0.32695,1
NP07381,1.7334,1
NP11072,2.62388,1
NP04156,0.69211,1
NP07959,0.39829,1
NP05228,2.46355,1
NP05828,0.47048,1
NP01661,-0.52439,1
NP06621,0.12913,1
NP06547,2.27157,1
NP00597,-1.33097,1
NP01355,-0.74547,1
NP07364,-0.784,1
NP04243,-0.52844,1
NP05183,1.31156,1
NP05826,-0.36525,1
NP10867,-0.23578,1
NP10837,0.97162,1
NP04346,-0.50218,1
NP00871,1.84745,1
NP06538,5.41453,1
NP11245,0.13414,1
NP02006,-0.35715,1
NP06211,-0.4887,1
NP01515,-0.54644,1
NP02522,1.28784,1
NP09359,-0.08586,1
NP07041,-0.26954,1
NP06936,0.28448,1
NP06314,0.56483,1
NP07848,-0.30663,1
NP07961,3.03107,1
NP00875,2.26785,1
NP01478,-0.27105,1
NP06653,0.15624,1
NP02687,0.28654,1
NP06125,2.0285,1
NP08140,1.20644,1
NP04644,-0.91514,1
NP04703,0.17306,1
NP01500,-0.91882,1
NP06705,-1.1114,1
NP09434,0.10003,1
NP06908,-0.08143,1
NP05140,1.11297,1
NP06335,3.13959,1
NP07978,0.4825,1
NP03430,-1.00772,1
NP06975,-0.55944,1
NP05213,0.07854,1
NP06795,0.4859,1
NP04645,-1.09239,1
NP05692,0.74331,1
NP06856,0.59407,1
NP00815,0.21498,1
NP06670,-0.36326,1
NP01320,-0.91305,1
NP09369,0.92715,1
NP07025,0.03539,1
NP04455,-0.99181,1
NP07072,0.71041,1
NP06036,-0.17873,1
NP01811,-1.40112,1
NP07125,0.49418,1
NP06052,0.62515,1
NP05001,-0.10402,1
NP07396,-0.0041,1
NP11158,-0.62817,1
NP01203,-0.27649,1
NP04179,1.3766,1
NP07131,2.12607,1
NP03588,0.29197,1
NP00818,0.59535,1
NP09780,1.34012,1
NP03758,-0.14306,1
NP02101,-0.47392,1
NP01493,-1.04295,1
NP09633,0.52515,1
NP07960,0.54234,1
NP06188,4.6497,1
NP01131,-0.3166,1
NP03546,-0.67083,1
NP08456,-0.67956,1
NP03714,-0.12488,1
NP02169,0.23445,1
NP03070,-0.25313,1
NP04066,-0.0592,1
NP01156,-0.18672,1
NP07641,-0.93488,1
NP06325,-0.54989,1
NP06875,-0.99154,1
NP06407,0.76583,1
NP02973,2.36482,1
NP08405,-0.62983,1
NP05114,-0.4818,1
NP07678,-0.38095,1
NP01174,-1.00858,1
NP05282,2.61196,1
NP06729,-0.68118,1
NP03641,1.49761,1
NP08616,0.18226,1
NP05778,1.22579,1
NP06972,4.20636,1
NP05075,-0.42838,1
NP05132,1.64977,1
NP03422,2.55944,1
NP06786,0.74086,1
NP04935,-0.66135,1
NP04992,0.27166,1
NP00950,0.569,1
NP01660,1.30722,1
NP08145,1.57922,1
NP02149,-0.33425,1
NP04710,1.23123,1
NP05119,-0.23716,1
NP09793,-0.9414,1
NP09616,-0.17155,1
NP05935,-0.433,1
NP08509,-0.6335,1
NP07440,-0.95483,1
NP07411,0.78834,1
NP08229,-0.16339,1
NP01246,0.00324,1
NP07367,0.47293,1
