,Argos,y
Neg_446,-0.53454,0
Neg_2228,-1.02237,0
Neg_2386,-0.90024,0
Neg_2835,2.7904,0
Neg_2149,-0.631,0
Neg_2248,-0.51415,0
Neg_2739,0.0753,0
Neg_2580,-0.19665,0
Neg_2765,-1.32548,0
Neg_939,-0.21742,0
Neg_1859,-0.11543,0
Neg_1088,-0.03993,0
Neg_448,0.79043,0
Neg_2831,-1.33258,0
Neg_358,-0.1264,0
Neg_2287,0.78305,0
Neg_2597,1.50651,0
Neg_2648,-0.44963,0
Neg_152,-1.47862,0
Neg_2086,0.44637,0
Neg_966,0.24912,0
Neg_2081,-0.63069,0
Neg_2579,0.33764,0
Neg_542,-0.63109,0
Neg_270,-0.56458,0
Neg_447,1.64175,0
Neg_2242,0.19678,0
Neg_1615,-0.68918,0
Neg_103,-0.80773,0
Neg_1048,-0.46722,0
Neg_628,-0.4366,0
Neg_2169,0.46593,0
Neg_599,-0.5791,0
Neg_2490,0.01409,0
Neg_62,-0.46956,0
Neg_1129,-0.38439,0
Neg_190,2.59624,0
Neg_1522,0.0952,0
Neg_165,0.29685,0
Neg_1152,-0.65808,0
Neg_217,0.06724,0
Neg_1140,-0.59669,0
Neg_2378,-0.14582,0
Neg_1569,-1.05738,0
Neg_662,-1.05162,0
Neg_688,0.6286,0
Neg_541,1.20637,0
Neg_624,-1.07949,0
Neg_2108,-0.43354,0
Neg_2808,-0.73473,0
Neg_2794,-0.60763,0
Neg_2286,-0.96661,0
Neg_373,-0.74882,0
Neg_2612,-1.23395,0
Neg_937,-0.15445,0
Neg_1345,0.04586,0
Neg_2671,-0.32693,0
Neg_2855,1.61313,0
Neg_279,-0.9516,0
Neg_706,0.14292,0
Neg_2921,-0.31382,0
Neg_994,-0.37302,0
Neg_2453,-1.03306,0
Neg_2074,-0.47902,0
Neg_1803,0.34157,0
Neg_653,0.73271,0
Neg_1943,1.76379,0
Neg_1283,-0.54059,0
Neg_1383,0.24875,0
Neg_325,-0.41715,0
Neg_2702,-0.82192,0
Neg_2180,-0.31819,0
Neg_585,0.25832,0
Neg_2047,0.32527,0
Neg_2392,-0.18707,0
Neg_919,0.99867,0
Neg_2566,-0.19824,0
Neg_404,0.20173,0
Neg_953,-1.26854,0
Neg_1257,-0.96714,0
Neg_1680,-0.90014,0
Neg_1098,1.89854,0
Neg_1404,0.49588,0
Neg_79,-0.45142,0
Neg_2483,-0.40229,0
Neg_2866,1.06288,0
Neg_133,0.30604,0
Neg_1514,-0.39528,0
Neg_1790,-0.10906,0
Neg_2219,-0.96583,0
Neg_2758,-0.07741,0
Neg_621,0.57657,0
Neg_904,1.63479,0
Neg_736,-1.27409,0
Neg_431,-0.70694,0
Neg_2469,-0.28658,0
Neg_2895,0.1001,0
Neg_202,-0.77191,0
Neg_478,0.14672,0
Neg_1929,-0.43899,0
Neg_1179,0.40783,0
Neg_116,0.02042,0
Neg_2854,-0.13124,0
Neg_2229,-0.67295,0
Neg_301,1.75321,0
Neg_2264,-0.65562,0
Neg_58,-0.33343,0
Neg_37,-0.22149,0
Neg_1299,3.05028,0
Neg_2238,1.63943,0
Neg_1065,-1.23802,0
Neg_2393,0.15231,0
Neg_1063,-0.38515,0
Neg_2681,-0.06877,0
Neg_1206,-0.36101,0
Neg_926,-0.13464,0
Neg_1834,0.83684,0
Neg_219,0.08855,0
Neg_1051,-0.37313,0
Neg_2732,-0.02512,0
Neg_22,0.74431,0
Neg_2672,-1.02346,0
Neg_1925,-0.18207,0
Neg_1046,1.42257,0
Neg_2602,-1.04665,0
Neg_2626,-0.65074,0
Neg_664,-0.74188,0
Neg_1033,-0.1022,0
Neg_1541,-1.16105,0
Neg_352,-0.92935,0
Neg_2763,1.44197,0
Neg_2198,-0.38705,0
Neg_260,1.42801,0
Neg_743,-0.71129,0
Neg_1798,1.24729,0
Neg_805,0.78881,0
Neg_2446,-0.61869,0
Neg_1456,0.8677,0
Neg_853,1.44868,0
Neg_1866,-0.00176,0
Neg_1972,-0.86591,0
Neg_1250,-0.48745,0
Neg_2893,-0.26563,0
Neg_415,-0.02148,0
Neg_2440,0.1985,0
Neg_1947,-0.98035,0
Neg_2296,-1.03746,0
Neg_1491,-0.9556,0
Neg_1592,-0.28233,0
Neg_833,-1.28373,0
Neg_2254,0.36819,0
Neg_2786,1.08172,0
Neg_1307,-1.08808,0
Neg_1022,0.039,0
Neg_2289,-0.0388,0
Neg_2564,-1.14761,0
Neg_1131,-0.88116,0
Neg_2814,-0.79528,0
Neg_2346,-1.4136,0
Neg_2538,-0.24619,0
Neg_503,0.35499,0
Neg_614,-0.02108,0
Neg_2227,-0.09647,0
Neg_1977,-1.35843,0
Neg_1151,-0.53697,0
Neg_2315,-0.70076,0
Neg_1180,-1.06264,0
Neg_308,-0.34583,0
Neg_1426,-0.37054,0
Neg_12,-0.30083,0
Neg_506,-0.52555,0
Neg_136,-1.18611,0
Neg_378,-0.22497,0
Neg_2058,-0.51232,0
Neg_2336,-0.64847,0
Neg_2220,-1.05014,0
Neg_262,-0.64483,0
Neg_1888,-0.0379,0
Neg_2552,-0.39995,0
Neg_1340,0.03522,0
Neg_1753,0.82065,0
Neg_941,-0.17532,0
Neg_689,-0.55438,0
Neg_403,-0.55018,0
Neg_2524,-0.61894,0
Neg_1006,-0.21308,0
Neg_89,0.45213,0
Neg_1956,0.84991,0
Neg_2723,-0.41934,0
Neg_34,-0.29419,0
Neg_757,-0.02729,0
Neg_1170,-0.77544,0
Neg_1405,-0.58328,0
Neg_1634,0.02974,0
Neg_835,-0.49105,0
Neg_1809,-1.34169,0
Neg_296,0.20219,0
Neg_1989,-1.34207,0
Neg_636,0.61595,0
Neg_1350,1.13449,0
Neg_160,1.4675,0
Neg_1524,-0.5272,0
Neg_836,-0.56657,0
Neg_1885,-0.46722,0
Neg_1723,-0.90305,0
Neg_1139,-0.19844,0
Neg_531,-1.32437,0
Neg_131,-0.79701,0
Neg_226,-0.69695,0
Neg_2031,-0.87582,0
Neg_1050,0.1683,0
Neg_2215,0.58994,0
Neg_1008,0.07562,0
Neg_755,-0.97079,0
Neg_1309,1.64001,0
Neg_1348,-0.84135,0
Neg_2829,-1.2307,0
Neg_1281,0.07509,0
Neg_2879,-0.78717,0
Neg_2182,-1.30174,0
Neg_513,1.18308,0
Neg_2222,-0.08714,0
Neg_2348,-1.07456,0
Neg_549,1.61097,0
Neg_2669,-0.45195,0
Neg_1248,0.33886,0
Neg_19,-0.98303,0
Neg_1763,-1.00631,0
Neg_2832,0.5335,0
Neg_1992,-1.11978,0
Neg_2675,-0.71098,0
Neg_203,-0.12046,0
Neg_2314,-0.73645,0
Neg_460,-1.23885,0
Neg_248,-0.53928,0
Neg_418,-1.03724,0
Neg_1007,-0.78847,0
Neg_2178,-0.95342,0
Neg_537,-1.30246,0
Neg_97,-0.98141,0
Neg_1719,-0.18098,0
Neg_1777,-0.20429,0
Neg_771,-0.96478,0
Neg_2070,-1.01449,0
Neg_1418,-0.33831,0
Neg_1167,-0.86765,0
Neg_2477,-0.35098,0
Neg_715,-0.94882,0
Neg_616,-0.54075,0
Neg_558,-0.0619,0
Neg_64,0.42849,0
Neg_1316,-0.26534,0
Neg_1507,0.20104,0
Neg_1101,-0.8179,0
Neg_1796,-1.08543,0
Neg_1223,-1.317,0
Neg_538,-0.38832,0
Neg_302,-0.25438,0
Neg_200,-0.66039,0
Neg_1730,-0.60302,0
Neg_876,-0.7618,0
Neg_326,0.42391,0
Neg_1436,-1.25525,0
Neg_727,-0.71159,0
Neg_1831,-0.12335,0
Neg_900,-0.03855,0
Neg_1637,-0.50045,0
Neg_2635,-0.87851,0
Neg_2454,-0.32041,0
Neg_1216,-0.35022,0
Neg_2191,-1.1255,0
Neg_1275,0.40913,0
Neg_2151,-0.45625,0
Neg_1402,0.9717,0
Neg_717,-0.13607,0
Neg_1862,-0.33399,0
Neg_158,0.0899,0
Neg_1740,-0.02042,0
Neg_1424,-0.27322,0
Neg_943,2.64141,0
Neg_1688,-1.2148,0
Neg_148,-0.23569,0
Neg_2796,-0.52811,0
Neg_1887,-0.02098,0
Neg_2811,-0.62114,0
Neg_859,-1.33127,0
Neg_2155,-0.80971,0
Neg_2045,-1.17903,0
Neg_1104,-0.17516,0
Neg_2638,-0.99492,0
Neg_962,-0.50279,0
Neg_2828,-0.94154,0
Neg_1944,0.15559,0
Neg_523,-0.43035,0
Neg_1319,0.55328,0
Neg_562,-1.10997,0
Neg_2456,0.28592,0
Neg_1500,0.34978,0
Neg_1913,0.05828,0
Neg_286,-0.34164,0
Neg_2871,0.27872,0
Neg_456,-1.19008,0
Neg_984,0.09811,0
Neg_1837,0.15701,0
Neg_2617,-1.49568,0
Neg_139,1.51546,0
Neg_1815,-0.02553,0
Neg_1157,0.23281,0
Neg_1317,-0.32078,0
Neg_2405,-0.60324,0
Neg_45,-1.02877,0
Neg_1797,-0.33056,0
Neg_2769,-1.45234,0
Neg_1390,-1.02797,0
Neg_1018,-1.00632,0
Neg_602,0.85115,0
Neg_182,-1.02117,0
Neg_1056,1.6396,0
Neg_2567,-0.33935,0
Neg_849,-0.34098,0
Neg_2338,0.70497,0
Neg_422,-0.90371,0
Neg_1421,0.04262,0
Neg_2439,-0.46194,0
Neg_563,-0.52364,0
Neg_1622,1.17982,0
Neg_1578,-0.37419,0
Neg_1939,-0.45171,0
Neg_163,-0.84861,0
Neg_287,1.40578,0
Neg_787,0.30488,0
Neg_1846,-0.50393,0
Neg_1280,-0.49173,0
Neg_1918,-0.28224,0
Neg_999,0.67783,0
Neg_314,-0.02673,0
Neg_2192,-0.66695,0
Neg_605,-0.51643,0
Neg_413,1.01908,0
Neg_1861,-1.42392,0
Neg_342,2.40378,0
Neg_398,0.20091,0
Neg_96,-0.886,0
Neg_1924,-0.16735,0
Neg_592,0.21522,0
Neg_1985,-0.33476,0
Neg_1045,-0.75557,0
Neg_2542,-0.31304,0
Neg_2165,-0.69081,0
Neg_1526,-0.36419,0
Neg_2709,-0.15856,0
Neg_2230,-1.10753,0
Neg_2137,0.5396,0
Neg_2068,-0.52122,0
Neg_2163,-1.11087,0
Neg_2247,-1.06413,0
Neg_529,-0.56195,0
Neg_936,-0.40959,0
Neg_2418,-0.29436,0
Neg_2487,-0.68111,0
Neg_703,0.47133,0
Neg_1742,-0.90545,0
Neg_305,-0.15444,0
Neg_1078,-0.70256,0
Neg_1672,-0.80586,0
Neg_2568,-0.95788,0
Neg_1911,-0.94544,0
Neg_2397,-0.64634,0
Neg_992,-1.06239,0
Neg_1161,-0.37041,0
Neg_2581,-0.01629,0
Neg_701,-0.73483,0
Neg_464,-1.26937,0
Neg_1692,-0.51575,0
Neg_774,0.22746,0
Neg_2620,-0.51524,0
Neg_979,-0.9521,0
Neg_2827,-0.76846,0
Neg_2729,0.4708,0
Neg_2277,-0.08402,0
Neg_1632,-0.31321,0
Neg_2756,-0.20313,0
Neg_1898,-1.19178,0
Neg_1391,-0.58198,0
Neg_1059,-0.81118,0
Neg_1746,0.0284,0
Neg_1847,-0.74209,0
Neg_1490,-0.56268,0
Neg_450,1.62004,0
Neg_1448,1.12156,0
Neg_2410,-0.60816,0
Neg_1301,-0.38625,0
Neg_696,-0.75246,0
Neg_2757,-0.96177,0
Neg_815,-0.6517,0
Neg_890,1.82244,0
Neg_2049,-0.65171,0
Neg_634,-0.79912,0
Neg_1241,-0.13789,0
Neg_1265,-0.71454,0
Neg_1145,-0.8719,0
Neg_364,1.10529,0
Neg_2428,0.14868,0
Neg_2873,-1.34831,0
Neg_2762,-0.77095,0
Neg_1932,-0.22062,0
Neg_218,0.56704,0
Neg_1471,-0.72997,0
Neg_211,-0.38294,0
Neg_88,-0.38975,0
Neg_1800,0.12362,0
Neg_1995,-0.72551,0
Neg_2231,0.22291,0
Neg_1090,0.46913,0
Neg_1457,-0.5995,0
Neg_795,0.1533,0
Neg_1614,0.64553,0
Neg_732,-1.30423,0
Neg_2025,-0.17448,0
Neg_2088,-0.53756,0
Neg_2527,-1.18577,0
Neg_2021,-0.12688,0
Neg_2570,0.04877,0
Neg_215,-0.23077,0
Neg_2516,-1.14199,0
Neg_1712,-0.92654,0
Neg_2010,-0.27501,0
Neg_1285,0.3329,0
Neg_2834,-0.95677,0
Neg_2013,1.39773,0
Neg_945,-0.93489,0
Neg_1787,-1.11364,0
Neg_935,-0.48367,0
Neg_2099,-0.74654,0
Neg_2179,-0.88349,0
Neg_2726,0.29941,0
Neg_1484,-1.03536,0
Neg_2381,-0.23121,0
Neg_1458,-1.00455,0
Neg_216,-0.36967,0
Neg_2725,0.94427,0
Neg_406,-0.29589,0
Neg_1363,-1.06184,0
Neg_1311,-0.40656,0
Neg_1149,1.95664,0
Neg_1218,-0.86831,0
Neg_1597,-0.20793,0
Neg_2745,-0.60563,0
Neg_1477,-0.48821,0
Neg_2803,0.56236,0
Neg_104,0.13216,0
Neg_1900,-0.79373,0
Neg_2586,-0.60156,0
Neg_2050,-0.77146,0
Neg_1069,2.05965,0
Neg_336,-0.40766,0
Neg_2260,-0.95875,0
Neg_1733,-0.33671,0
Neg_1555,0.40886,0
Neg_2329,-0.17593,0
Neg_1878,0.56768,0
Neg_1893,-0.6226,0
Neg_1716,-0.76546,0
Neg_2322,-0.95959,0
Neg_101,-0.86723,0
Neg_16,0.22562,0
Neg_31,-0.40523,0
Neg_240,1.45851,0
Neg_1117,-0.42985,0
Neg_2262,-0.03931,0
Neg_2861,-0.43674,0
Neg_1225,-1.06526,0
Neg_261,-0.1583,0
Neg_609,-0.01534,0
Neg_1352,0.07985,0
Neg_733,1.54112,0
Neg_2593,-0.28961,0
Neg_2259,-1.07222,0
Neg_1785,-0.04238,0
Neg_847,-0.63514,0
Neg_684,-0.57934,0
Neg_1411,-0.54852,0
Neg_680,-0.31408,0
Neg_502,-1.37156,0
Neg_1097,-0.89887,0
Neg_1826,-1.12274,0
Neg_702,-0.72509,0
Neg_1626,-1.11738,0
Neg_2358,-0.30497,0
Neg_1026,0.27148,0
Neg_82,-0.9644,0
Neg_509,-0.30199,0
Neg_1235,-0.57037,0
Neg_2118,-0.34978,0
Neg_1303,-0.36801,0
Neg_72,-0.1643,0
Neg_1147,0.02746,0
Neg_2437,1.55954,0
Neg_1770,-1.15775,0
Neg_177,0.10241,0
Neg_978,-0.57673,0
Neg_724,3.16792,0
Neg_1766,-0.37884,0
Neg_868,-1.2504,0
Neg_1825,-0.51082,0
Neg_2020,-0.93487,0
Neg_1628,0.28389,0
Neg_892,-1.12883,0
Neg_2692,1.51427,0
Neg_512,-0.76129,0
Neg_2128,-1.1055,0
Neg_1647,0.02236,0
Neg_2419,0.83673,0
Neg_2659,-0.48492,0
Neg_1214,-0.19428,0
Neg_411,-0.44815,0
Neg_2321,-0.25168,0
Neg_1384,1.14012,0
Neg_1489,-1.05643,0
Neg_2666,-0.39236,0
Neg_1905,-0.90418,0
Neg_55,-0.367,0
Neg_1178,0.10371,0
Neg_2369,0.11508,0
Neg_1,-0.45519,0
Neg_1999,1.49919,0
Neg_1883,-0.34756,0
Neg_1643,0.75114,0
Neg_2885,1.21034,0
Neg_1786,-0.66275,0
Neg_1933,-0.18453,0
Neg_814,0.78841,0
Neg_1593,0.2999,0
Neg_1298,-0.26204,0
Neg_285,-0.88919,0
Neg_2792,0.13065,0
Neg_2154,-1.01374,0
Neg_1689,-0.90975,0
Neg_603,0.32695,0
Neg_1021,0.13049,0
Neg_1820,-0.07355,0
Neg_222,-0.99096,0
Neg_256,0.55514,0
Neg_704,-1.12209,0
Neg_144,-0.96094,0
Neg_2067,-1.27932,0
Neg_1406,-0.11774,0
Neg_2616,-0.01239,0
Neg_648,0.01354,0
Neg_2774,-0.33082,0
Neg_292,0.07783,0
Neg_2667,0.02742,0
Neg_257,-0.58279,0
Neg_1768,-1.03036,0
Neg_2249,-0.8501,0
Neg_779,-1.47103,0
Neg_2513,-0.30332,0
Neg_2425,-0.75544,0
Neg_2272,-0.35904,0
Neg_361,0.07086,0
Neg_1745,2.35633,0
Neg_2902,-0.60516,0
Neg_808,0.3871,0
Neg_407,-0.98566,0
Neg_191,0.23381,0
Neg_1737,-0.90342,0
Neg_1001,-0.15131,0
Neg_2120,-0.53193,0
Neg_960,0.22236,0
Neg_1356,-1.06754,0
Neg_1764,0.96663,0
Neg_901,0.90269,0
Neg_2556,-0.77603,0
Neg_303,-1.03009,0
Neg_654,-0.98956,0
Neg_251,-0.87795,0
Neg_1958,-0.67649,0
Neg_2857,-0.92003,0
Neg_1824,-0.88499,0
Neg_9,0.65379,0
Neg_1397,-0.63123,0
Neg_1841,-0.03674,0
Neg_1197,-0.3247,0
Neg_1357,-0.20212,0
Neg_2898,-1.19093,0
Neg_2132,0.0196,0
Neg_647,-0.11965,0
Neg_2646,0.04367,0
Neg_476,-0.30814,0
Neg_231,-0.79108,0
Neg_451,-0.50555,0
Neg_1073,1.43335,0
Neg_7,-0.77001,0
Neg_1877,-0.75247,0
Neg_2912,-0.80997,0
Neg_1968,-0.58996,0
Neg_2590,0.5472,0
Neg_2781,-0.69621,0
Neg_940,2.386,0
Neg_459,-0.75604,0
Neg_1657,-0.41957,0
Neg_2544,-0.2915,0
Neg_2345,-0.78953,0
Neg_2406,-0.07218,0
Neg_2060,-0.91755,0
Neg_2697,-0.64487,0
Neg_1979,-1.27384,0
Neg_875,1.83275,0
Neg_798,-0.7117,0
Neg_2520,0.93986,0
Neg_2252,0.00633,0
Neg_1502,-0.50394,0
Neg_2316,-0.54761,0
Neg_2282,-0.95729,0
Neg_2664,-0.67805,0
Neg_1274,3.14164,0
Neg_1290,-0.92511,0
Neg_299,-0.99745,0
Neg_2528,-0.25261,0
Neg_1387,-1.18876,0
Neg_13,0.07457,0
Neg_586,-0.97438,0
Neg_1691,-0.86046,0
Neg_629,-0.28606,0
Neg_1089,-0.71237,0
Neg_2884,-0.19247,0
Neg_2610,-0.48606,0
Neg_470,-1.0015,0
Neg_1649,1.8853,0
Neg_1177,-0.80606,0
Neg_2447,1.36215,0
Neg_10,1.06764,0
Neg_2623,0.7728,0
Neg_265,2.32471,0
Neg_273,1.55203,0
Neg_2305,0.57656,0
Neg_915,0.12326,0
Neg_1945,-0.63831,0
Neg_961,-0.50547,0
Neg_2662,-0.90618,0
Neg_1146,-0.94898,0
Neg_1137,-0.4539,0
Neg_41,-0.21789,0
Neg_1496,0.38207,0
Neg_2270,-0.53518,0
Neg_1721,-0.70357,0
Neg_2196,-0.55683,0
Neg_1988,-0.59946,0
Neg_2464,-0.98397,0
Neg_521,-0.78825,0
Neg_1062,-0.00614,0
Neg_899,-1.01325,0
Neg_374,-0.31904,0
Neg_2106,-0.05626,0
Neg_3,-0.73386,0
Neg_405,0.27425,0
Neg_1873,-0.92753,0
Neg_2506,-0.94852,0
Neg_2777,-0.37732,0
Neg_762,-1.19749,0
Neg_401,1.55133,0
Neg_1801,0.65386,0
Neg_2863,0.37883,0
Neg_2412,-0.91808,0
Neg_1094,-1.18109,0
Neg_1795,-0.13691,0
Neg_1144,-0.11734,0
Neg_1201,-0.70891,0
Neg_2435,0.69604,0
Neg_252,0.732,0
Neg_2676,-1.00297,0
Neg_322,0.12588,0
Neg_1525,-0.7306,0
Neg_1228,-0.59154,0
Neg_2042,-1.13688,0
Neg_2308,-0.32347,0
Neg_2157,-1.18482,0
Neg_2159,-0.7726,0
Neg_2734,-0.5054,0
Neg_1207,0.47898,0
Neg_120,-0.85988,0
Neg_2631,-1.01896,0
Neg_595,-1.08838,0
Neg_993,0.43918,0
Neg_1596,0.89426,0
Neg_2868,-0.16457,0
Neg_579,-0.36441,0
Neg_1663,0.35432,0
Neg_1040,0.63679,0
Neg_2240,-0.95097,0
Neg_2349,-0.91845,0
Neg_2207,-1.05816,0
Neg_1153,-0.14334,0
Neg_580,1.27063,0
Neg_2390,-0.47067,0
Neg_1683,-0.01509,0
Neg_2601,-0.1552,0
Neg_2888,0.26977,0
Neg_1121,-0.38292,0
Neg_2688,-1.24186,0
Neg_1493,-0.16824,0
Neg_1272,-0.69258,0
Neg_1242,-0.53574,0
Neg_1292,0.46234,0
Neg_2398,-0.03712,0
Neg_1990,0.03626,0
Neg_2241,1.38208,0
Neg_508,-0.90077,0
Neg_307,-0.45387,0
Neg_2448,-1.11911,0
Neg_600,-1.13623,0
Neg_601,-0.09829,0
Neg_1217,-0.76252,0
Neg_839,0.80286,0
Neg_682,-0.62351,0
Neg_2187,0.51598,0
Neg_2821,-1.25181,0
Neg_2789,-0.97227,0
Neg_169,0.36592,0
Neg_320,-0.44176,0
Neg_2889,-0.54609,0
Neg_17,-0.30491,0
Neg_1714,-1.38684,0
Neg_2605,0.19802,0
Neg_1527,-1.27389,0
Neg_83,0.38864,0
Neg_2246,-0.97451,0
Neg_114,0.16597,0
Neg_1808,-0.55861,0
Neg_958,2.15353,0
Neg_2093,-1.06349,0
Neg_1561,-1.30299,0
Neg_1870,-0.40392,0
Neg_1335,-0.77458,0
Neg_1574,-0.76613,0
Neg_2188,-1.1434,0
Neg_608,-0.32472,0
Neg_1240,-0.99882,0
Neg_2628,1.18522,0
Neg_1855,-0.39131,0
Neg_1793,-0.32525,0
Neg_2263,0.02907,0
Neg_2400,0.05104,0
Neg_1583,-0.7395,0
Neg_410,0.15,0
Neg_2849,-0.46321,0
Neg_1389,-1.20571,0
Neg_130,-0.88322,0
Neg_2784,-0.88045,0
Neg_2759,0.76204,0
Neg_2148,1.51828,0
Neg_2886,0.20086,0
Neg_903,-0.61358,0
Neg_2844,-0.3705,0
Neg_1071,-0.8445,0
Neg_2491,0.41292,0
Neg_2731,0.05933,0
Neg_1497,-0.4516,0
Neg_2096,-1.13683,0
Neg_2234,-0.63697,0
Neg_263,-1.34246,0
Neg_2409,0.9637,0
Neg_171,-0.60178,0
Neg_2185,0.28075,0
Neg_1630,-0.58949,0
Neg_239,-0.59541,0
Neg_933,-0.44286,0
Neg_2276,-1.43441,0
Neg_2707,-0.47265,0
Neg_1971,0.49659,0
Neg_293,0.68632,0
Neg_766,-1.24789,0
Neg_1208,-0.38198,0
Neg_1076,-0.60643,0
Neg_2860,-0.11292,0
Neg_2048,0.80365,0
Neg_837,0.58812,0
Neg_2085,0.2334,0
Neg_1812,-0.07178,0
Neg_659,-0.34329,0
Neg_2775,-0.38337,0
Neg_807,-0.98154,0
Neg_379,-0.23721,0
Neg_683,-0.72781,0
Neg_2124,-0.93043,0
Neg_1239,-0.13886,0
Neg_1478,0.44646,0
Neg_711,-0.64579,0
Neg_1422,0.09582,0
Neg_2642,-1.46335,0
Neg_2243,-1.19738,0
Neg_419,1.45372,0
Neg_2335,-0.50424,0
Neg_708,-0.08578,0
Neg_2224,-1.24044,0
Neg_75,-0.02511,0
Neg_1927,-0.40162,0
Neg_396,-0.73654,0
Neg_2062,-0.34568,0
Neg_1758,0.59709,0
Neg_1696,-0.50955,0
Neg_1938,-0.6618,0
Neg_2212,0.15516,0
Neg_491,-0.52619,0
Neg_857,-0.34228,0
Neg_2686,-1.06122,0
Neg_2549,-0.53275,0
Neg_465,-0.95205,0
Neg_214,-0.19515,0
Neg_1450,0.03652,0
Neg_2311,-1.19812,0
Neg_566,-0.27061,0
Neg_1468,-0.35907,0
Neg_324,-0.51219,0
Neg_1106,-1.14128,0
Neg_1455,-0.79548,0
Neg_1775,-0.89212,0
Neg_2533,-0.39866,0
Neg_84,0.24182,0
Neg_2087,0.60114,0
Neg_454,-0.67894,0
Neg_1320,-1.29261,0
Neg_534,0.40122,0
Neg_2600,-0.44619,0
Neg_2303,-0.56766,0
Neg_1332,0.01054,0
Neg_1096,-0.71455,0
Neg_278,-0.25106,0
Neg_2916,-0.86917,0
Neg_365,-1.16186,0
Neg_929,0.06878,0
Neg_955,-0.40225,0
Neg_1510,0.4688,0
Neg_974,0.18308,0
Neg_2768,-0.51825,0
Neg_1142,1.31644,0
Neg_1174,-0.40451,0
Neg_848,0.08875,0
Neg_991,-0.85914,0
Neg_565,-0.75273,0
Neg_1973,-0.61161,0
Neg_1172,0.26236,0
Neg_2450,-0.12996,0
Neg_2795,-0.25861,0
Neg_33,-1.3526,0
Neg_2216,-0.77589,0
Neg_2359,2.06003,0
Neg_515,0.12581,0
Neg_208,-0.24686,0
Neg_2503,0.21048,0
Neg_2396,0.01082,0
Neg_1670,0.50584,0
Neg_8,-0.81941,0
Neg_1802,-0.88682,0
Neg_1617,-0.91548,0
Neg_1353,-0.37334,0
Neg_917,-1.23722,0
Neg_1912,-0.80184,0
Neg_2647,-0.7611,0
Neg_2682,0.26041,0
Neg_1130,0.32834,0
Neg_1914,1.43515,0
Neg_1659,-0.39232,0
Neg_1233,-0.84795,0
Neg_2379,-0.55283,0
Neg_1832,-1.37974,0
Neg_1156,-1.20839,0
Neg_2258,-0.26426,0
Neg_461,0.43856,0
Neg_1432,-1.03153,0
Neg_1840,-0.66722,0
Neg_51,-0.9196,0
Neg_2078,-0.31232,0
Neg_1658,-0.44201,0
Neg_1291,-0.6117,0
Neg_2421,-0.22672,0
Neg_1107,-1.23919,0
Neg_57,-0.13875,0
Neg_56,0.04202,0
Neg_1535,0.65321,0
Neg_728,-0.02469,0
Neg_612,0.82471,0
Neg_1789,1.48767,0
Neg_2923,0.3338,0
Neg_998,-1.20438,0
Neg_2027,0.9177,0
Neg_1120,-0.55818,0
Neg_938,-0.92748,0
Neg_1639,-0.12142,0
Neg_1380,-0.2818,0
Neg_995,-0.91849,0
Neg_274,0.50524,0
Neg_1731,0.28159,0
Neg_1423,-0.48171,0
Neg_1720,-0.98512,0
Neg_1176,-1.03854,0
Neg_298,1.12641,0
Neg_1494,1.00349,0
Neg_2041,-1.08589,0
Neg_2033,-0.26639,0
Neg_1010,-0.83674,0
Neg_964,-0.47991,0
Neg_735,-0.68071,0
Neg_245,0.20761,0
Neg_317,-0.55969,0
Neg_1277,-0.18218,0
Neg_213,-1.11518,0
Neg_109,0.81325,0
Neg_1604,0.49284,0
Neg_2004,-0.41932,0
Neg_1848,-1.08872,0
Neg_1998,-0.93323,0
Neg_968,-0.11078,0
Neg_1860,-0.75877,0
Neg_854,0.17457,0
Neg_229,-0.27768,0
Neg_397,-0.19922,0
Neg_1864,0.51146,0
Neg_2553,-0.47511,0
Neg_1504,-0.07669,0
Neg_2824,-0.79114,0
Neg_20,1.69279,0
Neg_1594,-0.45079,0
Neg_2657,-0.61959,0
Neg_1823,-0.73853,0
Neg_2352,-0.88434,0
Neg_675,-0.50777,0
Neg_38,0.54796,0
Neg_2630,1.93536,0
Neg_1313,-0.69565,0
Neg_2083,-0.56023,0
Neg_224,0.69112,0
Neg_1271,-1.01267,0
Neg_2404,1.26225,0
Neg_91,-0.24868,0
Neg_2318,-0.91624,0
Neg_2034,-1.32276,0
Neg_2914,0.08819,0
Neg_2749,-0.41982,0
Neg_1143,-0.62041,0
Neg_80,-1.44705,0
Neg_289,-0.19303,0
Neg_1262,-0.16434,0
Neg_2269,0.65694,0
Neg_922,-0.95322,0
Neg_1843,-0.26433,0
Neg_40,-0.88747,0
Neg_1771,-0.17043,0
Neg_1068,-0.37668,0
Neg_1857,-1.02392,0
Neg_635,-0.99031,0
Neg_2908,0.01515,0
Neg_2651,-0.74327,0
Neg_781,-0.67642,0
Neg_574,-0.45718,0
Neg_151,-1.26253,0
Neg_356,0.15632,0
Neg_1012,-0.29946,0
Neg_455,-0.65334,0
Neg_2395,0.41401,0
Neg_173,-0.91041,0
Neg_1744,1.00726,0
Neg_1127,-1.00811,0
Neg_872,-0.81808,0
Neg_556,-0.50289,0
Neg_1872,-0.86601,0
Neg_1175,-0.81328,0
Neg_2738,-0.85601,0
Neg_2341,1.43902,0
Neg_2539,-0.71362,0
Neg_2859,1.25154,0
Neg_106,-0.63958,0
Neg_453,-0.14835,0
Neg_1396,-0.56118,0
Neg_2665,0.65907,0
Neg_2357,-1.17918,0
Neg_1937,-0.47605,0
Neg_2673,-0.31483,0
Neg_693,-0.45589,0
Neg_769,-0.17358,0
Neg_2833,0.905,0
Neg_2773,1.84804,0
Neg_1447,-0.42062,0
Neg_29,-1.1828,0
Neg_489,-0.51277,0
Neg_2545,-1.08232,0
Neg_1306,-1.25876,0
Neg_617,0.70266,0
Neg_1372,-0.08805,0
Neg_2481,-0.73719,0
Neg_1908,-1.30986,0
Neg_1981,1.89427,0
Neg_906,-1.11224,0
Neg_1425,-0.71773,0
Neg_846,-0.36483,0
Neg_2611,-0.21525,0
Neg_1230,2.08205,0
Neg_1906,-0.99779,0
Neg_2554,-0.26014,0
Neg_348,-0.72843,0
Neg_477,0.79851,0
Neg_67,-0.55142,0
Neg_2639,-1.24632,0
Neg_2012,-0.90466,0
Neg_1028,-0.63081,0
Neg_1874,0.4446,0
Neg_1109,-0.69432,0
Neg_2529,0.63105,0
Neg_2141,0.09826,0
Neg_2462,-0.35689,0
Neg_2011,-0.87069,0
Neg_377,-0.99072,0
Neg_90,0.17407,0
Neg_1506,0.82594,0
Neg_767,0.27014,0
Neg_434,0.374,0
Neg_1460,0.18818,0
Neg_1666,-1.02982,0
Neg_126,-0.44101,0
Neg_2668,-1.02862,0
Neg_1674,0.67074,0
Neg_2140,-0.64065,0
Neg_323,1.84437,0
Neg_2514,-1.31869,0
Neg_598,-0.5262,0
Neg_2337,-1.12089,0
Neg_497,-0.64445,0
Neg_2693,-0.74607,0
Neg_1651,-0.85104,0
Neg_2347,-0.52545,0
Neg_68,-0.45214,0
Neg_318,0.41717,0
Neg_2441,2.13518,0
Neg_2136,-0.32029,0
Neg_870,-1.11554,0
Neg_699,-0.56367,0
Neg_1726,-1.36585,0
Neg_1325,-0.57412,0
Neg_2002,0.07696,0
Neg_519,-0.98166,0
Neg_199,-0.036,0
Neg_471,-0.21113,0
Neg_1673,-0.35109,0
Neg_272,-0.51992,0
Neg_118,-1.22682,0
Neg_135,-0.84504,0
Neg_2502,-1.2169,0
Neg_2787,0.91457,0
Neg_546,-1.10326,0
Neg_127,-0.30121,0
Neg_1784,1.68139,0
Neg_439,-0.17862,0
Neg_535,-0.77533,0
Neg_227,-1.04657,0
Neg_2299,-0.48954,0
Neg_2627,0.70225,0
Neg_1982,2.75543,0
Neg_1382,0.93759,0
Neg_2090,-0.29446,0
Neg_1532,-0.51728,0
Neg_527,-1.2649,0
Neg_11,-1.34359,0
Neg_1246,-0.0773,0
Neg_2525,-0.63338,0
Neg_2818,-0.6294,0
Neg_1920,2.56561,0
Neg_918,-0.99808,0
Neg_102,1.07745,0
Neg_2621,0.49173,0
Neg_1585,-0.1799,0
Neg_266,-0.48597,0
Neg_710,-0.24692,0
Neg_712,-0.33279,0
Neg_24,1.30543,0
Neg_170,-0.58184,0
Neg_721,-1.16321,0
Neg_1365,0.04243,0
Neg_1735,-0.18433,0
Neg_954,-0.19484,0
Neg_1993,1.05219,0
Neg_1652,-1.19049,0
Neg_2306,-0.4991,0
Neg_2479,-0.85141,0
Neg_423,0.44257,0
Neg_2799,-0.34287,0
Neg_822,-0.12966,0
Neg_931,-0.26041,0
Neg_2497,-0.77681,0
Neg_2925,-0.41892,0
Neg_267,-0.85301,0
Neg_242,-0.57419,0
Neg_233,0.40323,0
Neg_1868,-1.44986,0
Neg_2032,-1.04024,0
Neg_2720,-0.39424,0
Neg_2343,-0.60355,0
Neg_2055,-1.03866,0
Neg_2624,-0.03901,0
Neg_745,-0.276,0
Neg_2850,1.06555,0
Neg_1483,1.51447,0
Neg_2708,-0.00928,0
Neg_2131,-0.38594,0
Neg_440,0.19427,0
Neg_793,-0.87818,0
Neg_2000,-1.01805,0
Neg_328,1.2249,0
Neg_2022,-0.36853,0
Neg_1676,0.78715,0
Neg_47,0.12866,0
Neg_889,-0.25452,0
Neg_2715,-0.86923,0
Neg_2214,-0.67809,0
Neg_1579,-0.78604,0
Neg_878,1.42124,0
Neg_2103,-0.76055,0
Neg_1114,0.59546,0
Neg_681,0.33696,0
Neg_346,-0.48341,0
Neg_2532,-0.31328,0
Neg_1669,0.31724,0
Neg_949,-1.1011,0
Neg_1081,-0.42481,0
Neg_501,0.16714,0
Neg_2079,-0.31011,0
Neg_2360,-1.20359,0
Neg_1492,-1.10608,0
Neg_1400,1.64905,0
Neg_840,0.6454,0
Neg_1343,-0.37283,0
Neg_1169,-0.33256,0
Neg_1095,-0.20439,0
Neg_2160,0.03382,0
Neg_1886,-1.02943,0
Neg_462,0.2771,0
Neg_1618,-0.23748,0
Neg_1638,-0.88361,0
Neg_335,-1.41677,0
Neg_2543,1.28685,0
Neg_1503,-0.03588,0
Neg_2634,-0.87097,0
Neg_1295,-0.1573,0
Neg_1778,0.68023,0
Neg_1420,-1.10943,0
Neg_2915,0.08971,0
Neg_823,-0.00657,0
Neg_1675,-1.06038,0
Neg_589,-1.33891,0
Neg_1481,-0.9,0
Neg_2342,-0.33555,0
Neg_1054,-0.72239,0
Neg_2098,-0.63588,0
Neg_2847,-0.85054,0
Neg_2645,-0.48666,0
Neg_1236,0.26766,0
Neg_1108,-1.27184,0
Neg_2375,0.3866,0
Neg_1516,-1.00067,0
Neg_1038,-1.27762,0
Neg_2217,-0.37629,0
Neg_2728,-0.78194,0
Neg_1386,1.46584,0
Neg_1513,-0.21315,0
Neg_816,-0.1748,0
Neg_2754,-0.70626,0
Neg_363,-0.68725,0
Neg_2326,-0.20737,0
Neg_2442,-0.27174,0
Neg_2080,0.03846,0
Neg_1213,-0.47774,0
Neg_2687,-0.11421,0
Neg_1636,-0.1531,0
Neg_1037,0.42057,0
Neg_36,-0.6606,0
Neg_1469,0.61551,0
Neg_1928,0.07081,0
Neg_916,-0.9567,0
Neg_1155,-1.18467,0
Neg_2793,-0.84899,0
Neg_2052,0.91303,0
Neg_1029,-0.84293,0
Neg_2685,-0.52462,0
Neg_280,0.63198,0
Neg_2924,-0.03462,0
Neg_1552,0.35854,0
Neg_2150,0.63473,0
Neg_1454,-0.3519,0
Neg_1438,-0.75854,0
Neg_2910,0.16869,0
Neg_2210,-0.92332,0
Neg_284,0.18224,0
Neg_2162,-0.51585,0
Neg_740,-1.11595,0
Neg_1850,0.32014,0
Neg_2864,0.71121,0
Neg_2319,-1.12673,0
Neg_2530,-0.30572,0
Neg_2094,0.40917,0
Neg_321,-0.05169,0
Neg_2126,-0.82135,0
Neg_15,-0.87327,0
Neg_1360,0.36618,0
Neg_2640,-1.30004,0
Neg_1251,0.69164,0
Neg_830,-0.68237,0
Neg_782,0.20096,0
Neg_2913,-0.75682,0
Neg_794,-1.05241,0
Neg_1435,-0.86996,0
Neg_520,-0.01081,0
Neg_4,-0.25872,0
Neg_228,-1.07462,0
Neg_977,0.48791,0
Neg_618,-0.15213,0
Neg_1278,-0.94178,0
Neg_1858,-0.73023,0
Neg_479,-0.49469,0
Neg_957,-0.04611,0
Neg_2917,-0.93475,0
Neg_1765,-1.2848,0
Neg_1991,0.65193,0
Neg_526,0.28271,0
Neg_1715,-0.69419,0
Neg_722,-1.1815,0
Neg_747,0.61107,0
Neg_2498,2.68963,0
Neg_2636,0.33038,0
Neg_1015,1.1182,0
Neg_785,-1.37705,0
Neg_560,0.59908,0
Neg_1254,-0.79891,0
Neg_1430,1.26225,0
Neg_1253,-0.61256,0
Neg_2909,0.21696,0
Neg_1540,-0.51014,0
Neg_997,-0.47638,0
Neg_2812,0.62812,0
Neg_2694,0.11288,0
Neg_420,-0.63304,0
Neg_92,-0.29054,0
Neg_1822,-0.99526,0
Neg_678,-0.80103,0
Neg_952,-1.44535,0
Neg_1067,-0.34364,0
Neg_1023,0.30519,0
Neg_94,-0.66097,0
Neg_1575,0.01063,0
Neg_2350,0.58673,0
Neg_2445,-0.74898,0
Neg_2226,0.07978,0
Neg_568,-0.94284,0
Neg_2515,-1.24083,0
Neg_1334,-1.05452,0
Neg_930,-0.93901,0
Neg_354,1.50885,0
Neg_2604,-0.25428,0
Neg_69,0.16059,0
Neg_2782,-0.49773,0
Neg_1205,-0.43404,0
Neg_1269,-0.3109,0
Neg_1188,-0.7771,0
Neg_2705,-0.35053,0
Neg_2896,-0.03802,0
Neg_2890,-1.10628,0
Neg_2813,-0.83802,0
Neg_483,0.02825,0
Neg_2333,1.1553,0
Neg_1243,-0.47918,0
Neg_2268,0.85621,0
Neg_2001,-0.51224,0
Neg_783,0.24594,0
Neg_1611,-1.19425,0
Neg_2424,1.08951,0
Neg_472,0.25219,0
Neg_1791,-0.82691,0
Neg_645,0.61683,0
Neg_1781,-0.6731,0
Neg_205,-1.08326,0
Neg_2771,-0.1666,0
Neg_1957,0.1824,0
Neg_2408,1.1569,0
Neg_2298,0.63132,0
Neg_2301,0.04372,0
Neg_2235,-0.92222,0
Neg_2056,-0.53051,0
Neg_803,0.99621,0
Neg_2461,0.90181,0
Neg_1185,-0.84678,0
Neg_1794,-0.42309,0
Neg_970,-0.26322,0
Neg_1479,0.15107,0
Neg_775,-0.44565,0
Neg_748,-0.31159,0
Neg_1293,-0.40004,0
Neg_2907,-0.67444,0
Neg_626,0.22403,0
Neg_1211,-0.27717,0
Neg_2029,-0.73348,0
Neg_2484,-0.76529,0
Neg_737,-1.09473,0
Neg_2637,-0.63374,0
Neg_493,-0.61513,0
Neg_1851,-0.16113,0
Neg_275,-0.88171,0
Neg_606,-0.21479,0
Neg_1681,0.98983,0
Neg_861,-0.86604,0
Neg_2800,-0.25516,0
Neg_390,-1.36392,0
Neg_950,0.92257,0
Neg_2285,1.89657,0
Neg_1066,0.02249,0
Neg_1485,-1.07679,0
Neg_2718,0.02217,0
Neg_107,-0.21954,0
Neg_2560,-1.36016,0
Neg_1520,-0.13449,0
Neg_951,0.03095,0
Neg_2753,-0.3374,0
Neg_2737,-0.693,0
Neg_2449,-1.07685,0
Neg_1538,-0.57653,0
Neg_1588,-0.68524,0
Neg_1070,-0.8463,0
Neg_1907,-1.46161,0
Neg_1444,0.95453,0
Neg_2536,-1.29971,0
Neg_1336,0.06714,0
Neg_1125,-1.30864,0
Neg_1238,-0.50231,0
Neg_2438,-1.19013,0
Neg_2869,-0.64658,0
Neg_734,-0.31499,0
Neg_2747,-0.37726,0
Neg_2767,-1.13957,0
Neg_347,-0.92219,0
Neg_1890,-0.63173,0
Neg_2457,-1.09969,0
Neg_2919,-1.04093,0
Neg_2764,-0.5804,0
Neg_834,-1.07182,0
Neg_1570,0.50113,0
Neg_2750,-0.6075,0
Neg_290,0.08995,0
Neg_862,-0.45965,0
Neg_2654,-0.85948,0
Neg_597,-1.22873,0
Neg_353,1.0479,0
Neg_2500,-0.80025,0
Neg_1446,0.66326,0
Neg_842,-0.2162,0
Neg_53,-0.22464,0
Neg_291,-0.3964,0
Neg_1687,-0.43795,0
Neg_809,-1.17875,0
Neg_2858,-1.12104,0
Neg_1779,-0.97838,0
Neg_2114,-0.32913,0
Neg_327,0.69152,0
Neg_249,-0.24152,0
Neg_514,-0.63335,0
Neg_894,1.24279,0
Neg_1154,0.66057,0
Neg_1974,-0.68018,0
Neg_607,1.13427,0
Neg_1464,-0.93006,0
Neg_2840,-0.44087,0
Neg_2251,-0.23568,0
Neg_2517,-0.47771,0
Neg_1853,-0.48799,0
Neg_1312,-0.38206,0
Neg_2838,0.08835,0
Neg_1722,0.60582,0
Neg_2116,-0.17456,0
Neg_2327,-1.0354,0
Neg_1128,-0.44024,0
Neg_1231,-0.94675,0
Neg_2384,0.69713,0
Neg_713,-1.16698,0
Neg_2475,-0.7487,0
Neg_545,-0.48049,0
Neg_1732,-0.68733,0
Neg_1703,-0.23232,0
Neg_2537,-1.33333,0
Neg_1601,0.39469,0
Neg_238,-1.05771,0
Neg_2704,2.31166,0
Neg_2652,-0.52067,0
Neg_1700,-0.62159,0
Neg_2744,-0.13006,0
Neg_43,-0.67644,0
Neg_235,0.71723,0
Neg_1433,-0.1682,0
Neg_1473,-1.14662,0
Neg_1047,-0.89191,0
Neg_2221,-1.3316,0
Neg_691,0.71692,0
Neg_128,-0.20759,0
Neg_1952,-1.18849,0
Neg_2059,-0.8222,0
Neg_661,-0.24554,0
Neg_1100,1.61637,0
Neg_2458,-0.75484,0
Neg_983,0.48421,0
Neg_2250,1.59766,0
Neg_674,-0.31645,0
Neg_2825,-0.27888,0
Neg_445,0.58498,0
Neg_640,-0.1391,0
Neg_1903,-0.94989,0
Neg_671,-0.34429,0
Neg_2147,-0.63641,0
Neg_475,0.54975,0
Neg_1302,0.11626,0
Neg_2077,-0.89749,0
Neg_2040,-0.11385,0
Neg_2660,1.58356,0
Neg_2166,-0.96162,0
Neg_2376,-0.9462,0
Neg_1962,-0.43139,0
Neg_1000,-1.01462,0
Neg_250,-0.97797,0
Neg_1718,0.1597,0
Neg_750,-0.8723,0
Neg_1014,-0.16931,0
Neg_2399,-0.45899,0
Neg_561,-0.06548,0
Neg_1762,-0.55547,0
Neg_1449,-0.42569,0
Neg_237,-0.84739,0
Neg_345,0.17664,0
Neg_2511,-0.92029,0
Neg_2097,-0.98268,0
Neg_1966,-0.2523,0
Neg_255,0.93364,0
Neg_2365,1.25824,0
Neg_1987,1.48344,0
Neg_2805,0.38136,0
Neg_2904,-1.05437,0
Neg_2872,-0.87862,0
Neg_2355,-0.50797,0
Neg_576,0.49433,0
Neg_2459,0.02462,0
Neg_971,-1.157,0
Neg_898,-0.01642,0
Neg_928,-0.33416,0
Neg_2823,-0.40194,0
Neg_2364,-0.6443,0
Neg_2806,0.88906,0
Neg_1871,-0.00363,0
Neg_50,-0.46541,0
Neg_2496,0.07909,0
Neg_1030,-0.00609,0
Neg_1978,-0.71308,0
Neg_669,0.15846,0
Neg_1341,-0.9455,0
Neg_843,-0.12079,0
Neg_761,0.55799,0
Neg_988,2.09094,0
Neg_2255,-0.42,0
Neg_2557,-0.97489,0
Neg_2677,3.02536,0
Neg_18,-0.80426,0
Neg_315,-1.05393,0
Neg_1741,0.81608,0
Neg_2578,-0.13268,0
Neg_389,0.28327,0
Neg_210,-0.59998,0
Neg_2427,-0.40849,0
Neg_2323,-1.11898,0
Neg_2007,-0.28939,0
Neg_891,-0.94585,0
Neg_387,-0.37315,0
Neg_741,0.78247,0
Neg_362,-0.85379,0
Neg_1212,0.14439,0
Neg_2057,-0.77801,0
Neg_468,0.23939,0
Neg_2468,0.02973,0
Neg_873,1.87637,0
Neg_1079,-1.17415,0
Neg_1710,-0.79299,0
Neg_482,1.45183,0
Neg_121,-0.70223,0
Neg_2172,-1.11226,0
Neg_1897,0.47552,0
Neg_2690,-0.64533,0
Neg_42,-1.43082,0
Neg_1748,-0.47167,0
Neg_620,1.28695,0
Neg_2881,-0.91364,0
Neg_188,-0.83388,0
Neg_184,-0.4374,0
Neg_584,-0.02759,0
Neg_2423,-0.62751,0
Neg_2699,-0.436,0
Neg_147,-0.93856,0
Neg_1376,-0.10812,0
Neg_2589,-0.82855,0
Neg_2501,-0.48229,0
Neg_288,-0.80382,0
Neg_982,-0.64336,0
Neg_511,-0.2935,0
Neg_1308,0.1751,0
Neg_125,-0.94057,0
Neg_564,-0.30841,0
Neg_2039,0.05438,0
Neg_1237,-0.416,0
Neg_749,-0.92571,0
Neg_189,0.5542,0
Neg_2815,1.185,0
Neg_2573,-0.21286,0
Neg_911,0.0684,0
Neg_2225,0.04493,0
Neg_591,-0.96256,0
Neg_428,-0.99322,0
Neg_739,-0.66828,0
Neg_449,2.36425,0
Neg_1358,-0.61636,0
Neg_707,0.2231,0
Neg_1196,0.25132,0
Neg_1113,-0.43844,0
Neg_1437,-0.87746,0
Neg_996,0.5534,0
Neg_2480,-0.07485,0
Neg_2324,-0.08812,0
Neg_2391,0.59729,0
Neg_1084,-0.7517,0
Neg_1194,-0.42103,0
Neg_908,-1.18812,0
Neg_638,-0.90192,0
Neg_2741,0.91347,0
Neg_1368,-0.72905,0
Neg_1005,-0.29724,0
Neg_2790,-0.46794,0
Neg_1572,-0.40561,0
Neg_1734,0.95585,0
Neg_435,-0.547,0
Neg_409,0.35512,0
Neg_436,-0.58098,0
Neg_1409,0.37681,0
Neg_1603,-0.76336,0
Neg_2900,0.22619,0
Neg_469,-0.81378,0
Neg_395,0.31739,0
Neg_2006,-0.96519,0
Neg_2138,-0.81817,0
Neg_1534,-0.71082,0
Neg_726,-0.85151,0
Neg_2658,-0.20103,0
Neg_885,-0.68174,0
Neg_1364,-0.99754,0
Neg_2867,-0.48024,0
Neg_1869,-0.72205,0
Neg_429,-1.15707,0
Neg_1518,0.20707,0
Neg_2431,-0.86682,0
Neg_788,1.04838,0
Neg_2574,-1.20495,0
Neg_1548,-0.08161,0
Neg_1959,0.00311,0
Neg_1124,-0.30298,0
Neg_1324,0.64816,0
Neg_1533,1.06071,0
Neg_2429,-0.49323,0
Neg_2123,0.06345,0
Neg_384,0.32306,0
Neg_2551,0.38872,0
Neg_380,-1.0787,0
Neg_1697,-0.82108,0
Neg_2382,0.42492,0
Neg_193,-0.45357,0
Neg_392,-0.61721,0
Neg_1136,-0.92899,0
Neg_2371,0.27925,0
Neg_910,-1.47674,0
Neg_656,-0.51126,0
Neg_718,-1.45398,0
Neg_400,-0.4569,0
Neg_742,-0.00513,0
Neg_1273,-0.62915,0
Neg_2830,-0.99332,0
Neg_567,-1.15364,0
Neg_588,-0.26867,0
Neg_183,-0.15591,0
Neg_2770,-0.2036,0
Neg_864,0.89644,0
Neg_2883,1.31913,0
Neg_2689,-0.69512,0
Neg_1381,-0.22686,0
Neg_829,1.68395,0
Neg_2495,-0.08955,0
Neg_1148,-0.84288,0
Neg_819,1.85438,0
Neg_2683,0.08247,0
Neg_1304,0.03265,0
Neg_932,-0.38672,0
Neg_2003,-0.92921,0
Neg_1512,-1.1162,0
Neg_789,-0.10096,0
Neg_1705,0.16345,0
Neg_360,0.68579,0
Neg_2473,0.05479,0
Neg_1567,-0.36734,0
Neg_2582,1.95653,0
Neg_980,1.78729,0
Neg_2740,-0.789,0
Neg_1041,0.19899,0
Neg_2713,-0.06483,0
Neg_593,0.17189,0
Neg_1882,0.9301,0
Neg_2760,-0.01102,0
Neg_1296,-0.46844,0
Neg_784,0.53928,0
Neg_2205,0.99123,0
Neg_981,0.33458,0
Neg_115,0.04475,0
Neg_499,-0.37647,0
Neg_877,-0.35557,0
Neg_594,-0.97781,0
Neg_596,-0.10915,0
Neg_156,1.37849,0
Neg_1199,1.95286,0
Neg_1091,-0.33882,0
Neg_2380,-1.03961,0
Neg_1193,-0.78883,0
Neg_2038,0.18204,0
Neg_796,0.24491,0
Neg_583,-0.20349,0
Neg_1399,0.03822,0
Neg_773,-0.71529,0
Neg_2320,0.37018,0
Neg_2170,0.19193,0
Neg_1443,-0.7777,0
Neg_1969,-0.64882,0
Neg_1220,-0.76769,0
Neg_1111,-0.32565,0
Neg_2065,-1.04857,0
Neg_1451,-0.51059,0
Neg_1328,-0.17504,0
Neg_140,-1.03779,0
Neg_258,-0.93569,0
Neg_175,-1.19865,0
Neg_2922,0.41898,0
Neg_577,-0.76757,0
Neg_1641,-0.64623,0
Neg_758,-0.75333,0
Neg_2195,-0.6134,0
Neg_157,-0.63751,0
Neg_2325,-0.95593,0
Neg_181,-1.14853,0
Neg_2641,-0.39222,0
Neg_1505,-1.06552,0
Neg_2608,-0.343,0
Neg_2181,-1.36726,0
Neg_2798,-1.19563,0
Neg_924,-0.00309,0
Neg_1138,-0.59504,0
Neg_2880,0.07554,0
Neg_2670,0.05601,0
Neg_925,-0.47651,0
Neg_230,-0.64479,0
Neg_2071,-0.52759,0
Neg_2650,-0.65697,0
Neg_841,-0.2235,0
Neg_2054,-0.05839,0
Neg_146,-1.40403,0
Neg_162,0.33462,0
Neg_990,0.18675,0
Neg_2024,1.05737,0
Neg_155,0.1692,0
Neg_1412,-1.26709,0
Neg_619,-0.85184,0
Neg_154,-1.32125,0
Neg_264,-1.16129,0
Neg_457,-0.19415,0
Neg_1529,-0.78003,0
Neg_1725,1.35048,0
Neg_582,-0.15703,0
Neg_2293,-0.89273,0
Neg_2023,-0.7708,0
Neg_1192,1.20702,0
Neg_1702,0.25992,0
Neg_989,-0.30191,0
Neg_856,0.01991,0
Neg_2460,1.02651,0
Neg_1967,-0.82998,0
Neg_1584,-0.41276,0
Neg_909,0.30439,0
Neg_517,-0.76372,0
Neg_2302,-0.5423,0
Neg_1633,0.64693,0
Neg_2563,0.81124,0
Neg_2911,-0.93911,0
Neg_1261,2.96662,0
Neg_2493,-0.83337,0
Neg_1707,-1.35291,0
Neg_2035,-0.52257,0
Neg_2507,-0.65655,0
Neg_2843,-0.45759,0
Neg_2279,-0.53815,0
Neg_633,0.47106,0
Neg_1442,0.79651,0
Neg_1910,-0.21536,0
Neg_2307,-0.82849,0
Neg_1627,-0.64737,0
Neg_1043,-0.87347,0
Neg_851,0.6641,0
Neg_1342,-1.06663,0
Neg_507,0.3267,0
Neg_2892,-0.30925,0
Neg_887,-1.09312,0
Neg_2177,0.41254,0
Neg_2875,-0.7426,0
Neg_187,-0.7048,0
Neg_731,-0.40252,0
Neg_2878,-0.03243,0
Neg_1195,0.49182,0
Neg_2134,-0.50383,0
Neg_209,-0.73159,0
Neg_2339,-0.91866,0
Neg_1950,-0.95077,0
Neg_1521,-0.10058,0
Neg_2328,0.6092,0
Neg_504,-0.30628,0
Neg_1415,-0.8551,0
Neg_1244,-0.7718,0
Neg_2317,-0.80222,0
Neg_1759,0.08182,0
Neg_1105,-0.2623,0
Neg_1599,-0.34259,0
Neg_349,-0.17637,0
Neg_2091,0.58723,0
Neg_2417,-0.55452,0
Neg_100,-0.7057,0
Neg_2420,0.66472,0
Neg_1970,-0.99611,0
Neg_893,-0.49399,0
Neg_2534,-0.33964,0
Neg_481,-1.04457,0
Neg_1894,-0.67808,0
Neg_627,0.15021,0
Neg_2523,-0.18096,0
Neg_1173,0.14459,0
Neg_2625,-0.60353,0
Neg_2452,-1.09203,0
Neg_754,-0.76914,0
Neg_2294,1.13539,0
Neg_2466,-0.69691,0
Neg_1017,-1.04222,0
Neg_539,-0.83645,0
Neg_2199,-0.23185,0
Neg_1739,-1.3751,0
Neg_1318,0.78604,0
Neg_2842,-0.74031,0
Neg_1817,-0.65403,0
Neg_1427,-0.44517,0
Neg_60,-0.21072,0
Neg_1202,-1.26913,0
Neg_1417,-0.48009,0
Neg_1392,-1.02405,0
Neg_1245,-0.0965,0
Neg_1621,1.35349,0
Neg_2101,-0.48333,0
Neg_1662,0.10923,0
Neg_967,-0.88373,0
Neg_1576,-0.98887,0
Neg_1044,-0.09106,0
Neg_2674,-0.68112,0
Neg_81,-0.53557,0
Neg_1408,-0.86252,0
Neg_1528,-0.44191,0
Neg_2218,-0.51042,0
Neg_913,-0.15945,0
Neg_1553,0.87713,0
Neg_1203,2.87086,0
Neg_2776,-0.14963,0
Neg_2133,-0.13227,0
Neg_1961,0.76678,0
Neg_1895,0.82721,0
Neg_2043,-0.67596,0
Neg_334,-0.72492,0
Neg_2174,-0.77681,0
Neg_1792,0.10901,0
Neg_1052,-0.43343,0
Neg_1327,-0.78837,0
Neg_2663,-0.71146,0
Neg_644,-0.84439,0
Neg_2092,-1.21091,0
Neg_559,0.43357,0
Neg_487,-0.78014,0
Neg_2018,-0.01968,0
Neg_1474,-0.12852,0
Neg_1264,-0.71472,0
Neg_884,-1.27338,0
Neg_1191,-0.40046,0
Neg_1852,-0.129,0
Neg_786,-0.93103,0
Neg_1686,0.20174,0
Neg_2755,-1.07412,0
Neg_2143,-0.84622,0
Neg_2619,0.99733,0
Neg_1600,-0.9102,0
Neg_725,-0.48947,0
Neg_70,-1.16583,0
Neg_2340,-0.97075,0
Neg_1366,1.60794,0
Neg_458,-0.38503,0
Neg_744,-0.45326,0
Neg_2839,-1.11363,0
Neg_575,1.16957,0
Neg_1839,-0.31975,0
Neg_2678,-0.53392,0
Neg_1204,-0.40492,0
Neg_2351,0.61459,0
Neg_2899,-0.90381,0
Neg_2474,-0.63125,0
Neg_1760,-0.54191,0
Neg_369,0.27919,0
Neg_2710,0.13806,0
Neg_2852,-0.29615,0
Neg_1373,-1.11463,0
Neg_2807,-0.79093,0
Neg_543,-1.09408,0
Neg_1453,-0.86558,0
Neg_860,-0.42363,0
Neg_223,0.38862,0
Neg_1842,-0.39057,0
Neg_1769,-0.70545,0
Neg_2295,-0.38684,0
Neg_1598,-0.69739,0
Neg_642,-0.30402,0
Neg_2592,-0.21172,0
Neg_2426,-0.56087,0
Neg_1004,-0.65343,0
Neg_2066,1.95984,0
Neg_1482,0.04814,0
Neg_111,-0.59979,0
Neg_2546,-0.42227,0
Neg_2168,-0.77289,0
Neg_1605,-0.7946,0
Neg_2512,-1.23091,0
Neg_93,0.00236,0
Neg_772,-0.7858,0
Neg_206,0.79521,0
Neg_723,-0.56526,0
Neg_1946,0.27043,0
Neg_2284,-1.03054,0
Neg_2267,-0.45821,0
Neg_778,-0.18782,0
Neg_87,-0.80032,0
Neg_2746,1.46758,0
Neg_1171,-1.14219,0
Neg_1671,-0.79278,0
Neg_2416,1.25629,0
Neg_1935,-0.91831,0
Neg_2891,-0.50727,0
Neg_1354,-1.19537,0
Neg_763,0.95725,0
Neg_1222,-1.06246,0
Neg_371,-1.19971,0
Neg_1955,0.80144,0
Neg_2848,-1.13206,0
Neg_2766,-0.39896,0
Neg_2233,-0.56184,0
Neg_1833,-1.36388,0
Neg_1123,-0.74875,0
Neg_2809,-0.55242,0
Neg_2194,-0.51803,0
Neg_2144,-0.1682,0
Neg_27,-0.24568,0
Neg_2559,0.50789,0
Neg_2373,-0.38855,0
Neg_2161,-1.01596,0
Neg_1954,-1.14028,0
Neg_23,0.78207,0
Neg_1075,-0.61544,0
Neg_2385,-1.26921,0
Neg_1821,-0.958,0
Neg_2256,-1.4474,0
Neg_2171,-0.88152,0
Neg_921,-1.09535,0
Neg_832,1.53819,0
Neg_552,-0.58985,0
Neg_1002,-1.31709,0
Neg_123,-0.92047,0
Neg_204,-0.61059,0
Neg_375,1.3153,0
Neg_372,-0.91524,0
Neg_1287,-0.43505,0
Neg_2125,0.17888,0
Neg_74,-0.48007,0
Neg_871,-0.18646,0
Neg_694,-0.83354,0
Neg_824,-0.89736,0
Neg_2063,-0.8335,0
Neg_1031,-1.07308,0
Neg_332,-0.79153,0
Neg_1165,1.2026,0
Neg_2186,0.23443,0
Neg_1986,-1.19359,0
Neg_2394,-0.05229,0
Neg_1379,-0.58136,0
Neg_2522,0.69462,0
Neg_1899,1.06807,0
Neg_1322,-0.56886,0
Neg_2414,0.09929,0
Neg_26,1.18612,0
Neg_1284,-0.08182,0
Neg_820,-1.22921,0
Neg_863,-1.12001,0
Neg_268,-0.49936,0
Neg_2153,-0.91104,0
Neg_63,0.2415,0
Neg_687,-0.82648,0
Neg_1297,0.58148,0
Neg_1556,-1.0766,0
Neg_2455,-0.48676,0
Neg_1016,-0.32197,0
Neg_366,-1.18653,0
Neg_641,-0.2659,0
Neg_2874,-0.53126,0
Neg_948,-0.85648,0
Neg_2780,-0.15537,0
Neg_760,-0.8076,0
Neg_1782,-0.79086,0
Neg_2735,0.51004,0
Neg_705,-1.29032,0
Neg_764,-1.21619,0
Neg_1582,1.70004,0
Neg_1061,-0.3158,0
Neg_2183,-0.42576,0
Neg_1543,0.80308,0
Neg_1964,-0.09567,0
Neg_1330,0.41122,0
Neg_2411,-0.90363,0
Neg_25,-0.80289,0
Neg_1463,-1.37885,0
Neg_1738,1.31143,0
Neg_2261,-0.82124,0
Neg_1416,-0.23353,0
Neg_2389,-0.8434,0
Neg_2905,-1.27129,0
Neg_1488,-0.72894,0
Neg_180,-1.26734,0
Neg_557,-1.16122,0
Neg_1595,-0.73608,0
Neg_1103,0.39777,0
Neg_510,-0.92366,0
Neg_2472,-1.06943,0
Neg_122,-1.04001,0
Neg_2290,0.47129,0
Neg_2696,-0.23433,0
Neg_1289,1.42596,0
Neg_1936,-1.18158,0
Neg_2265,1.99264,0
Neg_2555,1.29695,0
Neg_1580,-0.3905,0
Neg_2082,-0.98616,0
Neg_1591,-0.88833,0
Neg_1470,1.0939,0
Neg_1509,-0.64453,0
Neg_77,3.43893,0
Neg_1247,-1.03652,0
Neg_2122,-0.61086,0
Neg_1953,-0.73288,0
Neg_2894,-1.0799,0
Neg_1260,-0.30625,0
Neg_2719,0.1692,0
Neg_2111,-0.11933,0
Neg_1531,-0.2044,0
Neg_1519,0.07112,0
Neg_2540,1.82222,0
Neg_2113,0.26421,0
Neg_1965,-1.12457,0
Neg_48,-0.95945,0
Neg_625,-0.55923,0
Neg_2721,-1.19268,0
Neg_2716,-1.44533,0
Neg_1116,-0.24226,0
Neg_2714,-1.37796,0
Neg_729,-0.92712,0
Neg_770,-0.89206,0
Neg_1441,-0.00308,0
Neg_1629,0.10669,0
Neg_65,-1.1583,0
Neg_2121,-0.92138,0
Neg_271,-0.56096,0
Neg_2572,-0.67639,0
Neg_2089,-0.99471,0
Neg_655,-0.61651,0
Neg_806,0.40676,0
Neg_1034,-0.29189,0
Neg_2211,-0.57472,0
Neg_393,0.08016,0
Neg_2684,0.26179,0
Neg_2028,-1.12865,0
Neg_1695,-0.20388,0
Neg_1024,2.65955,0
Neg_881,-1.39558,0
Neg_2862,0.29511,0
Neg_632,2.81615,0
Neg_665,-0.94579,0
Neg_1699,-1.03033,0
Neg_1752,-0.70927,0
Neg_1536,-0.03077,0
Neg_1132,-0.43313,0
Neg_692,-0.60744,0
Neg_2046,-0.94087,0
Neg_866,-0.27859,0
Neg_719,0.16637,0
Neg_2407,-0.61489,0
Neg_668,0.23443,0
Neg_2488,-1.2543,0
Neg_359,-0.92582,0
Neg_1168,0.31022,0
Neg_578,-1.16298,0
Neg_2655,0.04706,0
Neg_1419,0.95286,0
Neg_426,-1.2051,0
Neg_1644,0.89818,0
Neg_643,-0.05896,0
Neg_1902,-0.65527,0
Neg_385,0.03632,0
Neg_2361,0.13069,0
Neg_907,0.25178,0
Neg_399,-0.29377,0
Neg_1577,-0.74663,0
Neg_2127,-0.37946,0
Neg_73,-0.37226,0
Neg_2598,-0.10448,0
Neg_516,0.02395,0
Neg_1466,-0.09745,0
Neg_672,0.41502,0
Neg_630,0.21436,0
Neg_39,-0.13764,0
Neg_2465,0.17751,0
Neg_2722,-0.65026,0
Neg_2105,0.73056,0
Neg_1077,-0.03537,0
Neg_2550,-1.22157,0
Neg_1756,2.34265,0
Neg_172,-1.12966,0
Neg_1428,0.60835,0
Neg_797,-0.4126,0
Neg_2239,-1.02134,0
Neg_1268,0.05672,0
Neg_112,-0.44988,0
Neg_2432,-0.63911,0
Neg_1624,-0.43017,0
Neg_1571,0.18872,0
Neg_753,0.96548,0
Neg_1875,0.06106,0
Neg_2353,-0.35595,0
Neg_1805,-0.94197,0
Neg_1530,-1.16918,0
Neg_357,-0.37591,0
Neg_695,-0.43692,0
Neg_551,0.00535,0
Neg_2897,-0.37174,0
Neg_438,-0.85991,0
Neg_858,-0.92384,0
Neg_1072,-0.54251,0
Neg_698,-0.76318,0
Neg_2433,0.84508,0
Neg_186,-0.37934,0
Neg_1915,-0.5747,0
Neg_2470,1.01038,0
Neg_1547,-0.31298,0
Neg_313,-1.13706,0
Neg_1232,-0.95732,0
Neg_2015,-0.24099,0
Neg_1413,0.20917,0
Neg_1495,-0.09426,0
Neg_2297,-0.83045,0
Neg_416,-0.61485,0
Neg_1252,-0.24176,0
Neg_1013,-0.75263,0
Neg_1631,2.26976,0
Neg_874,-0.55882,0
Neg_1984,-0.17107,0
Neg_1431,1.14611,0
Neg_505,-0.33133,0
Neg_2401,-0.63134,0
Neg_2119,-1.09885,0
Neg_1685,-0.0316,0
Neg_2727,-1.41324,0
Neg_1640,-0.84709,0
Neg_1134,0.88808,0
Neg_799,-0.52494,0
Neg_790,0.02995,0
Neg_2135,-0.58986,0
Neg_2208,-0.96595,0
Neg_1475,-0.4636,0
Neg_1085,-0.78718,0
Neg_1713,-0.61515,0
Neg_309,-0.31889,0
Neg_1162,-0.46689,0
Neg_2075,-0.93703,0
Neg_1698,-0.12541,0
Neg_518,1.29034,0
Neg_1163,0.09532,0
Neg_1359,-0.34789,0
Neg_1119,-0.30839,0
Neg_2643,-1.47058,0
Neg_277,-0.88776,0
Neg_1587,-0.54222,0
Neg_2585,-0.27891,0
Neg_1060,-1.07962,0
Neg_330,0.6145,0
Neg_1369,-0.08691,0
Neg_2785,-1.34291,0
Neg_2535,-0.00325,0
Neg_1564,-0.96819,0
Neg_2036,-0.81704,0
Neg_1200,0.1831,0
Neg_1709,-0.98499,0
Neg_1329,-1.16671,0
Neg_32,-0.79035,0
Neg_776,-0.412,0
Neg_437,-0.71293,0
Neg_2653,-0.79696,0
Neg_95,0.11191,0
Neg_1757,-1.31437,0
Neg_780,-0.79711,0
Neg_1804,-1.31868,0
Neg_1545,-1.11087,0
Neg_2797,-1.00022,0
Neg_430,-0.40668,0
Neg_1573,0.40208,0
Neg_1378,0.19789,0
Neg_473,0.19834,0
Neg_649,-0.41393,0
Neg_524,-1.18684,0
Neg_1517,-0.44284,0
Neg_880,-0.09473,0
Neg_1693,-0.98858,0
Neg_1092,-0.43571,0
Neg_1226,-1.23486,0
Neg_246,-0.35992,0
Neg_442,-0.82894,0
Neg_2422,-0.53111,0
Neg_2661,-0.73666,0
Neg_2189,-1.1147,0
Neg_673,-0.08449,0
Neg_2244,-1.31326,0
Neg_613,-0.45707,0
Neg_1133,0.28308,0
Neg_1919,-0.0151,0
Neg_1393,0.91048,0
Neg_1980,1.20804,0
Neg_195,0.16877,0
Neg_2354,0.62282,0
Neg_2388,-0.57603,0
Neg_1181,0.10399,0
Neg_1550,-0.49627,0
Neg_2158,0.78377,0
Neg_2197,-0.76686,0
Neg_2274,-0.83737,0
Neg_2679,-1.23341,0
Neg_1439,-0.61344,0
Neg_2281,-0.39574,0
Neg_2841,2.35232,0
Neg_2266,-0.42776,0
Neg_571,-1.20491,0
Neg_1009,-0.3884,0
Neg_1655,0.85851,0
Neg_1487,0.09046,0
Neg_28,-0.51464,0
Neg_2509,-1.20469,0
Neg_2175,0.41913,0
Neg_2232,-1.08873,0
Neg_201,2.21506,0
Neg_1333,-0.6626,0
Neg_2778,-0.1905,0
Neg_1704,-0.56356,0
Neg_2156,0.09561,0
Neg_1706,1.54748,0
Neg_143,-0.62608,0
Neg_2595,0.10845,0
Neg_166,0.38696,0
Neg_2209,1.04807,0
Neg_1608,-0.25275,0
Neg_1581,-1.18075,0
Neg_1609,-0.3482,0
Neg_865,-0.44174,0
Neg_666,-0.79176,0
Neg_1267,-0.34832,0
Neg_639,0.73506,0
Neg_1590,-0.86062,0
Neg_1701,-0.89183,0
Neg_1093,-0.59173,0
Neg_752,-1.2385,0
Neg_1210,-0.0632,0
Neg_2603,-0.90483,0
Neg_463,-1.04008,0
Neg_972,-0.28556,0
Neg_1224,1.60956,0
Neg_1027,-0.80512,0
Neg_2430,-0.73528,0
Neg_282,-0.72303,0
Neg_421,-0.53768,0
Neg_986,0.45397,0
Neg_1349,0.22914,0
Neg_495,-0.82865,0
Neg_2223,-0.77548,0
Neg_2245,0.27124,0
Neg_522,0.14362,0
Neg_490,-1.20191,0
Neg_153,-0.22441,0
Neg_1916,-0.08136,0
Neg_2569,-0.77924,0
Neg_1724,0.40949,0
Neg_220,1.48421,0
Neg_573,-0.19148,0
Neg_2008,0.00215,0
Neg_2076,-0.38998,0
Neg_1440,-0.88238,0
Neg_1258,-0.95291,0
Neg_2009,-0.19683,0
Neg_486,-1.17232,0
Neg_555,-0.72707,0
Neg_232,2.63966,0
Neg_1407,0.09608,0
Neg_637,-1.02668,0
Neg_2372,-0.2721,0
Neg_338,-0.90781,0
Neg_192,-0.39559,0
Neg_1926,0.77794,0
Neg_1337,-0.36232,0
Neg_2531,-0.70788,0
Neg_765,-1.12625,0
Neg_98,-0.74678,0
Neg_2026,-0.87451,0
Neg_1650,-0.82434,0
Neg_386,0.26132,0
Neg_14,-0.33272,0
Neg_1660,-0.64686,0
Neg_2005,-0.57824,0
Neg_2292,-1.13926,0
Neg_117,-0.7888,0
Neg_424,0.11874,0
Neg_2444,-0.62743,0
Neg_1668,-0.92794,0
Neg_1025,-0.40717,0
Neg_164,-0.8064,0
Neg_2016,-0.43156,0
Neg_2102,-0.9871,0
Neg_247,0.68351,0
Neg_488,0.43429,0
Neg_679,-0.20798,0
Neg_818,-0.05635,0
Neg_2499,0.32678,0
Neg_1976,-0.93418,0
Neg_2906,-0.34721,0
Neg_1983,0.212,0
Neg_2100,-0.62591,0
Neg_2451,-0.51065,0
Neg_888,-0.66875,0
Neg_402,-0.69814,0
Neg_569,-0.22755,0
Neg_1480,-0.96855,0
Neg_2632,-1.23078,0
Neg_1799,-1.24694,0
Neg_1198,-1.23498,0
Neg_105,2.01239,0
Neg_536,0.88082,0
Neg_382,0.59002,0
Neg_2073,-0.00925,0
Neg_530,-0.48343,0
Neg_1566,-0.96189,0
Neg_1996,0.97568,0
Neg_827,0.14162,0
Neg_800,-0.1636,0
Neg_1849,-0.57056,0
Neg_6,-0.44137,0
Neg_174,-0.98732,0
Neg_2072,1.15685,0
Neg_1934,-0.27289,0
Neg_615,-0.13256,0
Neg_425,-1.07526,0
Neg_1646,-0.21196,0
Neg_738,0.98317,0
Neg_1286,2.14698,0
Neg_963,-0.25217,0
Neg_2190,-0.52963,0
Neg_212,0.9618,0
Neg_730,-0.00727,0
Neg_319,-1.132,0
Neg_1401,-0.34854,0
Neg_1035,0.68704,0
Neg_1190,-0.92186,0
Neg_1508,-1.10859,0
Neg_1653,-0.92486,0
Neg_2304,-1.082,0
Neg_1355,-0.12664,0
Neg_1434,-0.33766,0
Neg_2485,-0.58242,0
Neg_367,0.17132,0
Neg_1625,-0.2064,0
Neg_2700,-0.17181,0
Neg_150,-0.45338,0
Neg_30,-0.60589,0
Neg_452,-0.36042,0
Neg_905,-0.87616,0
Neg_2519,0.13114,0
Neg_1361,-0.05513,0
Neg_2014,-0.8942,0
Neg_2510,0.33531,0
Neg_2920,0.20034,0
Neg_1963,0.32886,0
Neg_311,-0.14842,0
Neg_134,-0.90133,0
Neg_194,0.76108,0
Neg_947,-0.55913,0
Neg_1215,-0.21066,0
Neg_882,-0.2179,0
Neg_1465,-0.28559,0
Neg_1711,0.68247,0
Neg_956,-0.64934,0
Neg_99,-0.01052,0
Neg_2313,-0.58511,0
Neg_1819,-0.42359,0
Neg_1891,0.36978,0
Neg_119,-0.1806,0
Neg_2288,-0.12765,0
Neg_2253,-0.10129,0
Neg_2736,-1.11578,0
Neg_2730,-0.4127,0
Neg_2856,-0.53023,0
Neg_1186,-0.88701,0
Neg_850,-0.96917,0
Neg_1774,-0.03554,0
Neg_1923,-0.64216,0
Neg_1266,-0.98225,0
Neg_652,-0.42998,0
Neg_1259,0.21749,0
Neg_2822,1.5993,0
Neg_804,-0.63257,0
Neg_1565,-0.30975,0
Neg_1331,2.35106,0
Neg_1375,-1.08143,0
Neg_1537,1.27142,0
Neg_304,-0.68844,0
Neg_1554,-0.14366,0
Neg_466,0.67624,0
Neg_1562,-0.26109,0
Neg_2565,-1.35337,0
Neg_394,-0.8842,0
Neg_2558,0.43606,0
Neg_544,-1.30274,0
Neg_179,0.71635,0
Neg_1057,-0.01983,0
Neg_2837,1.40623,0
Neg_1053,0.43439,0
Neg_2283,-1.18359,0
Neg_1612,-0.16572,0
Neg_700,-0.66374,0
Neg_2176,1.23434,0
Neg_1761,1.00591,0
Neg_2213,-0.72927,0
Neg_1829,-0.34314,0
Neg_1338,1.15488,0
Neg_1346,-0.91641,0
Neg_441,0.87044,0
Neg_1743,-1.03572,0
Neg_2367,-0.7473,0
Neg_337,0.78171,0
Neg_1371,-0.69322,0
Neg_2743,2.25203,0
Neg_500,-0.02298,0
Neg_408,-0.98405,0
Neg_2761,-0.91874,0
Neg_2584,-0.23677,0
Neg_142,-0.58347,0
Neg_225,-0.51352,0
Neg_1476,0.34895,0
Neg_1498,-0.32145,0
Neg_1385,1.36031,0
Neg_2698,-0.67762,0
Neg_295,-0.78648,0
Neg_2362,0.10724,0
Neg_867,-0.10147,0
Neg_1314,-0.0017,0
Neg_1398,-0.18262,0
Neg_817,-0.58921,0
Neg_1403,-0.67428,0
Neg_959,-0.61468,0
Neg_108,-0.27047,0
Neg_2110,1.10843,0
Neg_2117,-0.89179,0
Neg_2310,0.78095,0
Neg_1813,0.78678,0
Neg_869,-0.66624,0
Neg_1682,-1.35907,0
Neg_902,-0.43497,0
Neg_1135,1.49868,0
Neg_485,-0.52047,0
Neg_1645,-0.72538,0
Neg_221,-0.59496,0
Neg_838,-0.91095,0
Neg_2064,-0.34491,0
Neg_1339,-1.10225,0
Neg_2271,-0.777,0
Neg_1951,-1.36249,0
Neg_1856,-1.28183,0
Neg_1003,-1.20867,0
Neg_1901,0.31004,0
Neg_1563,-1.28826,0
Neg_2201,0.10172,0
Neg_2575,-0.23558,0
Neg_1221,0.66245,0
Neg_340,-0.46335,0
Neg_1074,-1.30688,0
Neg_1374,1.4641,0
Neg_2571,-0.57962,0
Neg_1183,-0.94231,0
Neg_2870,-1.19443,0
Neg_1083,0.03502,0
Neg_167,1.08397,0
Neg_344,2.36254,0
Neg_1326,1.11838,0
Neg_1370,-0.91845,0
Neg_2695,-1.49061,0
Neg_1058,1.1354,0
Neg_1678,0.46627,0
Neg_610,0.32552,0
Neg_897,0.04425,0
Neg_132,0.05175,0
Neg_677,1.03235,0
Neg_813,-1.17438,0
Neg_1019,-0.51503,0
Neg_828,-0.80673,0
Neg_1816,0.48575,0
Neg_253,-0.67859,0
Neg_1690,-0.17137,0
Neg_467,-0.34813,0
Neg_1677,0.08447,0
Neg_1184,-0.32741,0
Neg_2363,-1.26309,0
Neg_2801,-0.30732,0
Neg_1607,-0.97876,0
Neg_2193,-0.72224,0
Neg_427,-1.07842,0
Neg_792,-0.3449,0
Neg_1150,0.43063,0
Neg_1620,1.55711,0
Neg_329,1.0293,0
Neg_412,-0.4092,0
Neg_2107,-1.16898,0
Neg_1347,-0.88513,0
Neg_2649,1.65139,0
Neg_1559,-0.45215,0
Neg_176,-0.33336,0
Neg_826,-1.32506,0
Neg_1461,1.02805,0
Neg_281,-0.51793,0
Neg_2733,-0.4369,0
Neg_2492,-0.57556,0
Neg_623,-0.83231,0
Neg_2280,-0.69191,0
Neg_751,-0.56069,0
Neg_2711,-0.33031,0
Neg_844,0.37745,0
Neg_2577,-0.24413,0
Neg_1087,-0.66688,0
Neg_388,-0.47829,0
Neg_670,-1.12516,0
Neg_1159,-0.90107,0
Neg_2772,-0.75309,0
Neg_1736,0.72061,0
Neg_339,-1.03293,0
Neg_2366,-0.05106,0
Neg_331,0.64324,0
Neg_1388,-0.99252,0
Neg_2112,-0.86675,0
Neg_1610,-1.32448,0
Neg_2146,-0.4607,0
Neg_525,-1.11652,0
Neg_2300,-0.21277,0
Neg_714,-1.31082,0
Neg_236,-1.00159,0
Neg_1515,1.43871,0
Neg_985,-0.42872,0
Neg_198,0.29029,0
Neg_2591,0.08581,0
Neg_1102,-1.0549,0
Neg_1654,-0.40463,0
Neg_2167,0.05523,0
Neg_1270,-0.23854,0
Neg_590,-0.71578,0
Neg_1115,-0.90239,0
Neg_2846,0.54493,0
Neg_1838,-0.30092,0
Neg_548,0.07654,0
Neg_2526,-1.11777,0
Neg_1922,-0.67462,0
Neg_2471,0.61421,0
Neg_1459,-1.02906,0
Neg_2356,-0.72508,0
Neg_801,-0.23126,0
Neg_553,0.24097,0
Neg_1811,-0.56903,0
Neg_1158,-1.24666,0
Neg_391,2.78669,0
Neg_269,-0.3838,0
Neg_2109,-0.49028,0
Neg_1279,-0.52098,0
Neg_197,1.19788,0
Neg_2312,-0.07066,0
Neg_1754,-0.16826,0
Neg_61,0.62299,0
Neg_587,0.09288,0
Neg_35,-1.06857,0
Neg_1452,1.07895,0
Neg_341,-0.9762,0
Neg_709,-0.74941,0
Neg_1623,0.06471,0
Neg_1835,-0.12077,0
Neg_1499,0.61425,0
Neg_2701,2.13014,0
Neg_185,-0.18773,0
Neg_532,0.04589,0
Neg_1049,-0.86681,0
Neg_2203,-0.75911,0
Neg_351,-0.53669,0
Neg_1511,-1.1672,0
Neg_432,-0.98484,0
Neg_1708,-0.21496,0
Neg_1616,-0.52834,0
Neg_316,0.21405,0
Neg_1845,0.74041,0
Neg_1042,-1.29866,0
Neg_2467,-0.85888,0
Neg_76,-0.56191,0
Neg_383,0.2932,0
Neg_1783,-0.55367,0
Neg_2387,-1.33908,0
Neg_161,-0.35037,0
Neg_297,-0.68154,0
Neg_1854,1.20177,0
Neg_1749,1.91747,0
Neg_1467,0.15869,0
Neg_1234,1.80552,0
Neg_969,-0.86093,0
Neg_2061,0.7304,0
Neg_241,0.36702,0
Neg_350,-0.713,0
Neg_124,-0.03387,0
Neg_2482,-0.14356,0
Neg_1086,-0.12133,0
Neg_2791,-0.97787,0
Neg_1879,-1.21439,0
Neg_1827,-0.87535,0
Neg_622,-0.88645,0
Neg_658,-0.78385,0
Neg_791,0.02408,0
Neg_1472,-0.83885,0
Neg_196,-0.98647,0
Neg_1282,-0.35094,0
Neg_944,-1.26778,0
Neg_2374,-0.33736,0
Neg_1523,-0.70091,0
Neg_883,-0.99809,0
Neg_498,-0.18735,0
Neg_547,0.3764,0
Neg_1867,-1.17632,0
Neg_2901,-0.70704,0
Neg_1209,-0.89849,0
Neg_663,-0.69432,0
Neg_52,-0.74996,0
Neg_2436,0.28427,0
Neg_942,-0.05665,0
Neg_2853,-0.33487,0
Neg_2596,-0.81345,0
Neg_2788,-1.38618,0
Neg_1613,-1.19055,0
Neg_376,-0.92437,0
Neg_1539,1.26309,0
Neg_2129,-0.23319,0
Neg_1776,-0.3796,0
Neg_2748,0.95886,0
Neg_2084,-0.65832,0
Neg_934,1.01516,0
Neg_2877,-0.26959,0
Neg_1288,0.21176,0
Neg_2819,-0.18401,0
Neg_1930,0.10753,0
Neg_2505,0.33241,0
Neg_1975,1.1871,0
Neg_2331,2.69667,0
Neg_1728,0.19476,0
Neg_1310,-0.5087,0
Neg_852,-1.08992,0
Neg_2633,-0.51632,0
Neg_1747,-0.46714,0
Neg_812,-0.23587,0
Neg_2030,-0.8188,0
Neg_1551,-0.59297,0
Neg_1679,-0.43531,0
Neg_1249,-0.75889,0
Neg_243,0.79102,0
Neg_2817,-1.17132,0
Neg_554,-0.10785,0
Neg_756,-0.11933,0
Neg_276,-0.84258,0
Neg_2656,-1.04491,0
Neg_480,1.16373,0
Neg_1664,-0.60903,0
Neg_149,-1.17857,0
Neg_2104,-0.53365,0
Neg_657,-0.31424,0
Neg_946,-0.62458,0
Neg_2273,-0.26474,0
Neg_550,0.83963,0
Neg_2142,-1.26464,0
Neg_987,-0.21383,0
Neg_207,-0.07041,0
Neg_1126,0.50516,0
Neg_2865,-1.17253,0
Neg_2504,-0.38802,0
Neg_2,0.60712,0
Neg_2607,-1.05823,0
Neg_137,-0.04699,0
Neg_1020,0.0085,0
Neg_1755,-0.03689,0
Neg_1942,-0.38551,0
Neg_1684,1.81795,0
Neg_1807,-1.02685,0
Neg_2548,0.27278,0
Neg_1931,-0.92655,0
Neg_368,-0.97284,0
NP01383,-1.03018,1
NP06615,0.00145,1
NP07289,-0.40432,1
NP10706,2.35164,1
NP06413,0.25439,1
NP07002,-0.79971,1
NP06013,3.15986,1
NP07905,0.66039,1
NP06037,0.74461,1
NP06312,-0.41196,1
NP09289,-0.73508,1
NP01011,0.13233,1
NP01453,2.99166,1
NP06668,1.52465,1
NP02209,-0.54479,1
NP01806,0.78872,1
NP09844,-0.16623,1
NP02902,3.13195,1
NP01105,3.60643,1
NP06071,1.29027,1
NP07560,-1.29092,1
NP00803,1.13465,1
NP02175,0.5216,1
NP11065,-0.98656,1
NP06911,1.38007,1
NP04654,-0.9458,1
NP00357,1.08879,1
NP05821,0.77086,1
NP09379,-0.30986,1
NP01973,-0.69935,1
NP10650,0.91641,1
NP09728,-0.11237,1
NP11120,0.20951,1
NP08528,0.4786,1
NP10951,-0.19494,1
NP03962,0.02002,1
NP05936,-0.65812,1
NP08204,-0.05706,1
NP08996,0.13062,1
NP07496,0.02565,1
NP09370,0.26331,1
NP07908,3.13611,1
NP06403,0.5431,1
NP06054,2.11582,1
NP04810,-0.4377,1
NP11371,-1.25161,1
NP07837,-0.08951,1
NP09481,-0.71046,1
NP02239,-0.39684,1
NP07453,0.59775,1
NP04764,-0.01102,1
NP04158,-1.00372,1
NP06987,-0.99693,1
NP01433,0.95601,1
NP04534,1.75509,1
NP07086,1.97084,1
NP05516,-0.56442,1
NP05063,-1.19993,1
NP07269,0.80768,1
NP02755,-0.42107,1
NP05160,-0.49797,1
NP06035,0.90666,1
NP09486,0.18002,1
NP11162,-0.19821,1
NP04918,0.15694,1
NP02297,2.16365,1
NP04799,0.24518,1
NP06246,0.28658,1
NP06774,0.4983,1
NP05423,-0.34015,1
NP05932,0.37549,1
NP06294,-0.33059,1
NP02530,1.35006,1
NP10595,-0.13581,1
NP03760,1.33714,1
NP09525,0.3548,1
NP08660,-1.12404,1
NP07479,-0.20081,1
NP07037,0.34836,1
NP07434,1.41851,1
NP09477,0.69439,1
NP06784,0.14845,1
NP07355,-0.97,1
NP06870,1.86453,1
NP09352,-0.64026,1
NP07707,-0.84376,1
NP09784,-0.31133,1
NP01353,-1.18694,1
NP09887,-0.49705,1
NP04674,-0.07139,1
NP09161,-0.76267,1
NP05120,-1.20186,1
NP05410,-0.16147,1
NP09361,0.06331,1
NP09284,1.89296,1
NP08168,0.49593,1
NP00761,0.68475,1
NP02104,-1.1066,1
NP03207,1.47012,1
NP11365,-1.01508,1
NP02019,0.47425,1
NP02207,-0.40785,1
NP05328,-0.81494,1
NP04642,-1.08204,1
NP07101,0.23713,1
NP07414,-0.53434,1
NP00909,0.42256,1
NP08937,0.5544,1
NP07140,0.55791,1
NP07351,0.87517,1
NP07928,-1.25903,1
NP09752,-0.57282,1
NP10729,2.04634,1
NP10907,0.14098,1
NP10303,0.32285,1
NP03765,1.19397,1
NP09802,1.71576,1
NP03485,1.40055,1
NP02446,-0.47086,1
NP07268,0.9262,1
NP07668,1.15938,1
NP04708,-0.76733,1
NP05887,1.51957,1
NP09362,-0.26843,1
NP01350,-1.20499,1
NP02533,1.00768,1
NP05110,-0.31457,1
NP04072,1.31887,1
NP06286,1.45874,1
NP05525,0.74092,1
NP08523,2.20571,1
NP09921,-1.07054,1
NP07040,1.11431,1
NP01821,1.3148,1
NP09789,-0.33651,1
NP00034,-1.053,1
NP07665,0.60716,1
NP06185,-0.43397,1
NP07813,0.31939,1
NP01054,-1.30403,1
NP09908,0.81439,1
NP05451,-0.36938,1
NP08483,1.25047,1
NP00352,-0.61554,1
NP03774,1.21938,1
NP06815,0.17666,1
NP04705,0.59858,1
NP03766,0.71597,1
NP11075,-0.521,1
NP04789,1.04969,1
NP09791,-0.26765,1
NP06287,-0.03718,1
NP08651,1.91299,1
NP06344,-0.35367,1
NP07954,1.73955,1
NP10623,0.50973,1
NP04197,0.44895,1
NP08666,-0.51576,1
NP02281,0.52308,1
NP02028,-0.27492,1
NP05644,1.01106,1
NP02242,-0.99239,1
NP07290,0.42362,1
NP04798,1.10879,1
NP06231,-0.16516,1
NP07262,0.60253,1
NP07626,2.61886,1
NP08057,3.88066,1
NP06826,-0.66497,1
NP07336,0.9169,1
NP04359,0.72793,1
NP05295,-0.44103,1
NP04666,-0.392,1
NP06429,-0.20577,1
NP07720,0.45455,1
NP01893,1.07025,1
NP07432,-0.79213,1
NP08838,1.63853,1
NP07048,2.30812,1
NP07092,-1.30858,1
NP11347,-1.00296,1
NP03368,0.9138,1
NP06836,-1.32227,1
NP09588,-0.79487,1
NP07359,-0.22273,1
NP05728,1.29541,1
NP02023,-0.56738,1
NP03799,1.47993,1
NP01356,-1.06454,1
NP08565,-0.92599,1
NP06625,0.90384,1
NP05092,-0.38228,1
NP06869,0.68717,1
NP00041,-0.78939,1
NP06243,-0.43244,1
NP11322,-0.88462,1
NP06806,-1.21477,1
NP06903,-0.26735,1
NP10783,1.61547,1
NP02526,2.60787,1
NP09356,-0.51332,1
NP02520,1.268,1
NP01819,0.87101,1
NP06169,-0.84168,1
NP01411,-1.39951,1
NP01226,-0.29406,1
NP01741,-0.54079,1
NP07230,-0.96283,1
NP01768,-1.15554,1
NP10810,0.03958,1
NP02079,0.0825,1
NP02177,0.42317,1
NP04276,-0.336,1
NP08176,-0.57273,1
NP04628,-0.3452,1
NP04221,0.80002,1
NP01529,0.39736,1
NP09265,-0.32573,1
NP10292,0.70347,1
NP02816,0.39117,1
NP01352,-0.83277,1
NP08544,-0.19401,1
NP11369,-0.84799,1
NP06971,2.72758,1
NP03791,-0.38411,1
NP07383,-0.2397,1
NP07439,1.10234,1
NP01250,-0.58165,1
NP01533,-0.16044,1
NP05506,-0.71366,1
NP08518,0.4124,1
NP07575,-0.0369,1
NP02125,1.17895,1
NP09051,1.07827,1
NP08487,0.5948,1
NP01898,-1.38848,1
NP03523,3.18956,1
NP07577,1.49614,1
NP01295,-0.02756,1
NP02584,-1.08996,1
NP06557,-0.6526,1
NP08704,1.57459,1
NP03762,0.96201,1
NP01775,0.32508,1
NP06703,-0.60488,1
NP08253,-0.55743,1
NP06706,-1.12068,1
NP09779,-0.25701,1
NP06981,-0.92317,1
NP04814,0.84764,1
NP07571,0.16982,1
NP06573,-1.05558,1
NP01420,2.92095,1
NP08587,0.97519,1
NP03846,-0.62175,1
NP09154,-1.03569,1
NP04206,-0.40928,1
NP05003,0.09264,1
NP07241,0.53708,1
NP07494,-0.60707,1
NP01247,-1.24235,1
NP07861,0.8384,1
NP02789,0.03281,1
NP06857,1.49797,1
NP01386,-0.59051,1
NP06420,-1.10812,1
NP08245,-0.98207,1
NP06575,-0.78865,1
NP07273,1.56113,1
NP06252,0.30446,1
NP09210,-1.28825,1
NP07421,0.78989,1
NP08446,2.27171,1
NP06432,0.29179,1
NP09755,0.4316,1
NP04054,1.32139,1
NP00885,1.06206,1
NP03057,-0.478,1
NP04287,-0.93933,1
NP07623,0.35641,1
NP07387,2.63713,1
NP01494,-0.69029,1
NP05413,0.46682,1
NP04195,-0.50753,1
NP03592,1.00034,1
NP09722,2.48319,1
NP02008,-0.51074,1
NP02984,-0.87194,1
NP05732,0.29106,1
NP08167,1.34944,1
NP06962,1.24483,1
NP01695,-1.35582,1
NP05218,-0.88946,1
NP04802,0.02034,1
NP06862,1.3154,1
NP03744,2.03102,1
NP08202,1.62721,1
NP05004,-0.61241,1
NP10833,1.63963,1
NP05208,0.24661,1
NP01752,-0.85079,1
NP02251,3.53063,1
NP09152,-1.46081,1
NP01292,-0.25747,1
NP06275,0.83075,1
NP09386,0.92395,1
NP07274,1.28952,1
NP07232,2.62483,1
NP08056,1.96327,1
NP02561,-0.46125,1
NP07940,0.4867,1
NP02883,-0.42152,1
NP08546,0.13289,1
NP05089,0.19443,1
NP03759,0.80138,1
NP06758,-1.23395,1
NP11314,0.36287,1
NP03367,-0.51659,1
NP09774,-0.35415,1
NP01528,0.12145,1
NP01731,-0.13119,1
NP01535,-0.20338,1
NP04211,-0.52484,1
NP05642,1.08419,1
NP05184,-0.70251,1
NP04629,-1.44412,1
NP06902,0.61007,1
NP06823,-0.01337,1
NP09803,1.62204,1
NP01323,-0.48587,1
NP03420,2.35691,1
NP03500,-0.33475,1
NP04372,0.43733,1
NP00804,1.26237,1
NP00052,0.70307,1
NP04822,-0.21483,1
NP04668,-1.31845,1
NP04716,1.06387,1
NP01901,-0.84612,1
NP06751,-0.28226,1
NP01483,-0.66996,1
NP01036,0.02356,1
NP01104,0.32569,1
NP06288,0.66438,1
NP04658,-0.63197,1
NP07081,1.97758,1
NP05991,1.34781,1
NP01733,2.46606,1
NP09655,-0.87649,1
NP08571,-0.12207,1
NP10815,0.23707,1
NP06996,0.93632,1
NP00805,0.76262,1
NP06921,-0.10923,1
NP06419,-1.05363,1
NP02694,0.23416,1
NP06307,0.06853,1
NP06406,-0.37907,1
NP05169,0.45945,1
NP05236,-1.25704,1
NP05768,0.75642,1
NP06636,0.6668,1
NP08573,1.72372,1
NP08547,-1.12886,1
NP11283,0.13247,1
NP08606,0.4753,1
NP08081,1.11597,1
NP04273,0.96333,1
NP09580,-1.15662,1
NP01484,-0.89641,1
NP01249,-0.65723,1
NP09891,0.06753,1
NP07407,0.63644,1
NP04362,0.85711,1
NP05197,-0.80474,1
NP06313,0.67014,1
NP00714,0.16392,1
NP07718,-0.05851,1
NP02640,0.91325,1
NP08455,0.96774,1
NP08580,0.37106,1
NP09912,0.06864,1
NP10736,0.63187,1
NP08878,0.68601,1
NP06311,0.00351,1
NP07012,0.21521,1
NP08430,1.53219,1
NP10370,3.00732,1
NP02602,0.11371,1
NP02971,1.09602,1
NP02108,-0.6669,1
NP06879,-0.81459,1
NP01248,-0.91747,1
NP11334,-0.95989,1
NP04384,-0.46932,1
NP05921,3.52315,1
NP02026,-0.33333,1
NP04052,2.10852,1
NP10757,2.79876,1
NP00032,-1.10311,1
NP06350,-0.88206,1
NP04300,-0.7709,1
NP07879,0.28042,1
NP07628,1.62069,1
NP10725,1.49382,1
NP04981,0.48221,1
NP07459,-0.06802,1
NP04344,-0.02984,1
NP00953,0.31457,1
NP06977,0.40775,1
NP01426,2.16867,1
NP04701,-0.83542,1
NP07826,-0.34565,1
NP06985,-0.3959,1
NP05220,0.79632,1
NP08261,3.30146,1
NP07074,-0.48198,1
NP02467,3.94228,1
NP04788,-0.21409,1
NP06026,1.81616,1
NP07663,1.25921,1
NP05437,1.85322,1
NP07412,-1.1383,1
NP11344,-1.02656,1
NP03637,0.55002,1
NP04728,0.75411,1
NP07812,-0.87095,1
NP05024,0.40841,1
NP01709,0.72267,1
NP11285,-1.26835,1
NP07339,0.10049,1
NP11277,-1.33183,1
NP07899,1.78571,1
NP07409,0.38971,1
NP07545,-0.88413,1
NP06924,0.85178,1
NP07075,-0.74774,1
NP02817,-0.28936,1
NP02939,-0.00037,1
NP01022,0.09636,1
NP06306,-0.32464,1
NP06666,0.71117,1
NP06871,1.47199,1
NP08549,-0.97461,1
NP06244,0.47601,1
NP01990,0.91443,1
NP01191,0.21442,1
NP01499,-1.15165,1
NP02442,0.13903,1
NP05191,1.41692,1
NP01742,-1.01905,1
NP06910,-0.49573,1
NP06710,-0.52219,1
NP04686,0.49355,1
NP07666,0.53315,1
NP10291,-0.32251,1
NP08767,1.08935,1
NP07348,1.16037,1
NP07474,0.86441,1
NP06622,0.2317,1
NP04635,-1.16562,1
NP10080,0.92161,1
NP03078,-0.17523,1
NP02599,-0.34729,1
NP06785,0.61273,1
NP01571,0.36805,1
NP01568,0.93119,1
NP05802,-1.23992,1
NP08617,0.32827,1
NP04231,0.64593,1
NP04884,1.26508,1
NP02940,0.59068,1
NP01777,0.6879,1
NP05394,-0.39954,1
NP02547,-0.05661,1
NP07926,-0.962,1
NP07909,0.52894,1
NP09535,0.45928,1
NP00792,-0.26447,1
NP01299,1.11624,1
NP11401,-1.37345,1
NP06352,-0.99281,1
NP03786,0.34564,1
NP06901,0.46922,1
NP11047,2.66494,1
NP09986,1.28759,1
NP08988,-1.43963,1
NP09933,-0.76813,1
NP06304,-0.04738,1
NP07275,-0.56204,1
NP01865,-0.20252,1
NP06569,0.47077,1
NP02884,1.41,1
NP00963,-0.81155,1
NP07179,2.01494,1
NP09336,-0.00447,1
NP10752,2.54805,1
NP04715,0.83901,1
NP09439,-1.4592,1
NP01359,-0.83572,1
NP07224,-0.07095,1
NP07167,-0.37726,1
NP05478,3.59083,1
NP04711,1.26256,1
NP09658,-0.6671,1
NP02007,-1.21544,1
NP04352,-0.80174,1
NP05470,-0.21302,1
NP01290,1.03605,1
NP02074,-0.85904,1
NP01735,-1.10019,1
NP11305,-1.35127,1
NP07495,-0.8551,1
NP10593,0.11073,1
NP03840,3.02196,1
NP00002,-0.01496,1
NP10305,-0.93054,1
NP10274,-0.96343,1
NP05164,-0.52053,1
NP07609,-0.53507,1
NP11303,-0.6227,1
NP09756,0.60147,1
NP02692,-0.96313,1
NP02701,-0.27627,1
NP04768,1.91415,1
NP09527,-0.8493,1
NP08706,3.89701,1
NP08540,-0.78745,1
NP00936,0.52892,1
NP05697,-0.73764,1
NP00648,2.94341,1
NP11033,0.83564,1
NP06167,-0.13998,1
NP08769,0.59242,1
NP04403,0.68607,1
NP06568,0.86972,1
NP01734,-0.6383,1
NP10596,-0.11176,1
NP04653,0.14466,1
NP05247,-0.65068,1
NP05117,-0.33479,1
NP00023,-1.21843,1
NP06906,0.69031,1
NP03639,0.50663,1
NP09868,0.4331,1
NP01674,-0.7874,1
NP11020,0.54931,1
NP02603,-0.19923,1
NP07633,0.69908,1
NP08511,1.18285,1
NP07054,0.19474,1
NP07643,0.66552,1
NP11179,-0.48893,1
NP01673,-0.67625,1
NP06966,0.56803,1
NP07418,1.14797,1
NP09936,0.52917,1
NP04770,2.01264,1
NP09132,-0.56314,1
NP08375,-0.44721,1
NP01754,-0.59991,1
NP08312,1.31068,1
NP07670,-0.8254,1
NP01618,0.91497,1
NP06591,1.11258,1
NP02843,0.36129,1
NP02646,-0.51388,1
NP06872,0.33672,1
NP08429,0.55482,1
NP04293,0.07266,1
NP02027,-0.93683,1
NP07794,-0.47752,1
NP07491,0.61131,1
NP06866,0.52561,1
NP07941,-0.12174,1
NP10923,-0.22706,1
NP07443,-0.39786,1
NP07634,-0.06457,1
NP01455,2.65364,1
NP10719,3.48641,1
NP00927,0.35839,1
NP10664,0.96922,1
NP09364,-0.66703,1
NP06632,0.3144,1
NP05107,1.06523,1
NP05858,-0.25341,1
NP04088,-0.50637,1
NP07667,-0.69921,1
NP03469,0.46219,1
NP05651,-1.19055,1
NP09797,0.59046,1
NP03273,-0.15865,1
NP01808,0.4894,1
NP07331,0.95633,1
NP05131,0.1055,1
NP01851,1.19041,1
NP08997,-0.62979,1
NP09782,-1.0249,1
NP00713,-0.41014,1
NP08201,-0.40563,1
NP07511,0.75429,1
NP07051,0.52413,1
NP09843,0.84641,1
NP01301,-0.29625,1
NP07261,0.11026,1
NP01252,-0.14046,1
NP10814,0.55238,1
NP05401,1.73579,1
NP05188,-0.58399,1
NP10688,1.14686,1
NP07238,-0.57592,1
NP03785,-0.14292,1
NP06943,-0.43723,1
NP05275,-0.18801,1
NP03782,-0.8706,1
NP05179,0.82174,1
NP04067,2.13982,1
NP07362,-0.82782,1
NP00912,-0.70704,1
NP03507,4.13767,1
NP04632,0.77765,1
NP01046,0.24689,1
NP10089,-1.33023,1
NP09045,-1.16443,1
NP01170,1.78129,1
NP02967,0.95508,1
NP01397,3.79913,1
NP00067,-0.28825,1
NP09396,1.55408,1
NP06122,1.02505,1
NP06750,-0.05246,1
NP04975,-0.25221,1
NP01480,-0.86978,1
NP03477,0.40836,1
NP06968,-1.1644,1
NP06305,-0.99421,1
NP05151,-1.15846,1
NP06646,1.14445,1
NP07592,1.17726,1
NP10836,1.23428,1
NP10655,1.62771,1
NP10811,-0.56033,1
NP11290,-0.80054,1
NP08434,1.8649,1
NP01225,0.93137,1
NP09849,-0.59662,1
NP03521,4.3572,1
NP04836,0.5411,1
NP04757,-0.08485,1
NP05800,1.68978,1
NP06140,3.45066,1
NP00578,-0.98784,1
NP02794,0.93552,1
NP01730,-0.05691,1
NP06089,2.77439,1
NP08299,0.80041,1
NP11313,0.30451,1
NP02909,-0.44344,1
NP07951,-0.93866,1
NP08778,0.67172,1
NP00899,1.55578,1
NP11107,-1.4586,1
NP01298,1.15445,1
NP03495,1.0232,1
NP05812,1.54883,1
NP01756,-0.55489,1
NP00790,1.51511,1
NP11255,-1.04527,1
NP04412,0.15422,1
NP03780,2.58787,1
NP06372,-1.15013,1
NP03668,2.15854,1
NP09711,-0.69315,1
NP10371,-0.5786,1
NP06093,1.92085,1
NP06692,-0.15736,1
NP09506,0.4433,1
NP07891,0.14438,1
NP09358,0.21013,1
NP05226,0.57398,1
NP09346,-0.22277,1
NP01622,-0.75665,1
NP05957,3.43124,1
NP05059,-1.25128,1
NP10652,2.7986,1
NP11150,-0.67503,1
NP01293,0.20098,1
NP02527,1.37413,1
NP01519,1.75359,1
NP07284,0.18907,1
NP04459,-0.43175,1
NP04693,0.25664,1
NP03479,0.79851,1
NP02862,-0.25066,1
NP00755,0.24202,1
NP07795,-0.95467,1
NP08588,0.4977,1
NP09316,-0.39507,1
NP06331,1.00426,1
NP06334,1.95079,1
NP04241,-0.81474,1
NP05126,-0.05592,1
NP01257,0.06787,1
NP05476,0.36165,1
NP11325,-0.20686,1
NP05685,2.46421,1
NP06421,1.56107,1
NP10632,-0.60007,1
NP08234,2.39264,1
NP00816,2.27103,1
NP09425,-0.72766,1
NP04226,1.16831,1
NP05118,0.31599,1
NP06833,-0.22929,1
NP02512,-0.64027,1
NP07204,0.7126,1
NP07097,0.18179,1
NP03243,-0.62098,1
NP07647,0.83565,1
NP02151,0.75803,1
NP05505,-0.59784,1
NP09430,0.07226,1
NP08550,-1.00059,1
NP05710,-0.52133,1
NP04627,-0.61435,1
NP05857,1.95367,1
NP02798,0.43248,1
NP01463,0.89241,1
NP08440,1.40906,1
NP05125,-0.58014,1
NP02516,-0.19979,1
NP08488,1.49771,1
NP07435,2.08894,1
NP05161,-0.76324,1
NP01753,0.29898,1
NP07386,-1.02949,1
NP01780,0.85948,1
NP02795,1.93978,1
NP06822,-1.12244,1
NP03585,0.72767,1
NP01787,1.05678,1
NP09754,-0.41102,1
NP10353,0.1188,1
NP06051,-0.39286,1
NP07544,-1.31213,1
NP02590,-0.68626,1
NP08653,1.21427,1
NP07126,1.21466,1
NP05953,2.75749,1
NP09299,-0.82296,1
NP05755,0.1522,1
NP04443,0.74493,1
NP02567,0.44309,1
NP01899,1.02635,1
NP06697,-0.879,1
NP02899,0.37492,1
NP11102,-1.28913,1
NP08577,0.00694,1
NP05163,-0.78061,1
NP07254,-1.27524,1
NP01737,-0.07386,1
NP06997,-0.59124,1
NP08773,1.10995,1
NP04758,-0.53915,1
NP06993,1.67537,1
NP00915,0.17102,1
NP09273,0.62745,1
NP02146,-0.5396,1
NP04386,-0.06663,1
NP01766,-0.96281,1
NP09159,-1.207,1
NP09213,0.1661,1
NP01354,-0.77122,1
NP07938,-0.29694,1
NP04053,3.52296,1
NP01335,-1.24904,1
NP08478,0.0628,1
NP06594,0.37693,1
NP04031,-0.99948,1
NP02947,1.53912,1
NP10278,-0.92555,1
NP01146,0.35856,1
NP06417,0.33432,1
NP01304,0.95706,1
NP01346,-0.72966,1
NP06649,-0.23489,1
NP07354,0.25631,1
NP04997,0.41875,1
NP04093,0.05729,1
NP07814,1.09435,1
NP01885,0.38598,1
NP00806,0.8378,1
NP00865,0.63356,1
NP09881,0.16932,1
NP09311,0.23697,1
NP02017,0.25509,1
NP08581,-0.87297,1
NP09916,-0.72254,1
NP06427,-0.12845,1
NP00053,0.55181,1
NP09298,-0.57766,1
NP09909,-0.78,1
NP09305,-0.24959,1
NP00055,-0.2766,1
NP07581,0.19699,1
NP04791,-1.08365,1
NP10722,1.20196,1
NP01206,1.16538,1
NP10091,0.51651,1
NP09288,-0.09482,1
NP07572,-0.59063,1
NP07044,1.90505,1
NP05097,-0.48082,1
NP02172,1.8163,1
NP05452,-0.76537,1
NP07391,-0.88935,1
NP01524,-0.21739,1
NP06691,-0.30618,1
NP06044,1.08077,1
NP05496,1.36845,1
NP09313,0.39174,1
NP06410,-0.6536,1
NP07468,-1.03871,1
NP00035,-0.85561,1
NP05891,0.38636,1
NP05940,0.19948,1
NP06905,-0.65829,1
NP09733,-0.0356,1
NP06576,-0.59815,1
NP05103,-0.55385,1
NP08976,-0.92263,1
NP05219,-0.52611,1
NP03724,-0.31462,1
NP07903,-0.14938,1
NP03808,0.32125,1
NP09491,0.99561,1
NP08146,2.48583,1
NP00036,-0.56691,1
NP05199,-0.59766,1
NP03163,0.2536,1
NP04650,-0.91318,1
NP11008,0.44167,1
NP07003,0.95744,1
NP00924,-0.14056,1
NP05839,1.84114,1
NP05204,-0.29163,1
NP07579,0.22867,1
NP09785,-0.63274,1
NP09420,0.96559,1
NP07631,0.97307,1
NP04964,0.20681,1
NP07116,2.40869,1
NP08515,1.95865,1
NP08956,1.67367,1
NP02519,-0.41384,1
NP02016,-0.00922,1
NP10717,2.99389,1
NP10733,-0.77173,1
NP07380,3.45731,1
NP07165,0.17065,1
NP02588,-1.04548,1
NP07446,0.26389,1
NP05203,0.80517,1
NP06302,0.06216,1
NP02544,-0.31026,1
NP05885,-0.55608,1
NP07255,1.14345,1
NP06984,-0.7063,1
NP06059,0.55261,1
NP06835,-1.28999,1
NP08604,0.65263,1
NP09164,-0.28664,1
NP11108,-1.17514,1
NP05096,-0.50477,1
NP04406,0.67713,1
NP05890,0.88953,1
NP07464,-0.05607,1
NP06418,-0.26097,1
NP08246,-0.44826,1
NP04291,0.30515,1
NP07463,-0.71355,1
NP08426,1.28778,1
NP07447,4.98234,1
NP07562,-0.57173,1
NP07080,1.89786,1
NP11340,-0.9964,1
NP01384,-0.7819,1
NP06184,-0.94387,1
NP08799,1.30766,1
NP09363,-0.56678,1
NP10995,1.75792,1
NP02542,-0.16988,1
NP09790,-0.74135,1
NP06660,1.1902,1
NP04630,-0.65669,1
NP05227,-0.21779,1
NP08585,0.20368,1
NP07536,0.79561,1
NP05264,-0.35346,1
NP01550,1.64015,1
NP02268,-0.33412,1
NP03567,2.17821,1
NP07927,-0.80998,1
NP10821,-1.01102,1
NP11378,-1.17556,1
NP01970,0.41335,1
NP09878,-0.4278,1
NP09055,0.35929,1
NP00501,-0.50558,1
NP09046,-0.3875,1
NP05709,-0.1991,1
NP07637,0.00258,1
NP04702,-0.81327,1
NP04737,0.64794,1
NP04841,0.52772,1
NP06128,0.13499,1
NP05852,-0.40149,1
NP01900,0.14692,1
NP06994,-0.42179,1
NP04186,2.08227,1
NP01527,0.24062,1
NP01909,-0.5888,1
NP07415,1.28357,1
NP06792,-0.49528,1
NP10974,-0.127,1
NP07583,-0.04799,1
NP07371,1.0503,1
NP01477,-0.11986,1
NP05189,0.80228,1
NP04808,-0.7394,1
NP06991,0.34856,1
NP07485,-1.07407,1
NP10277,-1.19297,1
NP08602,0.38649,1
NP09874,0.35976,1
NP06988,-0.87933,1
NP06963,-1.20624,1
NP04290,-0.10257,1
NP05529,0.46961,1
NP01800,1.65395,1
NP02465,2.52112,1
NP06689,-1.29468,1
NP05538,0.29574,1
NP06810,-0.61836,1
NP04840,-0.45854,1
NP01004,0.13743,1
NP04227,0.71615,1
NP08698,1.002,1
NP10275,-0.86901,1
NP02941,-1.25145,1
NP02799,1.86146,1
NP10758,2.72648,1
NP06864,-0.56713,1
NP01531,-0.02035,1
NP03465,0.33098,1
NP07151,-0.87523,1
NP08520,1.95237,1
NP06719,-0.64387,1
NP01919,0.43234,1
NP07436,-1.04611,1
NP07010,1.25033,1
NP07259,0.1343,1
NP06892,-0.29974,1
NP05664,-0.98365,1
NP06894,-0.44334,1
NP01306,0.56662,1
NP06720,-1.15943,1
NP06837,0.05598,1
NP08806,0.62318,1
NP01749,0.20393,1
NP11205,-1.16342,1
NP09880,-0.18427,1
NP05123,-0.23256,1
NP10933,1.21344,1
NP05354,0.21153,1
NP01223,0.9486,1
NP01138,3.86848,1
NP05154,-0.84263,1
NP08526,-0.18325,1
NP09667,-0.24544,1
NP06118,-0.30988,1
NP05742,-0.51931,1
NP06677,0.2512,1
NP11286,-0.76005,1
NP06301,-1.08272,1
NP04868,1.20339,1
NP01195,-0.92641,1
NP01284,3.15175,1
NP03373,0.1598,1
NP03428,1.58223,1
NP04640,-0.76946,1
NP02258,1.52544,1
NP01255,0.57357,1
NP07554,-0.96301,1
NP05090,-0.73676,1
NP07573,0.17206,1
NP08244,-1.48214,1
NP09586,0.39513,1
NP11235,-0.39496,1
NP07365,1.44414,1
NP01727,1.1016,1
NP03041,-0.81409,1
NP02492,-1.05862,1
NP01748,-0.05393,1
NP07444,-1.18331,1
NP04679,-0.00959,1
NP07252,0.03606,1
NP07322,-0.76237,1
NP01651,1.15685,1
NP02102,-0.75261,1
NP07382,1.5739,1
NP04157,-0.28082,1
NP05537,-0.6129,1
NP05939,0.01082,1
NP09635,-0.1733,1
NP07011,0.58899,1
NP04746,0.34015,1
NP01324,0.14414,1
NP09694,-0.53282,1
NP08579,-0.92773,1
NP01245,-0.13094,1
NP00064,0.12891,1
NP09599,-0.35166,1
NP00786,-0.29629,1
NP09955,-0.6876,1
NP09419,-0.80856,1
NP11297,-0.47785,1
NP08659,0.4042,1
NP04759,0.47898,1
NP02928,-1.26545,1
NP06187,-0.1129,1
NP07249,-1.1039,1
NP01211,-0.37397,1
NP00028,-0.85295,1
NP04778,0.05915,1
NP11356,-0.74506,1
NP10734,-0.79264,1
NP07725,-0.79936,1
NP06332,0.18135,1
NP09165,-1.35946,1
NP05922,-0.47141,1
NP02270,-0.86103,1
NP08051,2.95557,1
NP02531,0.79983,1
NP07551,-0.56024,1
NP06347,-0.05134,1
NP06114,-1.24887,1
NP06967,-0.54191,1
NP06952,2.75986,1
NP05468,0.25969,1
NP06353,-1.06464,1
NP04665,-0.45381,1
NP10778,2.65084,1
NP09418,-1.25234,1
NP01833,0.84615,1
NP07912,-1.27488,1
NP04437,1.54995,1
NP06830,-0.43761,1
NP10703,0.55427,1
NP07278,1.5653,1
NP10782,-0.27115,1
NP11066,-1.09835,1
NP01282,2.8349,1
NP07559,-0.61151,1
NP04690,-0.7491,1
NP07966,-0.09598,1
NP03545,0.45929,1
NP05174,0.68365,1
NP04915,-0.50922,1
NP08009,0.10058,1
NP01501,-0.70739,1
NP10658,2.80784,1
NP01803,0.10519,1
NP01675,-0.13778,1
NP01773,1.29766,1
NP10629,2.93215,1
NP07403,-1.47742,1
NP00045,0.32112,1
NP07590,2.37681,1
NP10820,0.57354,1
NP06916,0.90487,1
NP02370,-0.07662,1
NP00030,-1.27,1
NP05094,2.31158,1
NP02705,0.58232,1
NP09876,0.56477,1
NP01655,0.43733,1
NP10801,5.37431,1
NP11368,-0.73683,1
NP04769,2.78694,1
NP06623,0.67373,1
NP09786,-0.09608,1
NP04447,0.2798,1
NP03783,0.56207,1
NP08632,-0.79806,1
NP04826,-1.00513,1
NP07067,0.66423,1
NP07123,-0.64432,1
NP01828,1.16771,1
NP10797,1.50014,1
NP06831,-0.30716,1
NP02828,3.6131,1
NP09348,0.85555,1
NP02809,0.07135,1
NP02525,1.2524,1
NP04922,-0.21343,1
NP00889,3.31359,1
NP11361,-1.05366,1
NP04306,-0.58916,1
NP09885,-0.82866,1
NP05937,-0.63951,1
NP01883,-1.42541,1
NP04731,1.93983,1
NP10649,4.29151,1
NP11370,-0.9378,1
NP01013,-0.57617,1
NP00866,0.88868,1
NP05267,4.25047,1
NP03801,0.21924,1
NP06346,-0.40821,1
NP09261,-0.48637,1
NP02578,-1.41753,1
NP06426,-0.18185,1
NP09795,-0.49329,1
NP06234,-0.63194,1
NP10348,-0.75128,1
NP07400,0.22234,1
NP04879,0.64426,1
NP04371,-0.43182,1
NP07646,1.05163,1
NP04039,1.99797,1
NP03763,0.79867,1
NP05683,-0.41545,1
NP04303,-0.59392,1
NP05073,-1.08965,1
NP09133,-0.57579,1
NP09042,-0.95003,1
NP02010,0.33664,1
NP06873,1.87513,1
NP06593,0.37702,1
NP08671,-1.16916,1
NP04920,-0.79967,1
NP09041,-0.52965,1
NP09592,-0.58877,1
NP03644,1.97393,1
NP09069,0.38857,1
NP07935,0.37359,1
NP05663,4.2012,1
NP05893,1.73918,1
NP01822,1.15222,1
NP07561,-0.77854,1
NP07807,0.13911,1
NP06559,-1.12126,1
NP06934,-0.82164,1
NP05791,0.09373,1
NP06207,-0.23323,1
NP05666,-0.12822,1
NP07406,-0.02773,1
NP01813,1.34412,1
NP09044,-1.12931,1
NP08271,1.10213,1
NP04229,0.80483,1
NP05198,-0.27872,1
NP07318,0.07731,1
NP10735,-0.24513,1
NP09662,-0.5431,1
NP07342,-0.04905,1
NP07153,-0.93298,1
NP07134,-0.49356,1
NP05181,-0.91246,1
NP01186,1.24492,1
NP08248,-1.14667,1
NP02917,1.14598,1
NP04646,-0.72794,1
NP07467,0.01843,1
NP07096,-0.84914,1
NP11064,-0.87543,1
NP03761,0.58609,1
NP07155,-0.93729,1
NP06909,-0.18458,1
NP08846,1.68289,1
NP04940,0.30464,1
NP03800,2.53339,1
NP08593,-0.01113,1
NP02943,0.19304,1
NP02587,-1.0893,1
NP06657,0.89435,1
NP09845,-0.45667,1
NP09888,-0.08959,1
NP11399,-0.82482,1
NP07335,0.16185,1
NP01820,1.48602,1
NP05185,0.97053,1
NP09901,2.41817,1
NP09899,-0.52808,1
NP07177,2.24746,1
NP07968,-0.29451,1
NP03028,-0.98436,1
NP11069,0.5744,1
NP07138,-0.89425,1
NP09927,-0.82275,1
NP06880,-1.0671,1
NP02061,2.5533,1
NP07955,-0.43492,1
NP02234,1.31277,1
NP04032,0.12423,1
NP03458,1.82852,1
NP03805,-0.81378,1
NP07021,1.05742,1
NP07937,-0.21922,1
NP02162,0.25788,1
NP01817,0.49785,1
NP09350,-0.17225,1
NP07077,2.45654,1
NP11323,-0.50581,1
NP04783,-0.49726,1
NP04803,0.21369,1
NP06923,1.63574,1
NP04694,0.18747,1
NP01905,-0.21646,1
NP07102,2.20971,1
NP04220,0.454,1
NP06794,0.2552,1
NP06193,-0.65747,1
NP11352,-0.90579,1
NP07659,0.46564,1
NP07217,2.16089,1
NP06221,0.66616,1
NP02644,1.21325,1
NP04807,-0.15573,1
NP08519,1.74899,1
NP07423,-0.30665,1
NP03854,-0.02388,1
NP05739,-0.44153,1
NP07825,0.27422,1
NP06922,-0.97569,1
NP11149,-0.71902,1
NP07969,1.60649,1
NP03476,0.84437,1
NP11398,-0.69309,1
NP06078,1.88703,1
NP05764,2.42319,1
NP00850,-0.30007,1
NP03810,-0.33503,1
NP07095,1.07435,1
NP05540,-1.00269,1
NP05514,-0.63339,1
NP06895,-0.91666,1
NP10723,2.3127,1
NP09536,-0.79742,1
NP00776,0.62634,1
NP03795,0.14195,1
NP09906,-0.13344,1
NP11106,-1.08309,1
NP05789,-0.35436,1
NP08721,1.05483,1
NP10756,2.54501,1
NP02949,-0.03582,1
NP08551,-0.92597,1
NP11076,2.62827,1
NP06084,0.72385,1
NP04661,-0.99705,1
NP06696,-0.16587,1
NP07706,-0.36896,1
NP09301,-0.17731,1
NP05130,-0.71756,1
NP07932,-0.9759,1
NP05743,-0.32659,1
NP07455,0.61561,1
NP10630,0.16097,1
NP04767,0.46433,1
NP04424,0.12125,1
NP09415,0.66818,1
NP05023,-0.32633,1
NP06998,2.63999,1
NP01307,-1.19436,1
NP08712,1.22581,1
NP11360,-0.87613,1
NP05225,0.42496,1
NP07337,0.64291,1
NP01339,-0.88611,1
NP11366,-0.3677,1
NP06570,-0.09674,1
NP08080,0.9266,1
NP04210,-0.91954,1
NP01536,0.53612,1
NP06072,1.53397,1
NP05037,-0.90228,1
NP07292,-1.32894,1
NP07808,-0.46719,1
NP02911,0.76981,1
NP06400,-0.55728,1
NP04286,-0.44728,1
NP11078,-0.36229,1
NP11251,-1.33941,1
NP06545,-0.05197,1
NP09337,-0.81563,1
NP07166,-0.19766,1
NP07429,-0.56961,1
NP06898,-0.43254,1
NP07272,1.48934,1
NP03716,-0.5681,1
NP07236,0.67152,1
NP01400,0.51203,1
NP06964,1.16764,1
NP06749,0.02172,1
NP04811,-1.13063,1
NP04871,0.62385,1
NP05088,-0.0471,1
NP09695,-0.31475,1
NP07591,-0.71435,1
NP07242,0.49827,1
NP07679,-0.87221,1
NP05172,0.44086,1
NP04180,2.3457,1
NP10812,-0.32488,1
NP06711,-1.17126,1
NP05166,-0.55158,1
NP04870,0.09165,1
NP09204,0.16027,1
NP09659,0.0374,1
NP05202,-0.51946,1
NP00048,-0.02642,1
NP07546,-0.20501,1
NP01832,1.48997,1
NP00037,-1.20278,1
NP05034,-0.7026,1
NP08700,0.86464,1
NP07017,-0.46888,1
NP03208,1.06102,1
NP03601,0.93051,1
NP03600,-0.21509,1
NP06150,-1.31404,1
NP01244,-0.46293,1
NP09110,-0.06189,1
NP01724,-0.28992,1
NP09018,-0.44706,1
NP00759,-0.40701,1
NP10994,1.12592,1
NP03491,0.68944,1
NP02643,2.74162,1
NP06920,0.94436,1
NP02813,0.5414,1
NP09675,-0.88227,1
NP08186,3.65592,1
NP09661,-0.59028,1
NP06409,0.2961,1
NP10955,1.29912,1
NP07000,-0.1396,1
NP03950,-1.01768,1
NP06296,1.24057,1
NP09593,-0.63813,1
NP07076,-0.11866,1
NP04651,-0.16952,1
NP05395,1.03526,1
NP09053,-0.67729,1
NP01746,0.01878,1
NP09714,-0.45113,1
NP03828,2.48694,1
NP04274,-0.0541,1
NP04230,0.965,1
NP08949,0.72958,1
NP05159,0.90648,1
NP09040,-0.75112,1
NP02109,0.94183,1
NP04662,-0.77479,1
NP01801,1.12433,1
NP00905,-0.31042,1
NP08575,-0.36372,1
NP07596,0.1527,1
NP08465,1.39229,1
NP08609,-0.06251,1
NP01678,-0.66874,1
NP09003,-0.11004,1
NP06154,-1.36005,1
NP00784,3.00358,1
NP05724,-0.91164,1
NP08959,1.35098,1
NP00060,0.74993,1
NP03480,1.03895,1
NP05036,0.36982,1
NP08679,0.82898,1
NP02539,1.47997,1
NP09776,0.1832,1
NP05522,-0.98755,1
NP07490,-0.17232,1
NP09798,-0.87464,1
NP04657,-0.46594,1
NP02938,1.98583,1
NP02056,-0.67928,1
NP07936,-0.42337,1
NP05177,-0.20405,1
NP05531,0.14899,1
NP04794,-0.26132,1
NP02447,-0.22447,1
NP05116,-0.53294,1
NP06949,1.09268,1
NP04339,0.05375,1
NP02591,0.29151,1
NP01862,-0.36949,1
NP04631,-0.24484,1
NP06009,4.50013,1
NP07160,-0.05468,1
NP09758,0.55791,1
NP01518,1.47442,1
NP11304,-1.36681,1
NP02691,-1.34611,1
NP09929,-0.08381,1
NP07013,1.07482,1
NP03777,0.56748,1
NP00901,2.88048,1
NP06728,-0.75557,1
NP07809,0.00445,1
NP05687,2.04924,1
NP04200,-1.12526,1
NP09106,0.03198,1
NP06707,-0.14781,1
NP03587,0.25529,1
NP02972,-0.06881,1
NP04949,-0.70345,1
NP00894,-0.57608,1
NP11293,-0.96541,1
NP01891,0.62275,1
NP01968,0.12833,1
NP06844,0.59308,1
NP03887,0.52772,1
NP07578,1.60147,1
NP01924,-1.03195,1
NP04279,-0.34482,1
NP10788,-0.08131,1
NP07550,-0.6369,1
NP09414,1.66027,1
NP09440,-0.06666,1
NP09285,-1.2475,1
NP04649,3.23567,1
NP09904,-0.8273,1
NP01077,-0.6208,1
NP06754,-1.14766,1
NP00710,0.0556,1
NP02003,-1.11275,1
NP00768,0.15151,1
NP08906,-0.19765,1
NP02924,1.94702,1
NP10832,1.70163,1
NP07137,1.22135,1
NP05534,-0.54293,1
NP07640,-0.19538,1
NP00817,-0.42802,1
NP06889,0.63046,1
NP08461,1.2754,1
NP06551,-0.09055,1
NP08512,0.92444,1
NP03756,1.02016,1
NP05838,-0.72402,1
NP08586,0.62995,1
NP11375,-1.18801,1
NP07424,-0.25782,1
NP03768,0.99519,1
NP01068,-0.66141,1
NP09919,-0.82101,1
NP06224,-0.28127,1
NP09052,0.18042,1
NP09792,-0.21742,1
NP01969,0.56097,1
NP06644,-0.56971,1
NP03788,0.16723,1
NP06170,0.80125,1
NP08451,1.73375,1
NP05195,1.99171,1
NP01253,-0.74246,1
NP09764,-0.01226,1
NP01794,0.7896,1
NP06199,2.23549,1
NP07027,0.8408,1
NP05048,-1.19434,1
NP09355,3.65318,1
NP08569,0.82015,1
NP09948,1.01129,1
NP01739,2.39198,1
NP06867,1.78394,1
NP02592,-1.24824,1
NP07063,0.21568,1
NP06411,0.37263,1
NP09353,-0.2151,1
NP08422,1.3954,1
NP01963,0.78547,1
NP06023,-0.71941,1
NP01795,1.25212,1
NP10755,2.82318,1
NP03536,0.70705,1
NP01357,0.56127,1
NP10350,-1.13454,1
NP04363,-0.81337,1
NP02596,0.13817,1
NP06954,-1.41737,1
NP08265,1.14002,1
NP08542,-0.97859,1
NP04817,0.50066,1
NP04755,0.35326,1
NP02645,0.32482,1
NP08568,0.15281,1
NP11395,-1.10139,1
NP03089,1.8524,1
NP06055,1.80002,1
NP10256,-0.03979,1
NP09683,-0.82784,1
NP07030,-0.29034,1
NP11358,-0.87385,1
NP05020,-0.95303,1
NP10383,1.67464,1
NP04756,-1.05418,1
NP00800,0.69504,1
NP08622,0.53619,1
NP07196,-1.39949,1
NP08262,1.77046,1
NP06079,1.92037,1
NP08454,0.68286,1
NP01178,2.71329,1
NP05536,-0.88101,1
NP06161,3.62798,1
NP10819,-0.59026,1
NP05843,1.553,1
NP06165,-0.39235,1
NP08458,0.21302,1
NP01784,0.77897,1
NP07687,0.3732,1
NP09591,0.36925,1
NP09590,-0.47349,1
NP06235,-0.57698,1
NP06845,1.16793,1
NP09827,1.97104,1
NP04734,0.20053,1
NP01409,-0.84311,1
NP07493,-0.23362,1
NP09371,0.15834,1
NP05493,-0.21925,1
NP11362,-0.95191,1
NP05043,-1.13609,1
NP01743,0.26196,1
NP06299,-0.25288,1
NP02344,0.81198,1
NP05105,0.20377,1
NP04050,1.87932,1
NP07210,0.45517,1
NP04353,-0.83126,1
NP07705,0.45071,1
NP03124,-1.09229,1
NP07094,0.09435,1
NP01809,0.66648,1
NP02244,2.17342,1
NP11284,-0.19173,1
NP10977,0.34912,1
NP07347,0.13561,1
NP07032,0.52949,1
NP09416,2.26242,1
NP01649,-0.03499,1
NP02696,1.79417,1
NP06667,1.20336,1
NP05106,0.12458,1
NP02684,0.25457,1
NP11031,-0.19018,1
NP06690,-0.50505,1
NP10594,0.34877,1
NP09464,0.81285,1
NP03784,-0.82285,1
NP10358,-0.65002,1
NP05104,-0.95119,1
NP00353,-0.05572,1
NP05380,-0.87903,1
NP09149,-0.27613,1
NP05486,-0.35412,1
NP09475,-0.15198,1
NP06548,-0.6089,1
NP07894,-0.038,1
NP06899,-0.59128,1
NP06989,0.78026,1
NP01474,-0.49779,1
NP01732,-0.37264,1
NP07139,1.76111,1
NP08450,-0.4576,1
NP06693,-1.17396,1
NP03802,0.25494,1
NP08669,-0.61463,1
NP09397,2.40657,1
NP02020,-0.21858,1
NP05856,-0.20841,1
NP06643,-0.59736,1
NP08517,1.94545,1
NP02699,1.29837,1
NP04772,0.28622,1
NP04894,0.88179,1
NP02000,-0.09185,1
NP10786,0.65794,1
NP05756,0.47022,1
NP06348,-0.45364,1
NP04175,-0.79413,1
NP07451,0.35554,1
NP04673,-0.8093,1
NP01621,-0.60995,1
NP07115,1.56058,1
NP01728,-0.26126,1
NP10827,2.35395,1
NP06945,-0.20095,1
NP04304,-0.36541,1
NP04655,0.21569,1
NP07907,2.91371,1
NP08251,-0.86535,1
NP08256,1.27989,1
NP08491,0.01464,1
NP10627,3.18516,1
NP07384,0.01446,1
NP02950,0.59433,1
NP06329,0.83619,1
NP09766,-1.10194,1
NP03418,2.04996,1
NP01193,0.67696,1
NP00954,0.48724,1
NP03522,-0.62449,1
NP01393,-0.93817,1
NP08155,0.01635,1
NP06793,0.20285,1
NP11299,-0.6311,1
NP02846,1.32544,1
NP07240,0.24255,1
NP06550,0.85684,1
NP02650,0.95758,1
NP01241,-1.05308,1
NP08994,-0.15181,1
NP04671,-0.02408,1
NP07228,-0.56953,1
NP09676,-0.17819,1
NP07047,1.23523,1
NP10697,-1.2979,1
NP04795,0.55318,1
NP11300,-0.97699,1
NP04834,0.28788,1
NP03456,2.44817,1
NP04813,0.85058,1
NP04667,-1.32331,1
NP03106,0.84545,1
NP03090,0.16971,1
NP05158,-0.59125,1
NP10646,-0.73999,1
NP04754,1.08257,1
NP02521,2.34492,1
NP07906,1.87759,1
NP01430,1.00881,1
NP01827,2.15982,1
NP05207,0.13613,1
NP05109,-0.74231,1
NP02573,-0.75462,1
NP07893,0.45293,1
NP10031,0.82451,1
NP03832,3.61498,1
NP10352,-0.54658,1
NP08259,2.16444,1
NP00939,-0.693,1
NP09866,0.60814,1
NP10273,-0.79711,1
NP07222,0.13157,1
NP10269,-0.47431,1
NP07419,1.10541,1
NP05322,-1.41195,1
NP01239,-1.09588,1
NP01256,-0.06385,1
NP00775,-0.8004,1
NP02550,-0.01298,1
NP07286,0.28415,1
NP08656,1.312,1
NP05411,-0.31006,1
NP04479,-0.64162,1
NP04765,-0.19772,1
NP01729,0.49042,1
NP10597,-0.51607,1
NP08907,1.01075,1
NP01041,2.50254,1
NP01050,1.09946,1
NP06648,-0.09628,1
NP06333,-0.48527,1
NP06554,-0.07472,1
NP08694,-1.06969,1
NP04355,-0.8287,1
NP11021,1.35162,1
NP05002,-0.52516,1
NP11073,1.28813,1
NP02669,-0.36966,1
NP06890,-0.58478,1
NP11239,0.90576,1
NP04043,2.09168,1
NP10148,-1.09487,1
NP11119,-0.22479,1
NP07913,-1.2934,1
NP02015,0.08804,1
NP04348,-0.78507,1
NP06173,2.153,1
NP03455,1.35778,1
NP07654,-0.35619,1
NP07426,3.26756,1
NP07957,0.74259,1
NP07944,-1.16955,1
NP06195,0.72283,1
NP11068,1.19243,1
NP11294,-0.73146,1
NP01619,0.40112,1
NP06053,-0.32004,1
NP04729,0.70174,1
NP02523,1.17767,1
NP04354,0.17871,1
NP08862,0.53854,1
NP05751,1.97068,1
NP05765,0.86306,1
NP07320,1.87822,1
NP07442,-1.07193,1
NP04846,0.97017,1
NP05818,2.5991,1
NP07356,0.97024,1
NP07448,-0.83312,1
NP04933,-0.04382,1
NP02827,1.97395,1
NP04057,2.60887,1
NP05694,4.02573,1
NP09360,1.1482,1
NP09740,-0.21879,1
NP01198,-0.26496,1
NP07343,2.83658,1
NP09002,-1.04266,1
NP02969,0.66755,1
NP04824,0.55325,1
NP01396,-0.88474,1
NP07148,1.34741,1
NP02543,-1.23573,1
NP04342,-0.46573,1
NP11252,0.06208,1
NP04284,-0.67239,1
NP04250,-1.06416,1
NP07332,-0.29194,1
NP08154,-0.04618,1
NP04916,-0.42544,1
NP07326,0.00904,1
NP03858,0.30664,1
NP04851,-0.08087,1
NP03534,-0.10214,1
NP11301,-0.70881,1
NP00605,-0.18544,1
NP00945,0.72467,1
NP10896,0.46005,1
NP04294,-0.53899,1
NP09869,0.18316,1
NP06877,1.55705,1
NP04917,-0.5549,1
NP08467,1.1761,1
NP06326,0.12255,1
NP00874,-0.67722,1
NP07901,1.8673,1
NP01382,-1.02695,1
NP04367,-0.61336,1
NP08163,1.26694,1
NP04641,0.56099,1
NP11336,-0.08517,1
NP05758,-0.01777,1
NP07469,-0.61193,1
NP06292,1.46975,1
NP08296,0.49028,1
NP00359,-0.65278,1
NP11156,-0.52455,1
NP06049,-1.16126,1
NP11007,2.27884,1
NP04706,0.31582,1
NP05945,0.58495,1
NP02005,-0.79316,1
NP01490,-0.93286,1
NP02962,0.99506,1
NP00769,-0.76066,1
NP04041,1.44432,1
NP06855,-0.85252,1
NP05007,-0.78314,1
NP08783,0.48889,1
NP06941,-0.88889,1
NP04358,0.25016,1
NP07352,2.94655,1
NP01021,0.8133,1
NP03518,0.94608,1
NP01470,-0.15014,1
NP09767,-1.07563,1
NP02029,-0.84605,1
NP08668,0.22861,1
NP09772,1.34673,1
NP05502,-0.97638,1
NP07246,1.46305,1
NP01863,0.13666,1
NP07964,0.60783,1
NP02298,-0.22304,1
NP03193,1.88499,1
NP09156,-0.79065,1
NP02129,-0.43876,1
NP11005,0.68896,1
NP02529,1.30544,1
NP11292,-1.37091,1
NP08543,-0.47183,1
NP09404,-0.42825,1
NP06397,-0.24038,1
NP09595,-0.40921,1
NP04664,0.11191,1
NP05740,-0.38668,1
NP02647,-0.29201,1
NP03481,-0.99306,1
NP10947,-1.06358,1
NP05886,0.57837,1
NP04648,0.55495,1
NP07512,-0.0502,1
NP06658,-0.46988,1
NP02160,-0.57762,1
NP00830,1.24523,1
NP04207,-0.90471,1
NP05087,1.09584,1
NP07042,-0.10779,1
NP08200,0.21585,1
NP01317,0.14008,1
NP06115,-1.25956,1
NP04957,-1.01738,1
NP09896,0.21561,1
NP07736,-0.43661,1
NP09750,-0.62452,1
NP01319,-0.80838,1
NP11127,1.68231,1
NP04073,0.11301,1
NP08995,-1.11928,1
NP08152,1.22159,1
NP07360,-1.19026,1
NP07489,-0.58171,1
NP05067,-1.10747,1
NP02702,1.94908,1
NP01539,0.41622,1
NP01385,-0.9109,1
NP04637,-1.03773,1
NP07182,-0.35287,1
NP04691,-0.54167,1
NP11046,4.02465,1
NP09958,-0.52985,1
NP03830,4.94963,1
NP09264,1.60847,1
NP05182,-0.47076,1
NP05436,1.7324,1
NP09036,-0.15637,1
NP07504,2.40133,1
NP06371,-0.89155,1
NP06832,-1.06552,1
NP11160,-0.77024,1
NP06753,-0.49926,1
NP10739,2.12687,1
NP07257,2.50513,1
NP08578,-0.91994,1
NP06050,-0.61871,1
NP08466,0.70577,1
NP07588,0.36464,1
NP08263,1.26638,1
NP07195,-0.91383,1
NP05143,0.19052,1
NP11350,-0.63467,1
NP01296,0.21662,1
NP11244,-0.83311,1
NP08162,0.64833,1
NP05693,1.5646,1
NP09438,0.45041,1
NP03131,-0.68521,1
NP05434,-1.23651,1
NP01511,-0.14695,1
NP01892,2.07108,1
NP07207,1.40288,1
NP06166,0.70731,1
NP06047,-1.0398,1
NP06915,0.33032,1
NP08468,-0.42402,1
NP04222,0.97522,1
NP09853,-0.77894,1
NP00356,1.03054,1
NP09957,-1.25179,1
NP04792,-0.4817,1
NP07456,2.19798,1
NP06186,0.10956,1
NP08449,1.97256,1
NP08055,-0.26487,1
NP11374,-0.98302,1
NP06683,0.63779,1
NP06318,-0.34705,1
NP07739,0.17029,1
NP03687,0.31107,1
NP01410,-0.44723,1
NP08504,0.86593,1
NP02524,1.08651,1
NP07020,2.56132,1
NP07525,0.2882,1
NP04020,-0.01827,1
NP08082,0.9909,1
NP06874,0.60858,1
NP00712,2.35485,1
NP03837,2.23117,1
NP05696,0.32579,1
NP10730,0.70344,1
NP06897,-0.82376,1
NP05173,0.21935,1
NP07471,-0.62758,1
NP01347,-1.29109,1
NP07308,0.50821,1
NP01810,0.53747,1
NP07008,-0.79358,1
NP08576,0.98848,1
NP08541,0.82796,1
NP05134,-0.17957,1
NP06046,-1.33745,1
NP04745,-0.21266,1
NP06888,0.73626,1
NP05162,-1.42433,1
NP01398,-1.33178,1
NP00606,-0.26577,1
NP00664,-0.63088,1
NP02159,-0.89331,1
NP05381,2.13126,1
NP02783,0.09685,1
NP04374,1.75319,1
NP06567,-1.11505,1
NP08811,2.60127,1
NP01544,-0.70202,1
NP01961,-0.18544,1
NP01209,1.69154,1
NP09872,0.59339,1
NP01424,3.81341,1
NP01418,2.94892,1
NP08496,1.6227,1
NP09799,0.03187,1
NP07353,1.3924,1
NP07428,-1.21738,1
NP09338,-0.40953,1
NP01786,1.07865,1
NP04878,0.51049,1
NP08332,1.64883,1
NP10785,4.06998,1
NP09246,1.6011,1
NP04639,-0.92836,1
NP00887,3.98813,1
NP02484,-0.69691,1
NP07205,3.338,1
NP08962,-0.71972,1
NP04959,0.74387,1
NP07334,0.62986,1
NP01722,-0.25928,1
NP04771,0.52491,1
NP01471,-0.07837,1
NP06747,-0.35789,1
NP05144,0.66512,1
NP05086,0.57509,1
NP03421,3.05342,1
NP08619,2.71739,1
NP07245,0.85031,1
NP11328,-1.32785,1
NP04796,-0.17449,1
NP01758,0.21433,1
NP06868,0.56169,1
NP02031,0.81746,1
NP06105,0.41458,1
NP08474,2.26032,1
NP08837,0.83419,1
NP06613,0.24059,1
NP07287,0.06259,1
NP03423,0.03803,1
NP00599,0.75541,1
NP07330,0.39251,1
NP01879,0.74389,1
NP06176,-0.59233,1
NP00281,0.98096,1
NP07600,0.0743,1
NP07948,-0.43553,1
NP06662,1.83405,1
NP01720,-1.35686,1
NP02232,0.27287,1
NP05941,0.06674,1
NP09380,-1.28498,1
NP09368,0.23405,1
NP04720,1.02603,1
NP03234,-0.65869,1
NP07480,2.94906,1
NP03533,1.45976,1
NP02067,-0.93034,1
NP07171,0.21834,1
NP07625,0.07481,1
NP09863,2.1963,1
NP03695,0.88267,1
NP04292,-0.48951,1
NP01428,1.56327,1
NP10942,0.13718,1
NP07519,-0.65202,1
NP07150,-1.2837,1
NP03043,1.05634,1
NP07256,1.4251,1
NP04468,-0.12762,1
NP03804,-0.87401,1
NP06405,0.45381,1
NP05165,-0.37297,1
NP09028,-0.02426,1
NP04404,0.84813,1
NP08151,0.05589,1
NP09746,2.62407,1
NP05656,-0.42399,1
NP01405,1.45305,1
NP06222,4.2323,1
NP10737,2.11256,1
NP00756,2.3121,1
NP01358,-1.02709,1
NP10626,1.35604,1
NP07461,-0.47516,1
NP02624,1.10048,1
NP01342,-0.74973,1
NP04051,2.42415,1
NP02450,-1.41541,1
NP07018,2.78249,1
NP07481,-0.38348,1
NP02443,-0.51213,1
NP01526,0.36727,1
NP02690,-1.10734,1
NP05483,-0.23594,1
NP09781,0.7365,1
NP08476,0.47302,1
NP04713,0.36881,1
NP07529,1.76544,1
NP02103,-0.94589,1
NP05325,-1.05323,1
NP07120,-0.78779,1
NP04730,1.42302,1
NP01534,-0.14766,1
NP05895,1.0069,1
NP00338,0.30135,1
NP08408,0.8921,1
NP00780,-0.39561,1
NP09877,-0.22929,1
NP08552,-1.13668,1
NP07276,0.61853,1
NP01465,0.92938,1
NP00910,0.07409,1
NP07293,1.37171,1
NP04784,-0.76863,1
NP02965,1.59478,1
NP01243,-0.99795,1
NP01978,3.42755,1
NP06978,0.56225,1
NP04313,-0.35043,1
NP01251,-0.56032,1
NP03793,0.20921,1
NP07799,-1.05717,1
NP06685,0.57768,1
NP07185,-1.29142,1
NP04961,0.02415,1
NP06402,0.33153,1
NP03591,-0.42482,1
NP02013,0.3956,1
NP04278,-1.1837,1
NP07497,1.79556,1
NP09330,0.17755,1
NP11302,-0.82323,1
NP05269,1.85532,1
NP07225,0.01846,1
NP05894,1.72588,1
NP03852,-0.70912,1
NP06428,-0.01316,1
NP11032,0.37656,1
NP07001,1.5101,1
NP08247,-1.03443,1
NP09038,-1.15078,1
NP09806,2.02318,1
NP09526,-0.63013,1
NP04283,0.78835,1
NP07598,0.12578,1
NP04700,1.11554,1
NP10978,-0.05947,1
NP04299,-0.80545,1
NP07119,-1.05363,1
NP04280,-1.24474,1
NP09642,0.92004,1
NP04938,-1.14527,1
NP11177,-0.85529,1
NP07219,0.48032,1
NP06986,-0.92674,1
NP05908,0.23739,1
NP08170,0.59082,1
NP07856,1.19973,1
NP06139,1.51481,1
NP07796,2.40332,1
NP05167,-0.36121,1
NP05311,-0.85806,1
NP03254,0.51478,1
NP06891,-0.23759,1
NP07379,-0.24439,1
NP07248,1.32128,1
NP02900,0.91357,1
NP07363,0.31654,1
NP10740,2.85622,1
NP07657,1.44526,1
NP00757,1.233,1
NP03033,0.80265,1
NP05883,1.99697,1
NP05221,-0.02475,1
NP09401,-0.561,1
NP06328,0.86047,1
NP00754,-0.43625,1
NP06912,1.12266,1
NP08264,-0.06885,1
NP01719,-0.15758,1
NP00593,-0.08157,1
NP03426,0.19877,1
NP02686,-0.87668,1
NP07083,1.91897,1
NP02792,0.04037,1
NP05884,1.28799,1
NP09716,-0.71606,1
NP03847,-0.74326,1
NP09272,0.20759,1
NP09894,-0.23208,1
NP10780,-0.50012,1
NP11295,-0.68832,1
NP04094,0.32677,1
NP07341,0.35245,1
NP02829,0.56391,1
NP04932,-0.91168,1
NP11326,-0.37986,1
NP06337,1.77223,1
NP02961,-0.23642,1
NP09636,-0.1589,1
NP07402,-0.33782,1
NP08469,1.09311,1
NP06104,0.37351,1
NP07817,-0.8136,1
NP07016,-0.45936,1
NP03849,-0.15176,1
NP04466,1.16656,1
NP05498,-0.44113,1
NP02942,-0.42521,1
NP03369,-0.60919,1
NP01402,0.62425,1
NP11327,-0.97426,1
NP01723,-0.67695,1
NP09670,0.1592,1
NP00059,0.67498,1
NP06717,-0.67769,1
NP10792,1.47341,1
NP03543,0.87058,1
NP01008,1.54048,1
NP05149,1.24574,1
NP00122,1.49596,1
NP05854,-1.28718,1
NP07488,-0.90788,1
NP09985,0.02073,1
NP04373,2.26359,1
NP10895,-0.30873,1
NP09928,0.59403,1
NP01399,0.30404,1
NP07118,0.39711,1
NP01129,1.79339,1
NP05729,3.34606,1
NP04928,-0.92206,1
NP10704,1.87503,1
NP04986,-1.28676,1
NP05528,0.50423,1
NP06834,-1.03542,1
NP07028,0.37928,1
NP10355,-1.10858,1
NP04282,0.17814,1
NP09897,-0.68429,1
NP04148,-0.77574,1
NP04761,1.10706,1
NP07299,1.37986,1
NP05459,0.76266,1
NP07370,-0.7412,1
NP00853,-0.60651,1
NP04440,-0.32371,1
NP09854,-0.5137,1
NP03569,2.20188,1
NP01804,0.25755,1
NP11315,0.17527,1
NP07296,0.32456,1
NP01888,0.14388,1
NP09918,-0.80057,1
NP05192,-0.13478,1
NP06327,1.12605,1
NP03532,1.22222,1
NP11372,-0.62812,1
NP07404,-0.15333,1
NP11359,-0.77026,1
NP05682,0.16821,1
NP00809,0.26179,1
NP03949,-0.46879,1
NP07121,1.31246,1
NP06878,-1.24915,1
NP07078,2.17311,1
NP09310,1.96513,1
NP11316,0.14989,1
NP01896,1.96974,1
NP00791,0.93309,1
NP06944,-0.64023,1
NP07849,-0.74678,1
NP01738,-0.47324,1
NP04238,-0.84627,1
NP09296,0.26199,1
NP05093,1.84035,1
NP05832,-0.26587,1
NP04022,-1.18197,1
NP04762,-0.24713,1
NP07350,0.25654,1
NP05698,-0.74284,1
NP11152,-1.07147,1
NP04697,-0.35429,1
NP04844,1.04079,1
NP00902,0.10756,1
NP06048,0.9269,1
NP11298,-0.61831,1
NP07552,-0.71062,1
NP09749,2.01622,1
NP05141,-1.40529,1
NP07427,-0.81713,1
NP00626,1.14223,1
NP04766,0.99922,1
NP06700,0.31577,1
NP09203,1.09858,1
NP08539,-0.89793,1
NP00764,-0.0244,1
NP02354,0.80976,1
NP06218,0.79953,1
NP01510,-0.91202,1
NP05240,-0.19126,1
NP07142,-0.77163,1
NP09054,-0.65008,1
NP06715,-0.58848,1
NP09794,-1.02314,1
NP07566,-0.57857,1
NP00025,-1.17663,1
NP05150,0.00933,1
NP03039,-0.13132,1
NP10647,-1.04907,1
NP09924,-0.89779,1
NP05124,-0.96436,1
NP07476,-0.93202,1
NP07304,1.13084,1
NP05327,-0.8259,1
NP07399,-0.46133,1
NP05200,1.40032,1
NP06141,3.15699,1
NP04393,-1.22494,1
NP02080,-1.03403,1
NP03417,0.64859,1
NP04996,1.266,1
NP06393,-0.75029,1
NP09039,-1.13853,1
NP07004,1.31459,1
NP08275,1.25776,1
NP01017,-0.04459,1
NP09800,0.00713,1
NP04967,-0.17955,1
NP05524,-0.69767,1
NP05942,0.76057,1
NP02025,-0.34508,1
NP08510,1.13231,1
NP02053,-0.54406,1
NP07393,0.62021,1
NP08983,-1.00061,1
NP02045,-0.07102,1
NP02193,-0.54728,1
NP07319,1.24138,1
NP04461,0.02831,1
NP08331,2.27207,1
NP09410,-0.48193,1
NP03770,0.92021,1
NP09762,-0.33261,1
NP08049,-0.55656,1
NP01791,1.41722,1
NP07307,-0.78507,1
NP00908,0.0645,1
NP06859,2.13539,1
NP04405,1.00411,1
NP07636,0.76915,1
NP05201,1.3464,1
NP07543,-0.14371,1
NP11355,-1.4312,1
NP09954,0.70395,1
NP01965,0.09784,1
NP03794,0.61303,1
NP02966,-1.20156,1
NP08052,-0.97586,1
NP01154,0.50691,1
NP09707,-1.09837,1
NP07460,0.94901,1
NP05930,2.66822,1
NP02595,0.73328,1
NP08445,0.03079,1
NP02486,-0.98808,1
NP11121,-0.24936,1
NP04142,0.85014,1
NP11377,-0.23099,1
NP07085,2.43974,1
NP01190,-1.19989,1
NP07258,2.20083,1
NP00788,1.71468,1
NP04633,0.23849,1
NP02295,1.4014,1
NP09048,-1.14377,1
NP07306,0.51967,1
NP08260,1.08334,1
NP06422,-0.71619,1
NP06698,0.00617,1
NP09037,-1.20228,1
NP09729,-0.09868,1
NP08556,-0.74934,1
NP02824,0.46452,1
NP02851,0.24363,1
NP11376,-0.07651,1
NP04793,-0.98789,1
NP02968,0.53653,1
NP11333,-0.87751,1
NP07711,0.37521,1
NP06430,0.41564,1
NP11324,-0.78368,1
NP07547,-1.06103,1
NP02240,0.33353,1
NP09349,-0.80456,1
NP06499,-0.78878,1
NP06092,-0.82716,1
NP05914,-0.46847,1
NP11335,-0.17982,1
NP03841,3.10925,1
NP09528,0.30858,1
NP04481,2.75079,1
NP05281,-0.37586,1
NP06716,-0.48997,1
NP03046,1.2361,1
NP11403,-0.25635,1
NP05477,0.17216,1
NP07704,-0.70373,1
NP05180,0.32333,1
NP01182,2.72353,1
NP06679,0.74182,1
NP08918,1.05483,1
NP08156,1.43884,1
NP07537,0.87873,1
NP10687,0.99433,1
NP04876,0.94904,1
NP03462,2.11769,1
NP02933,0.81467,1
NP06162,2.1676,1
NP05888,2.26737,1
NP11166,-0.43509,1
NP06191,-0.43308,1
NP06130,-0.57869,1
NP03749,0.41406,1
NP02648,1.55367,1
NP10718,3.71792,1
NP10806,1.40884,1
NP04960,-0.49047,1
NP07430,-0.91528,1
NP00026,-1.37304,1
NP10659,2.73837,1
NP09400,1.99877,1
NP10796,1.36881,1
NP05622,-0.89139,1
NP11238,-0.48346,1
NP03178,-1.03002,1
NP04900,0.00451,1
NP01325,-0.63389,1
NP00760,0.37178,1
NP07549,0.02323,1
NP10882,-0.12651,1
NP09893,1.26742,1
NP05570,0.08484,1
NP03551,1.53368,1
NP10753,2.66297,1
NP00062,-0.78226,1
NP09804,1.52438,1
NP06702,-0.43359,1
NP05168,-0.61009,1
NP07482,-0.07578,1
NP09903,0.57881,1
NP06858,1.39313,1
NP03210,1.4659,1
NP04366,-0.20138,1
NP05767,-0.904,1
NP07517,-0.66149,1
NP03590,2.4202,1
NP06361,-1.07322,1
NP04189,-1.09515,1
NP11341,-0.91023,1
NP06395,0.73178,1
NP01967,0.35921,1
NP02024,-0.53384,1
NP05122,-0.73019,1
NP01530,0.08419,1
NP07154,-0.65333,1
NP03483,-1.04974,1
NP01609,0.91771,1
NP02261,-0.36383,1
NP06272,2.58284,1
NP01370,-0.02359,1
NP06876,0.10039,1
NP03571,-0.29233,1
NP06992,-0.16393,1
NP02823,-0.47903,1
NP03798,1.90945,1
NP04797,0.22402,1
NP00748,-0.63359,1
NP04698,-0.71776,1
NP04382,-0.47905,1
NP01926,-1.04214,1
NP07235,2.50708,1
NP03410,-0.73392,1
NP06917,0.46338,1
NP04877,0.30674,1
NP09009,-0.04503,1
NP06745,-0.65789,1
NP07338,0.10838,1
NP01890,-0.41494,1
NP03116,2.9338,1
NP07627,1.3677,1
NP03850,0.03697,1
NP09207,0.96338,1
NP07374,1.31258,1
NP11067,0.77947,1
NP00040,-1.04093,1
NP03748,-0.17244,1
NP07070,-0.76231,1
NP07970,-0.98105,1
NP07477,1.22541,1
NP06340,-0.39551,1
NP08627,-0.64976,1
NP08707,0.90821,1
NP04905,1.17388,1
NP09340,0.31084,1
NP05186,-0.51786,1
NP00962,0.43691,1
NP08614,0.27196,1
NP00911,-0.00406,1
NP00990,1.4192,1
NP01188,-0.75491,1
NP03843,4.20115,1
NP09900,-0.29821,1
NP08249,-1.14761,1
NP02263,-0.58122,1
NP00919,-0.11447,1
NP07473,-0.66768,1
NP09342,-0.58347,1
NP05108,0.88737,1
NP04965,-1.13064,1
NP09309,0.17246,1
NP05820,3.37604,1
NP07582,-1.16114,1
NP05030,-0.76094,1
NP06953,-0.31323,1
NP07009,-0.31812,1
NP04832,1.28131,1
NP02685,1.04999,1
NP05113,0.92265,1
NP10732,0.81914,1
NP10373,-0.85641,1
NP05684,2.7484,1
NP05487,-0.1644,1
NP06536,-0.56825,1
NP04217,-0.01957,1
NP07518,-1.33893,1
NP03424,1.56209,1
NP04860,1.19005,1
NP08545,-0.192,1
NP06398,0.48657,1
NP04801,0.2057,1
NP00925,0.71011,1
NP09898,-1.15805,1
NP10943,1.01691,1
NP00014,0.94219,1
NP08079,1.17475,1
NP06113,-0.72747,1
NP06355,-0.91106,1
NP04952,-0.71978,1
NP09429,-0.52532,1
NP04977,-0.9108,1
NP03676,2.30677,1
NP04634,-0.93338,1
NP01567,1.03251,1
NP01326,-0.79869,1
NP06983,0.25128,1
NP09473,-0.34159,1
NP01677,-1.07989,1
NP06851,0.08341,1
NP10759,1.90659,1
NP09911,-0.63048,1
NP07049,0.76848,1
NP04205,-0.5815,1
NP10321,0.39251,1
NP06153,0.16688,1
NP07719,0.36378,1
NP08658,1.34903,1
NP04804,0.28903,1
NP06423,0.07868,1
NP01394,-1.29258,1
NP10945,-0.72626,1
NP04370,-0.76009,1
NP04457,-0.43718,1
NP04717,-0.00745,1
NP02312,0.76093,1
NP01321,-0.73234,1
NP02461,1.96652,1
NP06699,0.57205,1
NP06412,1.59506,1
NP01016,-0.09467,1
NP05091,0.21242,1
NP11309,-0.90777,1
NP00890,-0.30961,1
NP07381,1.5739,1
NP11072,1.23081,1
NP04156,-1.13449,1
NP07959,-0.33658,1
NP05228,-0.6053,1
NP05828,0.49415,1
NP01661,0.5625,1
NP06621,0.36298,1
NP06547,-0.84547,1
NP00597,0.49678,1
NP01355,-0.77529,1
NP07364,0.23434,1
NP04243,-0.67857,1
NP05183,1.3197,1
NP05826,0.43856,1
NP10867,0.05978,1
NP10837,1.08992,1
NP04346,-0.30978,1
NP00871,3.98366,1
NP06538,-1.05826,1
NP11245,-0.01065,1
NP02006,-0.64277,1
NP06211,-0.17396,1
NP01515,-0.02512,1
NP02522,-0.5589,1
NP09359,-0.58745,1
NP07041,0.40637,1
NP06936,-1.2586,1
NP06314,-0.5874,1
NP07848,3.2194,1
NP07961,1.7598,1
NP00875,2.97566,1
NP01478,0.28498,1
NP06653,-0.70481,1
NP02687,0.08436,1
NP06125,2.04174,1
NP08140,2.8727,1
NP04644,-0.57117,1
NP04703,-1.3266,1
NP01500,-1.33119,1
NP06705,0.29831,1
NP09434,0.03614,1
NP06908,0.99981,1
NP05140,0.40778,1
NP06335,4.34407,1
NP07978,0.06447,1
NP03430,1.36819,1
NP06975,0.16539,1
NP05213,-0.37722,1
NP06795,0.03173,1
NP04645,0.26152,1
NP05692,0.61877,1
NP06856,1.11001,1
NP00815,1.44184,1
NP06670,1.00698,1
NP01320,-1.38865,1
NP09369,-0.38596,1
NP07025,-0.93168,1
NP04455,0.27583,1
NP07072,-0.73184,1
NP06036,0.66418,1
NP01811,0.33462,1
NP07125,0.90316,1
NP06052,3.19293,1
NP05001,0.90493,1
NP07396,-1.21496,1
NP11158,-1.09187,1
NP01203,0.23653,1
NP04179,2.39311,1
NP07131,1.41828,1
NP03588,0.61756,1
NP00818,0.51107,1
NP09780,-0.18882,1
NP03758,-0.08805,1
NP02101,0.15323,1
NP01493,-0.77848,1
NP09633,2.47464,1
NP07960,-0.33695,1
NP06188,-0.2362,1
NP01131,-0.17338,1
NP03546,0.05458,1
NP08456,0.36748,1
NP03714,-1.22853,1
NP02169,1.58696,1
NP03070,-0.77388,1
NP04066,0.38927,1
NP01156,-0.00245,1
NP07641,0.46242,1
NP06325,-0.73408,1
NP06875,0.3563,1
NP06407,1.91305,1
NP02973,0.39368,1
NP08405,1.87823,1
NP05114,0.19465,1
NP07678,-0.80865,1
NP01174,0.59311,1
NP05282,-0.02404,1
NP06729,1.17966,1
NP03641,1.94616,1
NP08616,-0.32504,1
NP05778,0.13185,1
NP06972,1.1564,1
NP05075,-0.90682,1
NP05132,-0.69728,1
NP03422,3.18705,1
NP06786,-0.1378,1
NP04935,-0.89601,1
NP04992,-0.40377,1
NP00950,-0.01351,1
NP01660,0.51461,1
NP08145,0.69755,1
NP02149,3.67367,1
NP04710,-0.11093,1
NP05119,-1.08553,1
NP09793,-0.15091,1
NP09616,-0.35108,1
NP05935,2.24262,1
NP08509,1.34795,1
NP07440,-0.04696,1
NP07411,1.77128,1
NP08229,0.44193,1
NP01246,-0.53823,1
NP07367,4.04843,1
