,Hydrophobic,y
Neg_446,-0.89473,0
Neg_2228,-1.12074,0
Neg_2386,-1.92918,0
Neg_2835,-0.97477,0
Neg_2149,0.90511,0
Neg_2248,-1.32927,0
Neg_2739,0.04036,0
Neg_2580,-1.06034,0
Neg_2765,-0.10627,0
Neg_939,-0.08145,0
Neg_1859,1.15218,0
Neg_1088,-0.26579,0
Neg_448,0.84002,0
Neg_2831,-0.44503,0
Neg_358,0.69456,0
Neg_2287,0.58762,0
Neg_2597,0.40381,0
Neg_2648,0.0529,0
Neg_152,0.84002,0
Neg_2086,0.03122,0
Neg_966,0.07295,0
Neg_2081,0.41726,0
Neg_2579,0.97871,0
Neg_542,-0.80165,0
Neg_270,0.43362,0
Neg_447,0.32503,0
Neg_2242,1.27762,0
Neg_1615,1.17582,0
Neg_103,-0.79321,0
Neg_1048,0.07295,0
Neg_628,0.5141,0
Neg_2169,1.62209,0
Neg_599,0.85934,0
Neg_2490,0.30873,0
Neg_62,0.34254,0
Neg_1129,-1.36658,0
Neg_190,0.36139,0
Neg_1522,0.89481,0
Neg_165,-0.09672,0
Neg_1152,2.12704,0
Neg_217,0.67953,0
Neg_1140,-0.21955,0
Neg_2378,0.95524,0
Neg_1569,-0.30902,0
Neg_662,-1.38835,0
Neg_688,-0.92966,0
Neg_541,1.17582,0
Neg_624,1.32286,0
Neg_2108,1.42256,0
Neg_2808,0.83601,0
Neg_2794,-0.92198,0
Neg_2286,-0.7057,0
Neg_373,1.98696,0
Neg_2612,-0.65664,0
Neg_937,-0.14762,0
Neg_1345,0.12357,0
Neg_2671,1.56121,0
Neg_2855,1.0555,0
Neg_279,0.02425,0
Neg_706,0.19464,0
Neg_2921,2.01309,0
Neg_994,-0.91115,0
Neg_2453,2.58557,0
Neg_2074,-0.62028,0
Neg_1803,-0.14762,0
Neg_653,0.5141,0
Neg_1943,0.651,0
Neg_1283,0.59512,0
Neg_1383,1.50668,0
Neg_325,-1.44229,0
Neg_2702,-0.18655,0
Neg_2180,0.40381,0
Neg_585,-0.28842,0
Neg_2047,0.97871,0
Neg_2392,-1.5656,0
Neg_919,-0.14762,0
Neg_2566,0.1126,0
Neg_404,0.18324,0
Neg_953,0.54611,0
Neg_1257,0.06583,0
Neg_1680,0.41726,0
Neg_1098,-0.40213,0
Neg_1404,-0.62028,0
Neg_79,0.67953,0
Neg_2483,-0.24494,0
Neg_2866,-1.16566,0
Neg_133,0.26595,0
Neg_1514,-2.52568,0
Neg_1790,0.9228,0
Neg_2219,0.047,0
Neg_2758,-0.79321,0
Neg_621,0.5141,0
Neg_904,0.67953,0
Neg_736,-0.89473,0
Neg_431,-0.78959,0
Neg_2469,0.06583,0
Neg_2895,0.37059,0
Neg_202,-0.46273,0
Neg_478,0.047,0
Neg_1929,0.46508,0
Neg_1179,-2.35336,0
Neg_116,0.78176,0
Neg_2854,-0.72663,0
Neg_2229,0.56775,0
Neg_301,0.79769,0
Neg_2264,-0.88921,0
Neg_58,0.9228,0
Neg_37,-0.90388,0
Neg_1299,1.95785,0
Neg_2238,-0.00377,0
Neg_1065,0.22,0
Neg_2393,0.86442,0
Neg_1063,-0.05309,0
Neg_2681,-1.31011,0
Neg_1206,0.33893,0
Neg_926,-2.4114,0
Neg_1834,2.33383,0
Neg_219,-0.82285,0
Neg_1051,-0.77042,0
Neg_2732,-1.25049,0
Neg_22,1.01039,0
Neg_2672,1.23597,0
Neg_1925,0.41726,0
Neg_1046,-0.53687,0
Neg_2602,0.047,0
Neg_2626,0.12357,0
Neg_664,0.34254,0
Neg_1033,1.04501,0
Neg_1541,0.56136,0
Neg_352,-1.06668,0
Neg_2763,-0.30518,0
Neg_2198,1.68184,0
Neg_260,0.67953,0
Neg_743,-1.13317,0
Neg_1798,-0.35441,0
Neg_805,0.6159,0
Neg_2446,-0.25435,0
Neg_1456,-0.84417,0
Neg_853,0.79769,0
Neg_1866,-0.72663,0
Neg_1972,0.26595,0
Neg_1250,0.01781,0
Neg_2893,-0.39271,0
Neg_415,0.67953,0
Neg_2440,-0.00377,0
Neg_1947,1.35628,0
Neg_2296,-0.19116,0
Neg_1491,0.11706,0
Neg_1592,1.0414,0
Neg_833,-0.88287,0
Neg_2254,-2.2155,0
Neg_2786,-0.44079,0
Neg_1307,0.77878,0
Neg_1022,-0.29802,0
Neg_2289,-0.23705,0
Neg_2564,-1.04184,0
Neg_1131,0.09929,0
Neg_2814,-0.08854,0
Neg_2346,-0.89473,0
Neg_2538,0.88631,0
Neg_503,-0.69906,0
Neg_614,0.87041,0
Neg_2227,0.01781,0
Neg_1977,1.14705,0
Neg_1151,-0.38062,0
Neg_2315,-0.27997,0
Neg_1180,-1.26671,0
Neg_308,0.90144,0
Neg_1426,0.26595,0
Neg_12,1.60593,0
Neg_506,-0.05309,0
Neg_136,-0.14762,0
Neg_378,-2.77169,0
Neg_2058,0.12809,0
Neg_2336,2.65196,0
Neg_2220,0.35251,0
Neg_262,-0.86689,0
Neg_1888,0.4432,0
Neg_2552,-0.14762,0
Neg_1340,0.05916,0
Neg_1753,1.62772,0
Neg_941,0.98971,0
Neg_689,0.56136,0
Neg_403,1.90371,0
Neg_2524,0.2305,0
Neg_1006,1.50668,0
Neg_89,0.0887,0
Neg_1956,1.4279,0
Neg_2723,0.1376,0
Neg_34,0.54611,0
Neg_757,-0.03353,0
Neg_1170,-0.53687,0
Neg_1405,1.26458,0
Neg_1634,0.30873,0
Neg_835,0.43223,0
Neg_1809,-2.12472,0
Neg_296,1.85618,0
Neg_1989,0.00626,0
Neg_636,-0.51121,0
Neg_1350,0.00626,0
Neg_160,-0.97477,0
Neg_1524,0.90144,0
Neg_836,-0.21515,0
Neg_1885,-0.02037,0
Neg_1723,-0.18173,0
Neg_1139,-1.21942,0
Neg_531,0.42778,0
Neg_131,0.40381,0
Neg_226,0.66878,0
Neg_2031,-1.52621,0
Neg_1050,-0.4959,0
Neg_2215,-1.16566,0
Neg_1008,1.17582,0
Neg_755,-1.36658,0
Neg_1309,0.79769,0
Neg_1348,-1.4343,0
Neg_2829,-0.14762,0
Neg_1281,0.38602,0
Neg_2879,-2.13278,0
Neg_2182,-0.73845,0
Neg_513,0.38602,0
Neg_2222,0.15316,0
Neg_2348,1.16043,0
Neg_549,2.57015,0
Neg_2669,-1.40261,0
Neg_1248,-0.14762,0
Neg_19,-0.14762,0
Neg_1763,-0.50531,0
Neg_2832,0.63087,0
Neg_1992,-0.87809,0
Neg_2675,-0.64145,0
Neg_203,-0.62028,0
Neg_2314,-0.47848,0
Neg_460,-0.66022,0
Neg_248,-0.11166,0
Neg_418,-0.71357,0
Neg_1007,1.20282,0
Neg_2178,2.33383,0
Neg_537,0.88631,0
Neg_97,-0.79321,0
Neg_1719,0.74315,0
Neg_1777,0.8663,0
Neg_771,-0.86198,0
Neg_2070,-0.27997,0
Neg_1418,-0.66022,0
Neg_1167,0.8195,0
Neg_2477,-1.5167,0
Neg_715,-0.3758,0
Neg_616,1.38563,0
Neg_558,0.42104,0
Neg_64,-0.86689,0
Neg_1316,0.2371,0
Neg_1507,0.0887,0
Neg_1101,0.57164,0
Neg_1796,-0.37118,0
Neg_1223,-0.27997,0
Neg_538,-0.21955,0
Neg_302,0.44718,0
Neg_200,-0.19295,0
Neg_1730,0.63087,0
Neg_876,2.00297,0
Neg_326,-0.83432,0
Neg_1436,0.91786,0
Neg_727,-0.05309,0
Neg_1831,0.26595,0
Neg_900,-1.16566,0
Neg_1637,0.0887,0
Neg_2635,-1.85529,0
Neg_2454,-0.97477,0
Neg_1216,0.18324,0
Neg_2191,-0.37118,0
Neg_1275,-0.25435,0
Neg_2151,-0.36247,0
Neg_1402,0.15316,0
Neg_717,2.05811,0
Neg_1862,1.50668,0
Neg_158,1.23096,0
Neg_1740,-0.39271,0
Neg_1424,-1.59514,0
Neg_943,-0.44841,0
Neg_1688,-2.35336,0
Neg_148,-0.00377,0
Neg_2796,2.03464,0
Neg_1887,-0.04423,0
Neg_2811,-0.69906,0
Neg_859,-1.47106,0
Neg_2155,0.36139,0
Neg_2045,-1.44995,0
Neg_1104,-0.92612,0
Neg_2638,1.21474,0
Neg_962,-1.09294,0
Neg_2828,-0.89113,0
Neg_1944,1.79861,0
Neg_523,-2.62907,0
Neg_1319,-0.03915,0
Neg_562,-0.56872,0
Neg_2456,2.45702,0
Neg_1500,0.95524,0
Neg_1913,0.60433,0
Neg_286,0.9228,0
Neg_2871,-1.57837,0
Neg_456,0.00277,0
Neg_984,0.99327,0
Neg_1837,0.26595,0
Neg_2617,-0.38062,0
Neg_139,2.12704,0
Neg_1815,0.3723,0
Neg_1157,-0.06693,0
Neg_1317,0.67953,0
Neg_2405,0.2371,0
Neg_45,2.11615,0
Neg_1797,1.30816,0
Neg_2769,0.88631,0
Neg_1390,1.45331,0
Neg_1018,0.56435,0
Neg_602,3.8227,0
Neg_182,-0.35441,0
Neg_1056,1.19649,0
Neg_2567,-1.53032,0
Neg_849,-0.79321,0
Neg_2338,1.0931,0
Neg_422,-0.18797,0
Neg_1421,-0.22735,0
Neg_2439,0.17051,0
Neg_563,-1.47106,0
Neg_1622,0.71261,0
Neg_1578,-0.62028,0
Neg_1939,0.64014,0
Neg_163,-1.17597,0
Neg_287,0.56775,0
Neg_787,-1.73,0
Neg_1846,-0.90771,0
Neg_1280,1.24547,0
Neg_1918,0.0887,0
Neg_999,-0.47848,0
Neg_314,1.50668,0
Neg_2192,0.67953,0
Neg_605,-1.51422,0
Neg_413,1.50668,0
Neg_1861,1.62772,0
Neg_342,-1.59514,0
Neg_398,1.18649,0
Neg_96,-0.47848,0
Neg_1924,1.01039,0
Neg_592,0.49275,0
Neg_1985,0.97494,0
Neg_1045,0.15316,0
Neg_2542,-0.69906,0
Neg_2165,-1.17443,0
Neg_1526,-1.88899,0
Neg_2709,1.66677,0
Neg_2230,-0.02946,0
Neg_2137,0.70621,0
Neg_2068,0.44901,0
Neg_2163,-1.21492,0
Neg_2247,0.84154,0
Neg_529,-1.34089,0
Neg_936,0.4869,0
Neg_2418,0.36139,0
Neg_2487,1.38851,0
Neg_703,0.66392,0
Neg_1742,-2.03825,0
Neg_305,-0.40213,0
Neg_1078,-0.22198,0
Neg_1672,0.8195,0
Neg_2568,-0.27997,0
Neg_1911,0.25342,0
Neg_2397,-0.24494,0
Neg_992,1.33554,0
Neg_1161,1.50668,0
Neg_2581,0.82992,0
Neg_701,0.38175,0
Neg_464,0.8972,0
Neg_1692,-0.62028,0
Neg_774,0.20065,0
Neg_2620,2.05811,0
Neg_979,-0.31515,0
Neg_2827,-2.08715,0
Neg_2729,-1.20036,0
Neg_2277,0.54167,0
Neg_1632,-0.53687,0
Neg_2756,-0.40213,0
Neg_1898,0.26595,0
Neg_1391,-1.22292,0
Neg_1059,0.48864,0
Neg_1746,0.74315,0
Neg_1847,-0.58297,0
Neg_1490,0.87918,0
Neg_450,-0.14762,0
Neg_1448,-0.97477,0
Neg_2410,-0.71079,0
Neg_1301,-0.48872,0
Neg_696,-0.14762,0
Neg_2757,-1.68376,0
Neg_815,-1.07403,0
Neg_890,1.50668,0
Neg_2049,0.33125,0
Neg_634,-0.82285,0
Neg_1241,-0.74919,0
Neg_1265,0.37479,0
Neg_1145,-0.07941,0
Neg_364,0.22,0
Neg_2428,0.4869,0
Neg_2873,0.88631,0
Neg_2762,-0.29802,0
Neg_1932,-0.30902,0
Neg_218,-0.97477,0
Neg_1471,0.57164,0
Neg_211,-0.14762,0
Neg_88,1.19649,0
Neg_1800,0.59246,0
Neg_1995,0.72306,0
Neg_2231,1.00319,0
Neg_1090,0.047,0
Neg_1457,2.30074,0
Neg_795,-0.677,0
Neg_1614,0.18999,0
Neg_732,0.38602,0
Neg_2025,-1.15459,0
Neg_2088,1.62772,0
Neg_2527,0.72935,0
Neg_2021,-1.01295,0
Neg_2570,-0.47848,0
Neg_215,-0.19932,0
Neg_2516,0.20065,0
Neg_1712,-0.02037,0
Neg_2010,1.25217,0
Neg_1285,-0.05309,0
Neg_2834,0.5141,0
Neg_2013,1.86117,0
Neg_945,0.86442,0
Neg_1787,-0.86689,0
Neg_935,0.34867,0
Neg_2099,0.30873,0
Neg_2179,0.15316,0
Neg_2726,-1.65153,0
Neg_1484,0.57164,0
Neg_2381,1.68184,0
Neg_1458,-0.70754,0
Neg_216,0.54167,0
Neg_2725,-0.47848,0
Neg_406,-0.71807,0
Neg_1363,0.17051,0
Neg_1311,0.15316,0
Neg_1149,-0.97477,0
Neg_1218,-1.5656,0
Neg_1597,2.04114,0
Neg_2745,-0.64391,0
Neg_1477,-1.12987,0
Neg_2803,0.8972,0
Neg_104,0.29352,0
Neg_1900,-0.71357,0
Neg_2586,2.82038,0
Neg_2050,2.55518,0
Neg_1069,-0.84417,0
Neg_336,0.95524,0
Neg_2260,0.251,0
Neg_1733,-0.80934,0
Neg_1555,0.36139,0
Neg_2329,-0.21515,0
Neg_1878,1.50668,0
Neg_1893,0.58335,0
Neg_1716,-0.60398,0
Neg_2322,-0.89473,0
Neg_101,0.17517,0
Neg_16,-0.20186,0
Neg_31,1.10964,0
Neg_240,0.33893,0
Neg_1117,-1.01545,0
Neg_2262,0.12809,0
Neg_2861,-0.8507,0
Neg_1225,0.70621,0
Neg_261,0.82754,0
Neg_609,1.27035,0
Neg_1352,2.05811,0
Neg_733,-0.14762,0
Neg_2593,-0.47848,0
Neg_2259,-2.13278,0
Neg_1785,-0.3682,0
Neg_847,2.16215,0
Neg_684,-0.4933,0
Neg_1411,1.34658,0
Neg_680,1.83754,0
Neg_502,-0.80934,0
Neg_1097,0.26595,0
Neg_1826,-0.62028,0
Neg_702,-0.57082,0
Neg_1626,0.29352,0
Neg_2358,-0.37923,0
Neg_1026,0.40381,0
Neg_82,0.05916,0
Neg_509,-0.25435,0
Neg_1235,1.67029,0
Neg_2118,0.5383,0
Neg_1303,0.57164,0
Neg_72,0.74315,0
Neg_1147,0.69876,0
Neg_2437,0.45818,0
Neg_1770,0.0887,0
Neg_177,0.41097,0
Neg_978,-0.59301,0
Neg_724,1.72245,0
Neg_1766,0.6159,0
Neg_868,-0.97477,0
Neg_1825,0.28393,0
Neg_2020,0.24492,0
Neg_1628,-0.80934,0
Neg_892,0.24941,0
Neg_2692,1.95785,0
Neg_512,1.21474,0
Neg_2128,0.97494,0
Neg_1647,1.67781,0
Neg_2419,0.88631,0
Neg_2659,-2.16955,0
Neg_1214,0.46185,0
Neg_411,0.34254,0
Neg_2321,-0.38825,0
Neg_1384,0.15316,0
Neg_1489,1.01039,0
Neg_2666,-0.30518,0
Neg_1905,-0.40213,0
Neg_55,0.67953,0
Neg_1178,0.39558,0
Neg_2369,0.36139,0
Neg_1,-0.14762,0
Neg_1999,-1.36658,0
Neg_1883,1.50668,0
Neg_1643,-0.53687,0
Neg_2885,-1.80192,0
Neg_1786,0.11086,0
Neg_1933,-0.29148,0
Neg_814,0.651,0
Neg_1593,-0.20467,0
Neg_1298,-0.04736,0
Neg_285,-0.33999,0
Neg_2792,-0.72663,0
Neg_2154,0.35368,0
Neg_1689,-1.007,0
Neg_603,0.72306,0
Neg_1021,-0.62028,0
Neg_1820,0.03122,0
Neg_222,-1.06034,0
Neg_256,1.95785,0
Neg_704,-0.29802,0
Neg_144,0.0887,0
Neg_2067,0.71712,0
Neg_1406,-0.90388,0
Neg_2616,0.46793,0
Neg_648,1.77494,0
Neg_2774,-0.10915,0
Neg_292,0.63087,0
Neg_2667,-0.84945,0
Neg_257,0.74962,0
Neg_1768,-1.80192,0
Neg_2249,-0.84945,0
Neg_779,-0.51525,0
Neg_2513,0.40381,0
Neg_2425,0.33565,0
Neg_2272,1.50668,0
Neg_361,0.16535,0
Neg_1745,-0.74919,0
Neg_2902,0.91585,0
Neg_808,0.15316,0
Neg_407,0.63689,0
Neg_191,-0.06693,0
Neg_1737,-0.00377,0
Neg_1001,0.45394,0
Neg_2120,-0.4933,0
Neg_960,0.62287,0
Neg_1356,0.20687,0
Neg_1764,1.83754,0
Neg_901,-0.64704,0
Neg_2556,2.17734,0
Neg_303,-0.70754,0
Neg_654,-0.35441,0
Neg_251,0.95524,0
Neg_1958,1.01039,0
Neg_2857,1.33554,0
Neg_1824,-0.76448,0
Neg_9,0.26595,0
Neg_1397,0.95524,0
Neg_1841,1.16043,0
Neg_1197,0.63689,0
Neg_1357,0.31307,0
Neg_2898,-2.86068,0
Neg_2132,-0.97477,0
Neg_647,-0.14762,0
Neg_2646,2.7474,0
Neg_476,0.18324,0
Neg_231,-2.49566,0
Neg_451,0.38602,0
Neg_1073,0.60433,0
Neg_7,-0.40213,0
Neg_1877,1.50668,0
Neg_2912,-0.43533,0
Neg_1968,-0.74919,0
Neg_2590,-1.50999,0
Neg_2781,0.59798,0
Neg_940,0.95524,0
Neg_459,-0.14762,0
Neg_1657,0.56136,0
Neg_2544,0.06583,0
Neg_2345,1.25432,0
Neg_2406,0.72306,0
Neg_2060,0.97871,0
Neg_2697,0.67953,0
Neg_1979,-0.14762,0
Neg_875,-0.14762,0
Neg_798,-0.72663,0
Neg_2520,-0.00377,0
Neg_2252,1.19649,0
Neg_1502,0.05916,0
Neg_2316,0.43871,0
Neg_2282,-0.24494,0
Neg_2664,0.24743,0
Neg_1274,2.12704,0
Neg_1290,-0.74919,0
Neg_299,-1.12987,0
Neg_2528,-0.09155,0
Neg_1387,-0.5236,0
Neg_13,0.45818,0
Neg_586,-0.80934,0
Neg_1691,-1.47106,0
Neg_629,0.56136,0
Neg_1089,0.6159,0
Neg_2884,-0.47848,0
Neg_2610,0.71712,0
Neg_470,0.15316,0
Neg_1649,1.88844,0
Neg_1177,0.22593,0
Neg_2447,0.4432,0
Neg_10,2.67442,0
Neg_2623,-0.40213,0
Neg_265,-0.27997,0
Neg_273,-0.27997,0
Neg_2305,-0.14762,0
Neg_915,0.85934,0
Neg_1945,0.06583,0
Neg_961,-0.63521,0
Neg_2662,0.46185,0
Neg_1146,0.3199,0
Neg_1137,-0.22457,0
Neg_41,1.04347,0
Neg_1496,0.97494,0
Neg_2270,-0.4996,0
Neg_1721,0.54892,0
Neg_2196,-0.00977,0
Neg_1988,1.01039,0
Neg_2464,0.15316,0
Neg_521,1.38851,0
Neg_1062,0.15316,0
Neg_899,-1.25049,0
Neg_374,-0.94169,0
Neg_2106,0.03878,0
Neg_3,1.18989,0
Neg_405,-0.69906,0
Neg_1873,-1.07403,0
Neg_2506,0.74315,0
Neg_2777,-0.14762,0
Neg_762,0.72306,0
Neg_401,1.95785,0
Neg_1801,-1.59514,0
Neg_2863,0.5141,0
Neg_2412,0.16535,0
Neg_1094,0.22413,0
Neg_1795,1.27035,0
Neg_1144,-0.62028,0
Neg_1201,0.39558,0
Neg_2435,-0.02037,0
Neg_252,0.95524,0
Neg_2676,-0.18655,0
Neg_322,1.50668,0
Neg_1525,-0.6364,0
Neg_1228,-0.677,0
Neg_2042,-0.86025,0
Neg_2308,0.5141,0
Neg_2157,-0.52939,0
Neg_2159,1.21474,0
Neg_2734,0.89481,0
Neg_1207,1.12491,0
Neg_120,-0.78389,0
Neg_2631,0.77444,0
Neg_595,-2.24576,0
Neg_993,0.4432,0
Neg_1596,-0.97477,0
Neg_2868,0.38175,0
Neg_579,0.15316,0
Neg_1663,-0.40213,0
Neg_1040,0.47047,0
Neg_2240,1.56647,0
Neg_2349,-0.32176,0
Neg_2207,-0.5612,0
Neg_1153,-0.00377,0
Neg_580,-0.14762,0
Neg_2390,-1.76158,0
Neg_1683,-0.07723,0
Neg_2601,0.5141,0
Neg_2888,1.1683,0
Neg_1121,0.40381,0
Neg_2688,0.92959,0
Neg_1493,-2.62907,0
Neg_1272,0.03122,0
Neg_1242,0.0887,0
Neg_1292,-2.81585,0
Neg_2398,0.64644,0
Neg_1990,1.19649,0
Neg_2241,-1.36658,0
Neg_508,-0.4554,0
Neg_307,-0.64893,0
Neg_2448,0.47664,0
Neg_600,-0.69906,0
Neg_601,-0.14762,0
Neg_1217,-0.03353,0
Neg_839,0.01781,0
Neg_682,2.60954,0
Neg_2187,2.7474,0
Neg_2821,-0.8507,0
Neg_2789,3.63363,0
Neg_169,0.57613,0
Neg_320,-0.04423,0
Neg_2889,0.46793,0
Neg_17,0.88631,0
Neg_1714,-0.759,0
Neg_2605,-0.18951,0
Neg_1527,2.33383,0
Neg_83,-2.03825,0
Neg_2246,0.49384,0
Neg_114,-1.47106,0
Neg_1808,-0.04423,0
Neg_958,-1.59514,0
Neg_2093,-0.20467,0
Neg_1561,-0.19932,0
Neg_1870,0.72306,0
Neg_1335,0.63087,0
Neg_1574,0.87311,0
Neg_2188,0.20065,0
Neg_608,-0.62028,0
Neg_1240,-1.04997,0
Neg_2628,4.15356,0
Neg_1855,0.32503,0
Neg_1793,-0.77358,0
Neg_2263,-0.69906,0
Neg_2400,-0.63944,0
Neg_1583,1.12491,0
Neg_410,1.88844,0
Neg_2849,-0.81968,0
Neg_1389,0.45394,0
Neg_130,0.40381,0
Neg_2784,-0.39401,0
Neg_2759,2.89629,0
Neg_2148,-0.26579,0
Neg_2886,-0.85661,0
Neg_903,1.43678,0
Neg_2844,-0.70754,0
Neg_1071,0.17051,0
Neg_2491,0.03122,0
Neg_2731,-0.84417,0
Neg_1497,-1.21492,0
Neg_2096,1.39126,0
Neg_2234,-2.49952,0
Neg_263,0.64356,0
Neg_2409,0.32503,0
Neg_171,-0.39271,0
Neg_2185,1.6634,0
Neg_1630,0.15316,0
Neg_239,0.09929,0
Neg_933,-0.14762,0
Neg_2276,-0.30332,0
Neg_2707,1.03402,0
Neg_1971,0.0887,0
Neg_293,0.58762,0
Neg_766,1.09797,0
Neg_1208,0.3723,0
Neg_1076,0.70188,0
Neg_2860,-0.05309,0
Neg_2048,-0.14762,0
Neg_837,-1.07403,0
Neg_2085,0.36139,0
Neg_1812,0.65935,0
Neg_659,-0.24943,0
Neg_2775,-0.25435,0
Neg_807,-0.48989,0
Neg_379,-0.31643,0
Neg_683,-0.62028,0
Neg_2124,0.4432,0
Neg_1239,-0.47848,0
Neg_1478,0.91113,0
Neg_711,0.79769,0
Neg_1422,-0.44304,0
Neg_2642,-0.14762,0
Neg_2243,0.79769,0
Neg_419,1.15218,0
Neg_2335,0.31838,0
Neg_708,0.36139,0
Neg_2224,-0.10466,0
Neg_75,2.14893,0
Neg_1927,0.43871,0
Neg_396,-0.40213,0
Neg_2062,1.5786,0
Neg_1758,0.2371,0
Neg_1696,2.04114,0
Neg_1938,1.10964,0
Neg_2212,-1.83569,0
Neg_491,-0.10291,0
Neg_857,-1.16566,0
Neg_2686,-0.62028,0
Neg_2549,-0.44304,0
Neg_465,0.07899,0
Neg_214,0.32503,0
Neg_1450,0.40381,0
Neg_2311,1.94458,0
Neg_566,0.34515,0
Neg_1468,0.26595,0
Neg_324,-0.27248,0
Neg_1106,0.11706,0
Neg_1455,0.17051,0
Neg_1775,0.0529,0
Neg_2533,0.66392,0
Neg_84,-0.08854,0
Neg_2087,1.20589,0
Neg_454,-0.27997,0
Neg_1320,-0.62028,0
Neg_534,2.60954,0
Neg_2600,0.12168,0
Neg_2303,0.15316,0
Neg_1332,-0.32176,0
Neg_1096,-0.21515,0
Neg_278,-0.97477,0
Neg_2916,-2.93381,0
Neg_365,-0.86198,0
Neg_929,2.53348,0
Neg_955,-0.83843,0
Neg_1510,0.82549,0
Neg_974,-1.15634,0
Neg_2768,-0.72663,0
Neg_1142,-1.12074,0
Neg_1174,-0.67216,0
Neg_848,0.83601,0
Neg_991,-0.92612,0
Neg_565,0.65935,0
Neg_1973,0.69,0
Neg_1172,0.11706,0
Neg_2450,0.36139,0
Neg_2795,0.17051,0
Neg_33,-1.20501,0
Neg_2216,0.67953,0
Neg_2359,-0.80934,0
Neg_515,1.02012,0
Neg_208,0.8327,0
Neg_2503,-1.05658,0
Neg_2396,-0.97477,0
Neg_1670,-0.84417,0
Neg_8,0.58762,0
Neg_1802,-0.4933,0
Neg_1617,0.71261,0
Neg_1353,0.8195,0
Neg_917,-1.87385,0
Neg_1912,0.59246,0
Neg_2647,0.77444,0
Neg_2682,-1.09294,0
Neg_1130,-0.32176,0
Neg_1914,1.95785,0
Neg_1659,-1.74488,0
Neg_1233,2.12704,0
Neg_2379,0.34515,0
Neg_1832,-1.02757,0
Neg_1156,1.33939,0
Neg_2258,0.5141,0
Neg_461,-0.66459,0
Neg_1432,0.12357,0
Neg_1840,-0.80934,0
Neg_51,-1.12074,0
Neg_2078,-0.35441,0
Neg_1658,-0.33669,0
Neg_1291,0.79769,0
Neg_2421,0.5141,0
Neg_1107,1.66677,0
Neg_57,1.02639,0
Neg_56,-1.16566,0
Neg_1535,0.26595,0
Neg_728,-0.27248,0
Neg_612,-0.59625,0
Neg_1789,0.60433,0
Neg_2923,0.49275,0
Neg_998,-0.46273,0
Neg_2027,0.0887,0
Neg_1120,-0.14762,0
Neg_938,1.34658,0
Neg_1639,2.72399,0
Neg_1380,0.60433,0
Neg_995,0.59512,0
Neg_274,-0.32176,0
Neg_1731,0.10208,0
Neg_1423,2.60954,0
Neg_1720,0.15316,0
Neg_1176,0.48258,0
Neg_298,-0.14762,0
Neg_1494,1.59374,0
Neg_2041,0.32503,0
Neg_2033,0.56136,0
Neg_1010,0.38175,0
Neg_964,0.30873,0
Neg_735,0.46793,0
Neg_245,-0.27017,0
Neg_317,-0.07491,0
Neg_1277,1.86981,0
Neg_213,-0.09426,0
Neg_109,1.69049,0
Neg_1604,0.56775,0
Neg_2004,0.74315,0
Neg_1848,0.0887,0
Neg_1998,1.21474,0
Neg_968,0.28393,0
Neg_1860,1.78239,0
Neg_854,-0.62028,0
Neg_229,0.85934,0
Neg_397,0.78176,0
Neg_1864,-0.70754,0
Neg_2553,0.65935,0
Neg_1504,0.42282,0
Neg_2824,-0.06386,0
Neg_20,1.90907,0
Neg_1594,-0.01258,0
Neg_2657,-0.78389,0
Neg_1823,0.21201,0
Neg_2352,0.15316,0
Neg_675,-1.25049,0
Neg_38,0.32503,0
Neg_2630,-0.25435,0
Neg_1313,-0.03353,0
Neg_2083,-0.27017,0
Neg_224,0.87311,0
Neg_1271,0.88631,0
Neg_2404,-0.76799,0
Neg_91,0.39732,0
Neg_2318,0.35368,0
Neg_2034,0.69456,0
Neg_2914,0.34867,0
Neg_2749,-0.58611,0
Neg_1143,-0.25435,0
Neg_80,-0.47848,0
Neg_289,-0.42801,0
Neg_1262,0.46185,0
Neg_2269,-0.25978,0
Neg_922,0.22,0
Neg_1843,-0.25791,0
Neg_40,-1.32927,0
Neg_1771,0.60977,0
Neg_1068,-0.27997,0
Neg_1857,0.22,0
Neg_635,0.2371,0
Neg_2908,1.12491,0
Neg_2651,-0.47848,0
Neg_781,1.44688,0
Neg_574,-0.14762,0
Neg_151,0.44718,0
Neg_356,-0.62028,0
Neg_1012,0.10412,0
Neg_455,-0.40213,0
Neg_2395,0.5141,0
Neg_173,-1.82459,0
Neg_1744,3.76254,0
Neg_1127,0.69876,0
Neg_872,-0.47848,0
Neg_556,1.50668,0
Neg_1872,-2.23459,0
Neg_1175,0.36139,0
Neg_2738,0.15316,0
Neg_2341,-0.37118,0
Neg_2539,-0.21515,0
Neg_2859,0.36139,0
Neg_106,0.56775,0
Neg_453,0.15316,0
Neg_1396,0.09929,0
Neg_2665,-0.27997,0
Neg_2357,-1.31836,0
Neg_1937,-0.0852,0
Neg_2673,-0.42334,0
Neg_693,0.81187,0
Neg_769,-0.58877,0
Neg_2833,0.69456,0
Neg_2773,-0.62028,0
Neg_1447,1.20282,0
Neg_29,-0.14762,0
Neg_489,0.84496,0
Neg_2545,-0.5273,0
Neg_1306,-1.5351,0
Neg_617,0.13396,0
Neg_1372,-0.50531,0
Neg_2481,1.82346,0
Neg_1908,-0.73969,0
Neg_1981,-0.62028,0
Neg_906,-0.69906,0
Neg_1425,-0.88719,0
Neg_846,-0.64145,0
Neg_2611,0.28055,0
Neg_1230,1.17582,0
Neg_1906,-0.25435,0
Neg_2554,0.29621,0
Neg_348,0.38602,0
Neg_477,-0.58297,0
Neg_67,0.07295,0
Neg_2639,-0.19701,0
Neg_2012,-0.02946,0
Neg_1028,2.00297,0
Neg_1874,0.22,0
Neg_1109,1.00026,0
Neg_2529,1.0414,0
Neg_2141,1.0555,0
Neg_2462,1.71786,0
Neg_2011,-0.64145,0
Neg_377,0.5141,0
Neg_90,2.12704,0
Neg_1506,-0.21125,0
Neg_767,0.46185,0
Neg_434,2.21566,0
Neg_1460,-0.20467,0
Neg_1666,-0.45781,0
Neg_126,-0.14762,0
Neg_2668,-2.93381,0
Neg_1674,0.56775,0
Neg_2140,-1.17443,0
Neg_323,1.50668,0
Neg_2514,1.18989,0
Neg_598,0.2305,0
Neg_2337,0.651,0
Neg_497,0.97221,0
Neg_2693,-1.52621,0
Neg_1651,-0.24082,0
Neg_2347,-0.33669,0
Neg_68,-0.30332,0
Neg_318,1.34658,0
Neg_2441,2.05811,0
Neg_2136,1.40328,0
Neg_870,0.13396,0
Neg_699,-1.88899,0
Neg_1726,-2.12596,0
Neg_1325,-0.86025,0
Neg_2002,-0.80934,0
Neg_519,-2.12472,0
Neg_199,-0.519,0
Neg_471,0.41097,0
Neg_1673,-1.61811,0
Neg_272,0.99327,0
Neg_118,-0.90388,0
Neg_135,-1.12074,0
Neg_2502,-1.47106,0
Neg_2787,-0.33669,0
Neg_546,-0.32176,0
Neg_127,-0.74919,0
Neg_1784,1.95785,0
Neg_439,3.16098,0
Neg_535,-0.68623,0
Neg_227,-0.37923,0
Neg_2299,0.60977,0
Neg_2627,-1.65153,0
Neg_1982,2.1684,0
Neg_1382,0.36139,0
Neg_2090,1.16675,0
Neg_1532,-0.3758,0
Neg_527,2.86019,0
Neg_11,2.02008,0
Neg_1246,1.50668,0
Neg_2525,-0.09897,0
Neg_2818,1.32286,0
Neg_1920,-0.06056,0
Neg_918,0.03417,0
Neg_102,-0.53687,0
Neg_2621,0.21201,0
Neg_1585,-0.47848,0
Neg_266,0.01781,0
Neg_710,0.66392,0
Neg_712,-0.23705,0
Neg_24,-0.26579,0
Neg_170,0.651,0
Neg_721,0.95524,0
Neg_1365,-0.29802,0
Neg_1735,2.25863,0
Neg_954,-0.42334,0
Neg_1993,1.22576,0
Neg_1652,0.90144,0
Neg_2306,1.13631,0
Neg_2479,-1.62377,0
Neg_423,2.49926,0
Neg_2799,-0.29306,0
Neg_822,0.1376,0
Neg_931,-1.51948,0
Neg_2497,0.71712,0
Neg_2925,-1.80192,0
Neg_267,-0.86689,0
Neg_242,-1.59514,0
Neg_233,0.4432,0
Neg_1868,1.60032,0
Neg_2032,0.73922,0
Neg_2720,-1.17597,0
Neg_2343,-1.57837,0
Neg_2055,-0.44304,0
Neg_2624,-0.0852,0
Neg_745,1.70519,0
Neg_2850,0.32503,0
Neg_1483,-0.74919,0
Neg_2708,0.5141,0
Neg_2131,0.64356,0
Neg_440,-0.62028,0
Neg_793,-0.18398,0
Neg_2000,-0.03915,0
Neg_328,-0.47848,0
Neg_2022,-0.40213,0
Neg_1676,1.50668,0
Neg_47,0.33893,0
Neg_889,2.25863,0
Neg_2715,0.01781,0
Neg_2214,0.57613,0
Neg_1579,1.31821,0
Neg_878,-1.65153,0
Neg_2103,1.34658,0
Neg_1114,0.33363,0
Neg_681,-0.5236,0
Neg_346,-0.14762,0
Neg_2532,0.10208,0
Neg_1669,0.29948,0
Neg_949,0.5141,0
Neg_1081,1.11279,0
Neg_501,1.50668,0
Neg_2079,1.27035,0
Neg_2360,-0.18282,0
Neg_1492,0.95524,0
Neg_1400,0.32503,0
Neg_840,1.21474,0
Neg_1343,0.34254,0
Neg_1169,-0.89958,0
Neg_1095,-0.14762,0
Neg_2160,-0.759,0
Neg_1886,0.12525,0
Neg_462,1.32286,0
Neg_1618,1.15718,0
Neg_1638,0.81564,0
Neg_335,1.94643,0
Neg_2543,1.16043,0
Neg_1503,0.26595,0
Neg_2634,-0.41771,0
Neg_1295,-0.77358,0
Neg_1778,-1.47106,0
Neg_1420,1.18989,0
Neg_2915,1.92523,0
Neg_823,-0.30902,0
Neg_1675,0.05598,0
Neg_589,-0.71807,0
Neg_1481,0.89481,0
Neg_2342,-0.62028,0
Neg_1054,-2.31094,0
Neg_2098,0.59948,0
Neg_2847,-0.5273,0
Neg_2645,-0.90771,0
Neg_1236,-0.27997,0
Neg_1108,0.53691,0
Neg_2375,-1.70461,0
Neg_1516,-0.06693,0
Neg_1038,-0.78389,0
Neg_2217,-2.39275,0
Neg_2728,-0.3335,0
Neg_1386,0.33893,0
Neg_1513,0.76752,0
Neg_816,2.54827,0
Neg_2754,-0.62028,0
Neg_363,0.05412,0
Neg_2326,0.5141,0
Neg_2442,0.88631,0
Neg_2080,-0.80934,0
Neg_1213,-0.3335,0
Neg_2687,2.35142,0
Neg_1636,1.12491,0
Neg_1037,0.20687,0
Neg_36,0.0887,0
Neg_1469,-0.14762,0
Neg_1928,-0.74919,0
Neg_916,-0.73463,0
Neg_1155,0.20869,0
Neg_2793,0.72935,0
Neg_2052,-0.40213,0
Neg_1029,2.14705,0
Neg_2685,0.00277,0
Neg_280,0.81738,0
Neg_2924,-0.47848,0
Neg_1552,1.08128,0
Neg_2150,-0.71807,0
Neg_1454,0.91113,0
Neg_1438,-1.36078,0
Neg_2910,-0.7315,0
Neg_2210,-0.27248,0
Neg_284,-0.02508,0
Neg_2162,1.07512,0
Neg_740,1.02012,0
Neg_1850,0.36139,0
Neg_2864,0.20687,0
Neg_2319,-0.58297,0
Neg_2530,-0.19701,0
Neg_2094,-0.06056,0
Neg_321,-2.35336,0
Neg_2126,-0.27997,0
Neg_15,-1.1402,0
Neg_1360,0.32503,0
Neg_2640,-0.28406,0
Neg_1251,-0.74919,0
Neg_830,-1.09294,0
Neg_782,-2.7945,0
Neg_2913,-1.71921,0
Neg_794,-0.08145,0
Neg_1435,-0.51121,0
Neg_520,1.08609,0
Neg_4,-0.00377,0
Neg_228,-0.8507,0
Neg_977,-0.47848,0
Neg_618,0.18324,0
Neg_1278,2.08376,0
Neg_1858,-1.78199,0
Neg_479,1.72245,0
Neg_957,-0.80934,0
Neg_2917,-0.63521,0
Neg_1765,0.8195,0
Neg_1991,-0.32176,0
Neg_526,-1.19465,0
Neg_1715,-0.33144,0
Neg_722,-0.68284,0
Neg_747,0.36139,0
Neg_2498,2.86019,0
Neg_2636,-0.51525,0
Neg_1015,0.26595,0
Neg_785,0.36934,0
Neg_560,0.40381,0
Neg_1254,-0.14762,0
Neg_1430,0.18324,0
Neg_1253,0.4432,0
Neg_2909,0.61173,0
Neg_1540,-0.28406,0
Neg_997,1.93207,0
Neg_2812,0.18324,0
Neg_2694,0.15316,0
Neg_420,-0.59301,0
Neg_92,-0.27997,0
Neg_1822,0.047,0
Neg_678,0.36934,0
Neg_952,-0.47848,0
Neg_1067,0.38602,0
Neg_1023,0.29948,0
Neg_94,-0.14762,0
Neg_1575,-1.1402,0
Neg_2350,-0.85274,0
Neg_2445,-0.18951,0
Neg_2226,0.49384,0
Neg_568,0.23955,0
Neg_2515,-0.28842,0
Neg_1334,0.0887,0
Neg_930,0.32503,0
Neg_354,-1.32927,0
Neg_2604,-0.40213,0
Neg_69,-0.14762,0
Neg_2782,-1.08757,0
Neg_1205,-1.12074,0
Neg_1269,-1.59514,0
Neg_1188,-0.06386,0
Neg_2705,-0.62028,0
Neg_2896,0.1126,0
Neg_2890,0.24492,0
Neg_2813,1.99086,0
Neg_483,0.22758,0
Neg_2333,0.91113,0
Neg_1243,0.67953,0
Neg_2268,1.81686,0
Neg_2001,0.38602,0
Neg_783,-0.53687,0
Neg_1611,0.60433,0
Neg_2424,-0.14762,0
Neg_472,-0.71807,0
Neg_1791,-0.62028,0
Neg_645,-1.70461,0
Neg_1781,0.33893,0
Neg_205,-1.5656,0
Neg_2771,0.06583,0
Neg_1957,-0.64704,0
Neg_2408,0.79769,0
Neg_2298,0.26595,0
Neg_2301,3.98813,0
Neg_2235,1.40108,0
Neg_2056,1.0931,0
Neg_803,0.31558,0
Neg_2461,-0.27248,0
Neg_1185,0.02292,0
Neg_1794,1.94782,0
Neg_970,0.77143,0
Neg_1479,-1.04997,0
Neg_775,-0.14762,0
Neg_748,0.28055,0
Neg_1293,1.07512,0
Neg_2907,-0.14762,0
Neg_626,0.95524,0
Neg_1211,0.5141,0
Neg_2029,-1.25049,0
Neg_2484,0.81564,0
Neg_737,-1.06668,0
Neg_2637,-1.50999,0
Neg_493,-0.31515,0
Neg_1851,-1.5351,0
Neg_275,0.61173,0
Neg_606,-0.03353,0
Neg_1681,0.25232,0
Neg_861,-0.55111,0
Neg_2800,0.13141,0
Neg_390,-1.04184,0
Neg_950,-0.53687,0
Neg_2285,-0.14762,0
Neg_1066,0.03122,0
Neg_1485,1.8466,0
Neg_2718,0.2305,0
Neg_107,0.03122,0
Neg_2560,-1.39615,0
Neg_1520,0.36139,0
Neg_951,0.15316,0
Neg_2753,0.09929,0
Neg_2737,1.01584,0
Neg_2449,-1.31011,0
Neg_1538,-1.05658,0
Neg_1588,-1.2906,0
Neg_1070,2.02008,0
Neg_1907,-1.17817,0
Neg_1444,0.59512,0
Neg_2536,-0.44503,0
Neg_1336,1.01039,0
Neg_1125,1.99323,0
Neg_1238,0.72935,0
Neg_2438,-1.12074,0
Neg_2869,-0.5988,0
Neg_734,-0.65664,0
Neg_2747,0.70621,0
Neg_2767,-0.14762,0
Neg_347,0.31558,0
Neg_1890,-0.24082,0
Neg_2457,0.36934,0
Neg_2919,1.29549,0
Neg_2764,0.1126,0
Neg_834,0.67953,0
Neg_1570,0.33893,0
Neg_2750,0.03619,0
Neg_290,-0.83843,0
Neg_862,0.72935,0
Neg_2654,-1.12074,0
Neg_597,0.47987,0
Neg_353,0.15316,0
Neg_2500,-0.32176,0
Neg_1446,0.58762,0
Neg_842,0.11706,0
Neg_53,0.31558,0
Neg_291,-0.69208,0
Neg_1687,-0.76799,0
Neg_809,0.18324,0
Neg_2858,1.64081,0
Neg_1779,-0.62028,0
Neg_2114,0.07295,0
Neg_327,0.26595,0
Neg_249,-0.83216,0
Neg_514,-0.18797,0
Neg_894,1.50668,0
Neg_1154,-0.44841,0
Neg_1974,-0.54322,0
Neg_607,0.90144,0
Neg_1464,-1.69164,0
Neg_2840,1.36882,0
Neg_2251,0.63817,0
Neg_2517,-0.27997,0
Neg_1853,-0.38395,0
Neg_1312,-0.97477,0
Neg_2838,0.36139,0
Neg_1722,0.29352,0
Neg_2116,1.12491,0
Neg_2327,0.29948,0
Neg_1128,0.71261,0
Neg_1231,0.047,0
Neg_2384,2.86019,0
Neg_713,-0.14762,0
Neg_2475,1.36488,0
Neg_545,0.8195,0
Neg_1732,0.57954,0
Neg_1703,2.53671,0
Neg_2537,-0.53687,0
Neg_1601,-0.5095,0
Neg_238,0.26595,0
Neg_2704,2.60954,0
Neg_2652,1.88844,0
Neg_1700,-0.08145,0
Neg_2744,0.28936,0
Neg_43,-0.45781,0
Neg_235,2.33383,0
Neg_1433,-1.38835,0
Neg_1473,-0.00377,0
Neg_1047,-1.44743,0
Neg_2221,1.06877,0
Neg_691,1.0555,0
Neg_128,1.2909,0
Neg_1952,0.76752,0
Neg_2059,-1.78334,0
Neg_661,-0.34694,0
Neg_1100,0.72306,0
Neg_2458,-2.07764,0
Neg_983,-0.80934,0
Neg_2250,2.43722,0
Neg_674,-0.26171,0
Neg_2825,-0.86689,0
Neg_445,0.047,0
Neg_640,-0.11045,0
Neg_1903,-0.00377,0
Neg_671,-0.76799,0
Neg_2147,1.44829,0
Neg_475,-0.80934,0
Neg_1302,0.71016,0
Neg_2077,0.36139,0
Neg_2040,0.05916,0
Neg_2660,0.79769,0
Neg_2166,0.38602,0
Neg_2376,-0.23705,0
Neg_1962,-0.43533,0
Neg_1000,0.0887,0
Neg_250,-0.14762,0
Neg_1718,-0.14762,0
Neg_750,1.14853,0
Neg_1014,0.16748,0
Neg_2399,-0.07941,0
Neg_561,0.10688,0
Neg_1762,0.20065,0
Neg_1449,-0.33669,0
Neg_237,0.71549,0
Neg_345,-1.09294,0
Neg_2511,0.76224,0
Neg_2097,-1.02542,0
Neg_1966,-0.86025,0
Neg_255,0.38602,0
Neg_2365,2.21566,0
Neg_1987,0.047,0
Neg_2805,-0.78389,0
Neg_2904,-0.11386,0
Neg_2872,0.87041,0
Neg_2355,0.40381,0
Neg_576,-0.51525,0
Neg_2459,0.63817,0
Neg_971,0.74962,0
Neg_898,-0.33144,0
Neg_928,-0.80934,0
Neg_2823,-0.92413,0
Neg_2364,0.26595,0
Neg_2806,2.00297,0
Neg_1871,0.95524,0
Neg_50,-0.14762,0
Neg_2496,0.56775,0
Neg_1030,-0.677,0
Neg_1978,0.32503,0
Neg_669,-0.88287,0
Neg_1341,0.91113,0
Neg_843,-0.29802,0
Neg_761,0.72306,0
Neg_988,-0.38395,0
Neg_2255,1.57285,0
Neg_2557,-0.51525,0
Neg_2677,0.15316,0
Neg_18,-0.14762,0
Neg_315,-0.11166,0
Neg_1741,1.01039,0
Neg_2578,2.39745,0
Neg_389,0.56136,0
Neg_210,0.39256,0
Neg_2427,0.36139,0
Neg_2323,-0.02946,0
Neg_2007,1.0414,0
Neg_891,0.60433,0
Neg_387,0.56136,0
Neg_741,1.38851,0
Neg_362,-1.47106,0
Neg_1212,-0.74919,0
Neg_2057,0.5141,0
Neg_468,3.16098,0
Neg_2468,0.0887,0
Neg_873,0.01781,0
Neg_1079,-0.20778,0
Neg_1710,-0.51525,0
Neg_482,0.88631,0
Neg_121,1.92025,0
Neg_2172,-0.01258,0
Neg_1897,1.66677,0
Neg_2690,-1.52263,0
Neg_42,0.88631,0
Neg_1748,1.64847,0
Neg_620,0.54892,0
Neg_2881,-0.42334,0
Neg_188,0.54372,0
Neg_184,0.41484,0
Neg_584,2.65196,0
Neg_2423,-0.57454,0
Neg_2699,-0.55111,0
Neg_147,-0.02037,0
Neg_1376,1.20282,0
Neg_2589,-0.89473,0
Neg_2501,-1.08266,0
Neg_288,1.40539,0
Neg_982,0.45394,0
Neg_511,0.70621,0
Neg_1308,0.26595,0
Neg_125,1.37254,0
Neg_564,0.10412,0
Neg_2039,0.37059,0
Neg_1237,2.15401,0
Neg_749,1.16441,0
Neg_189,-0.19932,0
Neg_2815,-0.32176,0
Neg_2573,-0.14762,0
Neg_911,-0.64391,0
Neg_2225,0.28055,0
Neg_591,0.9228,0
Neg_428,0.95524,0
Neg_739,0.60433,0
Neg_449,-0.97477,0
Neg_1358,0.98971,0
Neg_707,-1.69164,0
Neg_1196,-0.18797,0
Neg_1113,2.04321,0
Neg_1437,-0.86198,0
Neg_996,-0.35441,0
Neg_2480,-0.14762,0
Neg_2324,0.26595,0
Neg_2391,-0.14762,0
Neg_1084,-0.14762,0
Neg_1194,-0.74919,0
Neg_908,-0.80934,0
Neg_638,-0.677,0
Neg_2741,-0.3758,0
Neg_1368,0.03122,0
Neg_1005,0.15316,0
Neg_2790,0.4432,0
Neg_1572,0.76752,0
Neg_1734,0.37059,0
Neg_435,-0.14762,0
Neg_409,-1.70461,0
Neg_436,3.01712,0
Neg_1409,0.59948,0
Neg_1603,-0.43533,0
Neg_2900,-0.32176,0
Neg_469,-0.76448,0
Neg_395,-1.10538,0
Neg_2006,-1.1479,0
Neg_2138,-0.14762,0
Neg_1534,-1.59514,0
Neg_726,-0.51525,0
Neg_2658,0.24492,0
Neg_885,-0.14762,0
Neg_1364,-0.69906,0
Neg_2867,-1.11263,0
Neg_1869,0.56435,0
Neg_429,-1.84664,0
Neg_1518,0.17517,0
Neg_2431,0.41097,0
Neg_788,0.26595,0
Neg_2574,-0.0409,0
Neg_1548,1.42256,0
Neg_1959,-0.88287,0
Neg_1124,0.21496,0
Neg_1324,1.10154,0
Neg_1533,0.0887,0
Neg_2429,0.63087,0
Neg_2123,-0.02731,0
Neg_384,2.49926,0
Neg_2551,-0.14762,0
Neg_380,0.82754,0
Neg_1697,0.72306,0
Neg_2382,0.26595,0
Neg_193,-0.14762,0
Neg_392,-0.76448,0
Neg_1136,1.0555,0
Neg_2371,-0.42334,0
Neg_910,-0.4996,0
Neg_656,-0.83692,0
Neg_718,-2.08351,0
Neg_400,-0.37118,0
Neg_742,0.15316,0
Neg_1273,0.49384,0
Neg_2830,-0.25435,0
Neg_567,0.60433,0
Neg_588,0.57164,0
Neg_183,2.66821,0
Neg_2770,-1.43055,0
Neg_864,1.79861,0
Neg_2883,0.72306,0
Neg_2689,-0.97477,0
Neg_1381,0.38175,0
Neg_829,1.2909,0
Neg_2495,-0.04423,0
Neg_1148,2.19385,0
Neg_819,-0.80934,0
Neg_2683,-0.14762,0
Neg_1304,0.31838,0
Neg_932,-0.97477,0
Neg_2003,-0.29802,0
Neg_1512,-0.03353,0
Neg_789,2.41538,0
Neg_1705,0.32991,0
Neg_360,-0.41231,0
Neg_2473,-0.40213,0
Neg_1567,-0.59625,0
Neg_2582,-1.06034,0
Neg_980,-0.89473,0
Neg_2740,2.25863,0
Neg_1041,1.10428,0
Neg_2713,1.60032,0
Neg_593,0.40381,0
Neg_1882,0.47274,0
Neg_2760,0.16748,0
Neg_1296,-0.66459,0
Neg_784,-0.06056,0
Neg_2205,0.26595,0
Neg_981,1.86117,0
Neg_115,-0.30518,0
Neg_499,0.28629,0
Neg_877,0.32503,0
Neg_594,-0.53687,0
Neg_596,0.43871,0
Neg_156,1.15218,0
Neg_1199,1.50668,0
Neg_1091,0.15316,0
Neg_2380,-0.84417,0
Neg_1193,-0.02037,0
Neg_2038,-0.21515,0
Neg_796,0.5141,0
Neg_583,0.15316,0
Neg_1399,-0.66459,0
Neg_773,-0.97477,0
Neg_2320,-1.29844,0
Neg_2170,2.19385,0
Neg_1443,-0.38825,0
Neg_1969,1.12491,0
Neg_1220,0.5141,0
Neg_1111,0.91113,0
Neg_2065,-1.05314,0
Neg_1451,2.16215,0
Neg_1328,0.17051,0
Neg_140,0.33893,0
Neg_258,-0.84417,0
Neg_175,0.45394,0
Neg_2922,1.50668,0
Neg_577,0.02425,0
Neg_1641,0.07295,0
Neg_758,-1.02542,0
Neg_2195,-0.28548,0
Neg_157,-0.14762,0
Neg_2325,1.67781,0
Neg_181,0.30513,0
Neg_2641,0.28206,0
Neg_1505,-1.69722,0
Neg_2608,0.77444,0
Neg_2181,-0.11045,0
Neg_2798,-0.07491,0
Neg_924,0.15316,0
Neg_1138,-0.14762,0
Neg_2880,1.0555,0
Neg_2670,0.95524,0
Neg_925,-0.54466,0
Neg_230,0.57613,0
Neg_2071,-0.62028,0
Neg_2650,-0.97477,0
Neg_841,0.8512,0
Neg_2054,1.0555,0
Neg_146,-0.62028,0
Neg_162,-0.69906,0
Neg_990,0.20869,0
Neg_2024,0.01781,0
Neg_155,1.61696,0
Neg_1412,-1.18747,0
Neg_619,-0.14762,0
Neg_154,-0.73969,0
Neg_264,-0.64145,0
Neg_457,-0.89958,0
Neg_1529,-0.36458,0
Neg_1725,-1.47106,0
Neg_582,1.50668,0
Neg_2293,-1.16566,0
Neg_2023,-0.82285,0
Neg_1192,0.8512,0
Neg_1702,1.33554,0
Neg_989,-0.14762,0
Neg_856,-0.18951,0
Neg_2460,1.18989,0
Neg_1967,0.32991,0
Neg_1584,-1.47106,0
Neg_909,0.20065,0
Neg_517,1.39639,0
Neg_2302,1.19257,0
Neg_1633,1.88844,0
Neg_2563,-0.80934,0
Neg_2911,-0.48989,0
Neg_1261,2.05811,0
Neg_2493,0.24162,0
Neg_1707,0.93403,0
Neg_2035,1.57466,0
Neg_2507,1.58545,0
Neg_2843,-0.45976,0
Neg_2279,0.65935,0
Neg_633,0.83601,0
Neg_1442,0.67953,0
Neg_1910,-0.20778,0
Neg_2307,0.18742,0
Neg_1627,0.79769,0
Neg_1043,0.047,0
Neg_851,0.00626,0
Neg_1342,0.32503,0
Neg_507,0.22,0
Neg_2892,-0.18282,0
Neg_887,-1.31537,0
Neg_2177,-0.27997,0
Neg_2875,-2.94721,0
Neg_187,1.63075,0
Neg_731,1.32286,0
Neg_2878,-0.41445,0
Neg_1195,-0.24943,0
Neg_2134,0.72306,0
Neg_209,0.87311,0
Neg_2339,-1.54282,0
Neg_1950,-1.5656,0
Neg_1521,1.14354,0
Neg_2328,0.95524,0
Neg_504,0.01183,0
Neg_1415,-0.09426,0
Neg_1244,0.67953,0
Neg_2317,-1.80192,0
Neg_1759,1.95785,0
Neg_1105,1.01039,0
Neg_1599,0.5141,0
Neg_349,-0.59301,0
Neg_2091,-0.40213,0
Neg_2417,1.02639,0
Neg_100,0.0887,0
Neg_2420,0.5141,0
Neg_1970,-0.64704,0
Neg_893,3.58789,0
Neg_2534,-0.85661,0
Neg_481,1.82346,0
Neg_1894,-1.07962,0
Neg_627,0.00108,0
Neg_2523,0.33565,0
Neg_1173,3.16098,0
Neg_2625,0.03122,0
Neg_2452,-0.47848,0
Neg_754,-1.38835,0
Neg_2294,0.11706,0
Neg_2466,1.24547,0
Neg_1017,-0.57918,0
Neg_539,-0.63944,0
Neg_2199,-0.28548,0
Neg_1739,-0.32176,0
Neg_1318,0.21201,0
Neg_2842,-0.10915,0
Neg_1817,-0.66022,0
Neg_1427,-0.14762,0
Neg_60,0.32991,0
Neg_1202,1.04501,0
Neg_1417,0.18999,0
Neg_1392,-0.97477,0
Neg_1245,-0.14762,0
Neg_1621,-0.74919,0
Neg_2101,-0.01258,0
Neg_1662,-0.88921,0
Neg_967,-0.70754,0
Neg_1576,-0.14762,0
Neg_1044,1.50668,0
Neg_2674,-0.00377,0
Neg_81,-0.09672,0
Neg_1408,0.5141,0
Neg_1528,-1.61811,0
Neg_2218,0.94271,0
Neg_913,0.77684,0
Neg_1553,0.16748,0
Neg_1203,0.0887,0
Neg_2776,-0.27997,0
Neg_2133,-0.72663,0
Neg_1961,-0.14762,0
Neg_1895,0.047,0
Neg_2043,-0.00377,0
Neg_334,-1.02542,0
Neg_2174,-0.41771,0
Neg_1792,-1.75023,0
Neg_1052,-0.14762,0
Neg_1327,-2.29821,0
Neg_2663,0.65935,0
Neg_644,0.78292,0
Neg_2092,-1.96735,0
Neg_559,0.15316,0
Neg_487,-0.04736,0
Neg_2018,1.14354,0
Neg_1474,0.39732,0
Neg_1264,-0.14762,0
Neg_884,0.32503,0
Neg_1191,1.11487,0
Neg_1852,0.36139,0
Neg_786,0.42778,0
Neg_1686,-0.62028,0
Neg_2755,1.29549,0
Neg_2143,-0.19932,0
Neg_2619,-0.69906,0
Neg_1600,0.13396,0
Neg_725,-0.97477,0
Neg_70,0.047,0
Neg_2340,0.40381,0
Neg_1366,-1.47106,0
Neg_458,-0.54694,0
Neg_744,0.5141,0
Neg_2839,-1.78044,0
Neg_575,2.15401,0
Neg_1839,0.79769,0
Neg_2678,0.0529,0
Neg_1204,0.20687,0
Neg_2351,-0.02037,0
Neg_2899,-0.14762,0
Neg_2474,0.57613,0
Neg_1760,2.39291,0
Neg_369,0.0887,0
Neg_2710,-0.46489,0
Neg_2852,-0.73845,0
Neg_1373,-0.14762,0
Neg_2807,0.77444,0
Neg_543,0.55633,0
Neg_1453,-0.46273,0
Neg_860,-0.14762,0
Neg_223,-0.06693,0
Neg_1842,0.82214,0
Neg_1769,1.50668,0
Neg_2295,-0.41771,0
Neg_1598,0.40381,0
Neg_642,-0.00977,0
Neg_2592,1.35628,0
Neg_2426,0.8327,0
Neg_1004,-1.07403,0
Neg_2066,-0.14762,0
Neg_1482,-1.1402,0
Neg_111,1.29549,0
Neg_2546,-0.20778,0
Neg_2168,-0.56643,0
Neg_1605,-0.21125,0
Neg_2512,0.5141,0
Neg_93,-1.32927,0
Neg_772,0.18324,0
Neg_206,1.65707,0
Neg_723,-0.97477,0
Neg_1946,-0.97477,0
Neg_2284,0.72306,0
Neg_2267,0.07899,0
Neg_778,-0.14762,0
Neg_87,0.63087,0
Neg_2746,1.17582,0
Neg_1171,2.29029,0
Neg_1671,0.06583,0
Neg_2416,-0.47848,0
Neg_1935,-1.82662,0
Neg_2891,0.29127,0
Neg_1354,0.18324,0
Neg_763,-0.35441,0
Neg_1222,1.50668,0
Neg_371,-0.87809,0
Neg_1955,0.63087,0
Neg_2848,1.17582,0
Neg_2766,0.65589,0
Neg_2233,0.18324,0
Neg_1833,0.00277,0
Neg_1123,0.22,0
Neg_2809,-0.20778,0
Neg_2194,-1.20036,0
Neg_2144,0.32503,0
Neg_27,0.85498,0
Neg_2559,-0.35441,0
Neg_2373,-1.25049,0
Neg_2161,0.39732,0
Neg_1954,0.5141,0
Neg_23,0.00626,0
Neg_1075,0.35093,0
Neg_2385,-0.71357,0
Neg_1821,0.72306,0
Neg_2256,-0.33144,0
Neg_2171,0.71261,0
Neg_921,1.18989,0
Neg_832,1.12491,0
Neg_552,-0.25435,0
Neg_1002,-0.59301,0
Neg_123,0.26595,0
Neg_204,-0.62028,0
Neg_375,2.25111,0
Neg_372,0.67953,0
Neg_1287,-1.30563,0
Neg_2125,-0.62028,0
Neg_74,0.63087,0
Neg_871,-0.06056,0
Neg_694,-1.04997,0
Neg_824,-0.66459,0
Neg_2063,0.9228,0
Neg_1031,0.41726,0
Neg_332,1.96834,0
Neg_1165,-0.35441,0
Neg_2186,1.12491,0
Neg_1986,0.00277,0
Neg_2394,0.29352,0
Neg_1379,-0.30902,0
Neg_2522,-0.80165,0
Neg_1899,0.651,0
Neg_1322,-1.21942,0
Neg_2414,-0.29148,0
Neg_26,1.50668,0
Neg_1284,1.02639,0
Neg_820,0.17051,0
Neg_863,-0.63521,0
Neg_268,2.32474,0
Neg_2153,-1.51948,0
Neg_63,0.047,0
Neg_687,-1.65153,0
Neg_1297,1.02639,0
Neg_1556,0.47987,0
Neg_2455,0.27929,0
Neg_1016,-0.47848,0
Neg_366,0.63087,0
Neg_641,-1.29844,0
Neg_2874,-0.88287,0
Neg_948,0.73467,0
Neg_2780,1.50668,0
Neg_760,0.21496,0
Neg_1782,0.22593,0
Neg_2735,-0.93982,0
Neg_705,0.21201,0
Neg_764,-0.35441,0
Neg_1582,-1.47106,0
Neg_1061,-0.52042,0
Neg_2183,0.1376,0
Neg_1543,-1.47106,0
Neg_1964,-0.38825,0
Neg_1330,-0.84417,0
Neg_2411,-0.18951,0
Neg_25,1.69756,0
Neg_1463,1.72245,0
Neg_1738,0.5141,0
Neg_2261,-0.79753,0
Neg_1416,0.58762,0
Neg_2389,0.00108,0
Neg_2905,0.63087,0
Neg_1488,-0.51525,0
Neg_180,0.73467,0
Neg_557,-0.00377,0
Neg_1595,-0.43533,0
Neg_1103,1.34658,0
Neg_510,-0.83692,0
Neg_2472,0.97871,0
Neg_122,0.95524,0
Neg_2290,-0.93539,0
Neg_2696,0.37874,0
Neg_1289,0.01781,0
Neg_1936,0.19464,0
Neg_2265,-0.68623,0
Neg_2555,0.26595,0
Neg_1580,0.42778,0
Neg_2082,1.743,0
Neg_1591,-0.54694,0
Neg_1470,1.50668,0
Neg_1509,1.0414,0
Neg_77,0.95524,0
Neg_1247,0.30513,0
Neg_2122,0.651,0
Neg_1953,1.34658,0
Neg_2894,-0.14762,0
Neg_1260,0.4432,0
Neg_2719,0.0887,0
Neg_2111,-0.60086,0
Neg_1531,0.59512,0
Neg_1519,-0.46781,0
Neg_2540,1.01039,0
Neg_2113,2.49926,0
Neg_1965,0.31838,0
Neg_48,-1.32927,0
Neg_625,0.53988,0
Neg_2721,-0.31305,0
Neg_2716,-1.50651,0
Neg_1116,1.22308,0
Neg_2714,-0.57454,0
Neg_729,0.47987,0
Neg_770,2.86019,0
Neg_1441,0.26595,0
Neg_1629,0.26595,0
Neg_65,-2.13278,0
Neg_2121,0.60433,0
Neg_271,-0.64704,0
Neg_2572,-1.47106,0
Neg_2089,-0.83432,0
Neg_655,2.00854,0
Neg_806,0.11706,0
Neg_1034,-0.0852,0
Neg_2211,-0.24494,0
Neg_393,0.55227,0
Neg_2684,0.02425,0
Neg_2028,0.20065,0
Neg_1695,0.1376,0
Neg_1024,-0.62028,0
Neg_881,-0.07723,0
Neg_2862,-0.52042,0
Neg_632,0.20065,0
Neg_665,-0.64391,0
Neg_1699,0.28055,0
Neg_1752,-1.47106,0
Neg_1536,-0.60086,0
Neg_1132,0.33125,0
Neg_692,0.43625,0
Neg_2046,0.14188,0
Neg_866,-0.59625,0
Neg_719,0.60433,0
Neg_2407,-0.53687,0
Neg_668,0.66193,0
Neg_2488,0.01781,0
Neg_359,2.58557,0
Neg_1168,2.21566,0
Neg_578,-0.11386,0
Neg_2655,0.15316,0
Neg_1419,-1.5656,0
Neg_426,1.01039,0
Neg_1644,0.32503,0
Neg_643,-0.00377,0
Neg_1902,-0.5612,0
Neg_385,1.50668,0
Neg_2361,1.08128,0
Neg_907,-0.59105,0
Neg_399,0.16256,0
Neg_1577,0.65589,0
Neg_2127,0.5141,0
Neg_73,0.20065,0
Neg_2598,0.27929,0
Neg_516,-1.80192,0
Neg_1466,-0.04423,0
Neg_672,0.47987,0
Neg_630,0.04036,0
Neg_39,0.11706,0
Neg_2465,0.01781,0
Neg_2722,-0.02946,0
Neg_2105,-0.74919,0
Neg_1077,0.01781,0
Neg_2550,-0.91707,0
Neg_1756,-0.14762,0
Neg_172,-0.57454,0
Neg_1428,0.42104,0
Neg_797,0.38602,0
Neg_2239,-0.26579,0
Neg_1268,-1.04184,0
Neg_112,-0.88287,0
Neg_2432,-2.1891,0
Neg_1624,0.12809,0
Neg_1571,-1.29844,0
Neg_753,-0.89473,0
Neg_1875,0.60433,0
Neg_2353,-1.36658,0
Neg_1805,0.24743,0
Neg_1530,0.17256,0
Neg_357,0.251,0
Neg_695,0.33565,0
Neg_551,-0.5612,0
Neg_2897,-1.22292,0
Neg_438,1.86482,0
Neg_858,0.81738,0
Neg_1072,0.1376,0
Neg_698,-0.77358,0
Neg_2433,-0.51525,0
Neg_186,1.31579,0
Neg_1915,0.21632,0
Neg_2470,0.73467,0
Neg_1547,-0.44841,0
Neg_313,0.34515,0
Neg_1232,0.32503,0
Neg_2015,-0.52042,0
Neg_1413,1.37254,0
Neg_1495,-0.33144,0
Neg_2297,-1.38835,0
Neg_416,-1.80192,0
Neg_1252,0.07669,0
Neg_1013,-0.66022,0
Neg_1631,1.50668,0
Neg_874,1.70924,0
Neg_1984,-0.43533,0
Neg_1431,0.67953,0
Neg_505,-0.40213,0
Neg_2401,0.17256,0
Neg_2119,1.90371,0
Neg_1685,-0.03353,0
Neg_2727,0.42282,0
Neg_1640,0.31307,0
Neg_1134,0.41726,0
Neg_799,1.22786,0
Neg_790,-0.27248,0
Neg_2135,-0.41771,0
Neg_2208,0.91113,0
Neg_1475,-0.91707,0
Neg_1085,1.06692,0
Neg_1713,0.9228,0
Neg_309,0.34515,0
Neg_1162,-1.28496,0
Neg_2075,2.55941,0
Neg_1698,1.41304,0
Neg_518,3.16098,0
Neg_1163,0.35251,0
Neg_1359,-0.14762,0
Neg_1119,0.4849,0
Neg_2643,2.11854,0
Neg_277,0.3199,0
Neg_1587,-1.007,0
Neg_2585,0.15316,0
Neg_1060,-1.12074,0
Neg_330,0.26595,0
Neg_1369,0.4432,0
Neg_2785,0.00626,0
Neg_2535,0.3723,0
Neg_1564,-0.19116,0
Neg_2036,-0.68284,0
Neg_1200,0.15316,0
Neg_1709,-1.00541,0
Neg_1329,-0.32892,0
Neg_32,-1.85529,0
Neg_776,1.64081,0
Neg_437,1.40108,0
Neg_2653,-0.14762,0
Neg_95,0.01781,0
Neg_1757,-1.23148,0
Neg_780,0.82992,0
Neg_1804,-0.90771,0
Neg_1545,-0.76799,0
Neg_2797,-2.23459,0
Neg_430,2.29029,0
Neg_1573,0.26595,0
Neg_1378,0.89897,0
Neg_473,0.46185,0
Neg_649,-0.72663,0
Neg_524,-0.18655,0
Neg_1517,-1.21942,0
Neg_880,0.10688,0
Neg_1693,0.59246,0
Neg_1092,0.57164,0
Neg_1226,-0.54322,0
Neg_246,-0.14762,0
Neg_442,1.79861,0
Neg_2422,0.40381,0
Neg_2661,0.5542,0
Neg_2189,-0.14762,0
Neg_673,0.63087,0
Neg_2244,0.69876,0
Neg_613,-1.77862,0
Neg_1133,0.46185,0
Neg_1919,-1.1402,0
Neg_1393,0.58762,0
Neg_1980,-0.06693,0
Neg_195,-0.28548,0
Neg_2354,-0.14762,0
Neg_2388,0.07295,0
Neg_1181,2.15401,0
Neg_1550,0.88631,0
Neg_2158,0.29948,0
Neg_2197,-0.62028,0
Neg_2274,-0.55655,0
Neg_2679,-1.29844,0
Neg_1439,1.83754,0
Neg_2281,1.08812,0
Neg_2841,0.32503,0
Neg_2266,-0.38825,0
Neg_571,-1.84328,0
Neg_1009,0.10208,0
Neg_1655,0.05916,0
Neg_1487,0.95524,0
Neg_28,-0.87552,0
Neg_2509,-0.64391,0
Neg_2175,-0.23705,0
Neg_2232,0.35251,0
Neg_201,0.67953,0
Neg_1333,-0.30902,0
Neg_2778,-0.74919,0
Neg_1704,-0.3758,0
Neg_2156,1.25853,0
Neg_1706,0.29948,0
Neg_143,0.77878,0
Neg_2595,1.37254,0
Neg_166,-0.4933,0
Neg_2209,1.33554,0
Neg_1608,1.62484,0
Neg_1581,-0.66459,0
Neg_1609,0.53567,0
Neg_865,1.42532,0
Neg_666,-1.37873,0
Neg_1267,-0.02037,0
Neg_639,-0.27997,0
Neg_1590,1.91347,0
Neg_1701,-1.5656,0
Neg_1093,0.93403,0
Neg_752,1.58303,0
Neg_1210,-1.21492,0
Neg_2603,0.81564,0
Neg_463,-0.62028,0
Neg_972,0.30355,0
Neg_1224,3.76254,0
Neg_1027,-0.53073,0
Neg_2430,-0.03353,0
Neg_282,2.13417,0
Neg_421,0.05598,0
Neg_986,1.09797,0
Neg_1349,0.20687,0
Neg_495,0.91113,0
Neg_2223,0.67953,0
Neg_2245,2.4456,0
Neg_522,-0.18522,0
Neg_490,-0.43533,0
Neg_153,-0.0409,0
Neg_1916,0.79769,0
Neg_2569,-0.63521,0
Neg_1724,0.33893,0
Neg_220,-0.3758,0
Neg_573,1.50668,0
Neg_2008,1.01584,0
Neg_2076,0.88631,0
Neg_1440,-0.25978,0
Neg_1258,0.79769,0
Neg_2009,-1.09294,0
Neg_486,-0.23705,0
Neg_555,-1.03248,0
Neg_232,0.67953,0
Neg_1407,0.79769,0
Neg_637,-0.74919,0
Neg_2372,1.27035,0
Neg_338,-0.28842,0
Neg_192,0.16535,0
Neg_1926,-0.30518,0
Neg_1337,1.11279,0
Neg_2531,-0.35441,0
Neg_765,-0.74919,0
Neg_98,0.22,0
Neg_2026,0.29352,0
Neg_1650,-0.11045,0
Neg_386,-0.32176,0
Neg_14,0.651,0
Neg_1660,0.33363,0
Neg_2005,-1.18747,0
Neg_2292,-0.14762,0
Neg_117,0.97494,0
Neg_424,-0.3682,0
Neg_2444,-1.71103,0
Neg_1668,-0.24082,0
Neg_1025,-0.88287,0
Neg_164,-0.38395,0
Neg_2016,0.05916,0
Neg_2102,-0.88921,0
Neg_247,-0.24494,0
Neg_488,-0.72663,0
Neg_679,0.22,0
Neg_818,0.60433,0
Neg_2499,-0.22457,0
Neg_1976,0.22593,0
Neg_2906,2.15401,0
Neg_1983,0.5141,0
Neg_2100,0.16256,0
Neg_2451,-0.40213,0
Neg_888,0.00993,0
Neg_402,2.24583,0
Neg_569,-0.5236,0
Neg_1480,-0.47848,0
Neg_2632,-0.18282,0
Neg_1799,-1.05314,0
Neg_1198,-0.25435,0
Neg_105,1.50668,0
Neg_536,-1.5656,0
Neg_382,0.10688,0
Neg_2073,0.29948,0
Neg_530,-0.71807,0
Neg_1566,-0.97477,0
Neg_1996,-0.04423,0
Neg_827,-1.29844,0
Neg_800,-0.73845,0
Neg_1849,-0.47848,0
Neg_6,0.20065,0
Neg_174,1.50668,0
Neg_2072,0.58762,0
Neg_1934,-2.46364,0
Neg_615,1.12491,0
Neg_425,-0.3682,0
Neg_1646,0.33363,0
Neg_738,0.79769,0
Neg_1286,-1.09294,0
Neg_963,-0.5988,0
Neg_2190,0.87041,0
Neg_212,0.26595,0
Neg_730,0.30355,0
Neg_319,-0.00377,0
Neg_1401,0.74315,0
Neg_1035,0.54611,0
Neg_1190,0.11706,0
Neg_1508,0.05412,0
Neg_1653,-0.93272,0
Neg_2304,0.30873,0
Neg_1355,-1.65153,0
Neg_1434,-1.08266,0
Neg_2485,1.743,0
Neg_367,0.15316,0
Neg_1625,0.64014,0
Neg_2700,-1.09294,0
Neg_150,-0.52042,0
Neg_30,0.43871,0
Neg_452,0.13396,0
Neg_905,-0.52939,0
Neg_2519,-0.32176,0
Neg_1361,0.39256,0
Neg_2014,2.33383,0
Neg_2510,0.5141,0
Neg_2920,-1.47106,0
Neg_1963,0.72306,0
Neg_311,2.60954,0
Neg_134,0.15316,0
Neg_194,0.42778,0
Neg_947,0.41097,0
Neg_1215,0.18999,0
Neg_882,1.81686,0
Neg_1465,2.12704,0
Neg_1711,0.70621,0
Neg_956,-0.82285,0
Neg_99,-0.11166,0
Neg_2313,-0.37923,0
Neg_1819,-0.58877,0
Neg_1891,-1.65153,0
Neg_119,0.18999,0
Neg_2288,-0.10291,0
Neg_2253,-0.10102,0
Neg_2736,-1.1402,0
Neg_2730,0.63087,0
Neg_2856,0.42778,0
Neg_1186,-1.47106,0
Neg_850,1.64081,0
Neg_1774,0.5141,0
Neg_1923,1.0931,0
Neg_1266,-1.49902,0
Neg_652,-0.72663,0
Neg_1259,-0.677,0
Neg_2822,2.05811,0
Neg_804,0.15316,0
Neg_1565,1.14099,0
Neg_1331,2.38248,0
Neg_1375,-0.97477,0
Neg_1537,1.01039,0
Neg_304,0.57164,0
Neg_1554,0.84496,0
Neg_466,0.79769,0
Neg_1562,-0.47848,0
Neg_2565,-1.18747,0
Neg_394,-1.12795,0
Neg_2558,0.0529,0
Neg_544,0.74315,0
Neg_179,-0.72663,0
Neg_1057,-0.84417,0
Neg_2837,0.16256,0
Neg_1053,2.24192,0
Neg_2283,2.2702,0
Neg_1612,0.42778,0
Neg_700,1.61227,0
Neg_2176,1.33554,0
Neg_1761,0.0887,0
Neg_2213,0.4849,0
Neg_1829,0.54372,0
Neg_1338,0.12357,0
Neg_1346,-0.47848,0
Neg_441,-0.36108,0
Neg_1743,-0.14762,0
Neg_2367,-0.5236,0
Neg_337,-0.14762,0
Neg_1371,-0.44841,0
Neg_2743,-0.69906,0
Neg_500,1.30816,0
Neg_408,-0.74919,0
Neg_2761,0.4432,0
Neg_2584,1.69049,0
Neg_142,0.41484,0
Neg_225,-0.35441,0
Neg_1476,2.5206,0
Neg_1498,-1.15459,0
Neg_1385,-0.57454,0
Neg_2698,0.01781,0
Neg_295,-0.54694,0
Neg_2362,0.38175,0
Neg_867,0.88631,0
Neg_1314,0.047,0
Neg_1398,0.21201,0
Neg_817,-0.38395,0
Neg_1403,-0.1128,0
Neg_959,1.24547,0
Neg_108,1.30816,0
Neg_2110,1.30816,0
Neg_2117,0.6668,0
Neg_2310,-1.18156,0
Neg_1813,0.01781,0
Neg_869,-0.43533,0
Neg_1682,-0.42801,0
Neg_902,1.58075,0
Neg_1135,2.29029,0
Neg_485,0.79769,0
Neg_1645,0.70621,0
Neg_221,-0.76799,0
Neg_838,0.98427,0
Neg_2064,1.25853,0
Neg_1339,0.31558,0
Neg_2271,-0.20467,0
Neg_1951,-0.74919,0
Neg_1856,-0.55484,0
Neg_1003,-0.18797,0
Neg_1901,-0.06056,0
Neg_1563,-1.26481,0
Neg_2201,2.21566,0
Neg_2575,-0.80165,0
Neg_1221,-0.01258,0
Neg_340,0.67953,0
Neg_1074,-1.12074,0
Neg_1374,0.22,0
Neg_2571,1.50668,0
Neg_1183,-0.677,0
Neg_2870,-0.00377,0
Neg_1083,1.08128,0
Neg_167,-0.3758,0
Neg_344,2.7474,0
Neg_1326,0.95524,0
Neg_1370,4.48442,0
Neg_2695,1.08812,0
Neg_1058,1.50668,0
Neg_1678,2.49926,0
Neg_610,-0.55111,0
Neg_897,0.06178,0
Neg_132,0.047,0
Neg_677,1.34658,0
Neg_813,0.0887,0
Neg_1019,1.85292,0
Neg_828,0.07295,0
Neg_1816,0.3723,0
Neg_253,-1.06447,0
Neg_1690,1.75482,0
Neg_467,-0.80934,0
Neg_1677,1.50668,0
Neg_1184,-0.14762,0
Neg_2363,-1.76673,0
Neg_2801,0.047,0
Neg_1607,0.74962,0
Neg_2193,-0.09426,0
Neg_427,-0.41445,0
Neg_792,1.01039,0
Neg_1150,0.64356,0
Neg_1620,0.5141,0
Neg_329,-0.14762,0
Neg_412,-0.5612,0
Neg_2107,0.25232,0
Neg_1347,0.59948,0
Neg_2649,2.96635,0
Neg_1559,0.10688,0
Neg_176,1.26458,0
Neg_826,0.95524,0
Neg_1461,0.5141,0
Neg_281,1.0555,0
Neg_2733,0.77444,0
Neg_2492,-0.0409,0
Neg_623,-0.8507,0
Neg_2280,1.18989,0
Neg_751,0.66392,0
Neg_2711,-0.57454,0
Neg_844,1.70519,0
Neg_2577,0.30873,0
Neg_1087,1.25086,0
Neg_388,1.02012,0
Neg_670,1.03848,0
Neg_1159,1.25853,0
Neg_2772,-1.1267,0
Neg_1736,0.07295,0
Neg_339,-0.40213,0
Neg_2366,0.04036,0
Neg_331,-0.62028,0
Neg_1388,0.64014,0
Neg_2112,0.81738,0
Neg_1610,-0.25435,0
Neg_2146,-1.17329,0
Neg_525,-0.87138,0
Neg_2300,-0.14762,0
Neg_714,0.29127,0
Neg_236,-0.04423,0
Neg_1515,0.15316,0
Neg_985,-0.76208,0
Neg_198,0.87503,0
Neg_2591,0.047,0
Neg_1102,-0.34515,0
Neg_1654,-0.97477,0
Neg_2167,0.03417,0
Neg_1270,0.30873,0
Neg_590,-0.73969,0
Neg_1115,0.58762,0
Neg_2846,0.40381,0
Neg_1838,-0.32744,0
Neg_548,-1.10538,0
Neg_2526,0.88631,0
Neg_1922,-0.52939,0
Neg_2471,0.29352,0
Neg_1459,0.74962,0
Neg_2356,-1.75466,0
Neg_801,-0.01258,0
Neg_553,1.88844,0
Neg_1811,0.11086,0
Neg_1158,1.06877,0
Neg_391,0.26595,0
Neg_269,1.0931,0
Neg_2109,0.39256,0
Neg_1279,0.57613,0
Neg_197,0.5141,0
Neg_2312,-0.29802,0
Neg_1754,0.17517,0
Neg_61,-0.74919,0
Neg_587,-1.04184,0
Neg_35,-0.62028,0
Neg_1452,1.50668,0
Neg_341,-0.62028,0
Neg_709,0.40381,0
Neg_1623,0.26595,0
Neg_1835,2.5515,0
Neg_1499,-0.67004,0
Neg_2701,0.41726,0
Neg_185,0.42778,0
Neg_532,1.12491,0
Neg_1049,2.08675,0
Neg_2203,0.79769,0
Neg_351,-0.92413,0
Neg_1511,0.36139,0
Neg_432,-1.73,0
Neg_1708,0.11706,0
Neg_1616,-1.54742,0
Neg_316,1.2909,0
Neg_1845,-0.97477,0
Neg_1042,-1.26481,0
Neg_2467,0.66392,0
Neg_76,-0.38395,0
Neg_383,-0.84417,0
Neg_1783,-0.45976,0
Neg_2387,1.18989,0
Neg_161,0.53988,0
Neg_297,0.88631,0
Neg_1854,0.047,0
Neg_1749,0.64356,0
Neg_1467,-0.68623,0
Neg_1234,-0.80934,0
Neg_969,2.38248,0
Neg_2061,-1.20036,0
Neg_241,-1.04997,0
Neg_350,0.5141,0
Neg_124,0.90511,0
Neg_2482,0.21201,0
Neg_1086,0.85934,0
Neg_2791,-0.42334,0
Neg_1879,-0.28406,0
Neg_1827,1.16441,0
Neg_622,-1.06034,0
Neg_658,-1.41268,0
Neg_791,0.79769,0
Neg_1472,1.29989,0
Neg_196,0.14008,0
Neg_1282,0.87041,0
Neg_944,1.70519,0
Neg_2374,-1.0353,0
Neg_1523,-0.41081,0
Neg_883,-0.97477,0
Neg_498,0.98971,0
Neg_547,0.74315,0
Neg_1867,-1.28496,0
Neg_2901,0.63087,0
Neg_1209,-0.28842,0
Neg_663,-0.62028,0
Neg_52,0.47047,0
Neg_2436,-0.24494,0
Neg_942,-0.97477,0
Neg_2853,0.14008,0
Neg_2596,1.01039,0
Neg_2788,0.5141,0
Neg_1613,0.32503,0
Neg_376,-0.66808,0
Neg_1539,0.11706,0
Neg_2129,0.57613,0
Neg_1776,-0.22457,0
Neg_2748,-0.62028,0
Neg_2084,3.31137,0
Neg_934,-0.14762,0
Neg_2877,0.65589,0
Neg_1288,-1.22292,0
Neg_2819,0.71016,0
Neg_1930,0.72306,0
Neg_2505,-0.32176,0
Neg_1975,1.30816,0
Neg_2331,1.95785,0
Neg_1728,0.03619,0
Neg_1310,0.11706,0
Neg_852,-0.00832,0
Neg_2633,-0.43533,0
Neg_1747,-0.52042,0
Neg_812,-0.47848,0
Neg_2030,-0.10291,0
Neg_1551,1.69049,0
Neg_1679,0.73922,0
Neg_1249,0.54167,0
Neg_243,1.0555,0
Neg_2817,0.30873,0
Neg_554,0.79769,0
Neg_756,0.40381,0
Neg_276,-1.90935,0
Neg_2656,0.67953,0
Neg_480,1.83754,0
Neg_1664,-1.0353,0
Neg_149,1.21474,0
Neg_2104,-0.3758,0
Neg_657,2.25863,0
Neg_946,0.47987,0
Neg_2273,-1.25049,0
Neg_550,0.40381,0
Neg_2142,0.33363,0
Neg_987,0.43625,0
Neg_207,0.26595,0
Neg_1126,1.81303,0
Neg_2865,-2.11791,0
Neg_2504,-1.32927,0
Neg_2,0.18324,0
Neg_2607,-0.68284,0
Neg_137,0.99327,0
Neg_1020,-1.47106,0
Neg_1755,0.34515,0
Neg_1942,-0.57454,0
Neg_1684,-1.16566,0
Neg_1807,-0.41771,0
Neg_2548,-0.677,0
Neg_1931,-0.32176,0
Neg_368,-1.32927,0
NP01383,0.36139,1
NP06615,-0.45976,1
NP07289,0.15316,1
NP10706,0.15316,1
NP06413,0.40381,1
NP07002,0.36139,1
NP06013,0.36139,1
NP07905,-1.12074,1
NP06037,-0.40213,1
NP06312,-0.14762,1
NP09289,-0.14762,1
NP01011,0.36139,1
NP01453,0.95524,1
NP06668,1.01039,1
NP02209,-0.677,1
NP01806,0.72306,1
NP09844,-1.80192,1
NP02902,1.50668,1
NP01105,-1.65153,1
NP06071,-0.62028,1
NP07560,-1.47106,1
NP00803,-1.65153,1
NP02175,-1.1402,1
NP11065,0.28055,1
NP06911,-0.14762,1
NP04654,-0.72303,1
NP00357,0.10688,1
NP05821,0.36139,1
NP09379,-0.24943,1
NP01973,-2.55388,1
NP10650,-0.80934,1
NP09728,-0.62028,1
NP11120,0.6159,1
NP08528,0.75472,1
NP10951,1.0555,1
NP03962,-0.29148,1
NP05936,-0.91707,1
NP08204,-1.07403,1
NP08996,-0.97477,1
NP07496,-0.53687,1
NP09370,-0.32176,1
NP07908,0.15316,1
NP06403,-0.71807,1
NP06054,0.74315,1
NP04810,-0.86689,1
NP11371,-0.58297,1
NP07837,-0.74919,1
NP09481,-0.00377,1
NP02239,-0.47848,1
NP07453,-0.97477,1
NP04764,1.27035,1
NP04158,-2.6927,1
NP06987,-1.28496,1
NP01433,0.87503,1
NP04534,1.24547,1
NP07086,0.79769,1
NP05516,0.36139,1
NP05063,0.4849,1
NP07269,0.651,1
NP02755,-1.25049,1
NP05160,0.74315,1
NP06035,-0.40213,1
NP09486,-0.14762,1
NP11162,0.38602,1
NP04918,0.84496,1
NP02297,-2.35336,1
NP04799,-0.23705,1
NP06246,-0.23705,1
NP06774,-2.4114,1
NP05423,0.26595,1
NP05932,0.15316,1
NP06294,0.99327,1
NP02530,-1.5656,1
NP10595,-0.3682,1
NP03760,-0.3758,1
NP09525,-1.59514,1
NP08660,0.0887,1
NP07479,-1.65153,1
NP07037,1.95785,1
NP07434,0.01781,1
NP09477,0.26595,1
NP06784,-0.69906,1
NP07355,-0.47848,1
NP06870,1.12491,1
NP09352,0.72306,1
NP07707,-1.25049,1
NP09784,-1.36658,1
NP01353,0.95524,1
NP09887,-0.23705,1
NP04674,-0.38062,1
NP09161,-0.60256,1
NP05120,0.03122,1
NP05410,-0.32176,1
NP09361,-1.16566,1
NP09284,0.047,1
NP08168,-1.51948,1
NP00761,-0.74919,1
NP02104,-2.26513,1
NP03207,-0.14762,1
NP11365,0.19297,1
NP02019,-0.72663,1
NP02207,0.20065,1
NP05328,-0.78389,1
NP04642,-0.53687,1
NP07101,0.06583,1
NP07414,-0.97477,1
NP00909,0.047,1
NP08937,0.26595,1
NP07140,0.67953,1
NP07351,-0.35441,1
NP07928,-1.84664,1
NP09752,-2.55388,1
NP10729,0.5141,1
NP10907,-1.36658,1
NP10303,0.16748,1
NP03765,-0.3758,1
NP09802,-0.22457,1
NP03485,0.047,1
NP02446,-0.53687,1
NP07268,-0.35441,1
NP07668,0.72306,1
NP04708,-2.28848,1
NP05887,0.36139,1
NP09362,-1.25049,1
NP01350,0.95524,1
NP02533,-0.14762,1
NP05110,-0.03353,1
NP04072,-0.14762,1
NP06286,0.20065,1
NP05525,-0.00377,1
NP08523,0.5141,1
NP09921,2.29029,1
NP07040,1.0555,1
NP01821,0.29948,1
NP09789,-0.74919,1
NP00034,0.12168,1
NP07665,-0.47848,1
NP06185,-2.55388,1
NP07813,-0.71807,1
NP01054,0.72306,1
NP09908,0.42778,1
NP05451,-0.24494,1
NP08483,1.0555,1
NP00352,0.42778,1
NP03774,-0.3758,1
NP06815,0.40381,1
NP04705,0.047,1
NP03766,-0.80934,1
NP11075,0.79769,1
NP04789,-0.74919,1
NP09791,-0.74919,1
NP06287,-0.40213,1
NP08651,0.67953,1
NP06344,-1.47106,1
NP07954,0.32503,1
NP10623,0.047,1
NP04197,-0.91115,1
NP08666,0.5141,1
NP02281,-0.44841,1
NP02028,-1.35654,1
NP05644,0.34867,1
NP02242,-0.53687,1
NP07290,2.33383,1
NP04798,-0.88287,1
NP06231,-1.80192,1
NP07262,-0.97477,1
NP07626,-1.47106,1
NP08057,-0.40213,1
NP06826,0.047,1
NP07336,-0.14762,1
NP04359,0.2305,1
NP05295,-2.03825,1
NP04666,-0.78959,1
NP06429,-0.26579,1
NP07720,-0.07723,1
NP01893,-0.14762,1
NP07432,-0.74919,1
NP08838,0.15316,1
NP07048,1.0555,1
NP07092,-1.36658,1
NP11347,0.2305,1
NP03368,-0.5612,1
NP06836,-0.677,1
NP09588,-1.16566,1
NP07359,1.24547,1
NP05728,2.12704,1
NP02023,-0.71079,1
NP03799,2.40902,1
NP01356,0.56435,1
NP08565,-1.05314,1
NP06625,1.0555,1
NP05092,0.22,1
NP06869,-0.80934,1
NP00041,0.53691,1
NP06243,-0.32176,1
NP11322,0.28393,1
NP06806,0.06583,1
NP06903,-0.14762,1
NP10783,-0.14762,1
NP02526,-0.14762,1
NP09356,-1.80192,1
NP02520,1.21474,1
NP01819,0.29948,1
NP06169,0.63087,1
NP01411,1.0931,1
NP01226,-1.2906,1
NP01741,0.15316,1
NP07230,-0.97477,1
NP01768,0.0887,1
NP10810,-1.95232,1
NP02079,-2.10271,1
NP02177,-0.74919,1
NP04276,-1.06034,1
NP08176,-0.74919,1
NP04628,-0.41445,1
NP04221,-1.47106,1
NP01529,-0.71807,1
NP09265,-0.14762,1
NP10292,-1.40261,1
NP02816,0.15316,1
NP01352,0.74315,1
NP08544,-0.89473,1
NP11369,-0.21728,1
NP06971,0.5141,1
NP03791,-0.47848,1
NP07383,1.50668,1
NP07439,-1.36658,1
NP01250,-0.19489,1
NP01533,-0.14762,1
NP05506,-0.74919,1
NP08518,-0.40213,1
NP07575,1.50668,1
NP02125,-0.51525,1
NP09051,-0.71807,1
NP08487,-0.40213,1
NP01898,-0.14762,1
NP03523,2.86019,1
NP07577,0.10688,1
NP01295,-0.47848,1
NP02584,0.79769,1
NP06557,-2.55388,1
NP08704,0.15316,1
NP03762,-0.40213,1
NP01775,-0.04423,1
NP06703,0.65935,1
NP08253,0.22,1
NP06706,0.15316,1
NP09779,-1.16566,1
NP06981,-0.03353,1
NP04814,-1.73,1
NP07571,-1.25049,1
NP06573,-2.55388,1
NP01420,1.50668,1
NP08587,1.50668,1
NP03846,-0.74919,1
NP09154,-0.23705,1
NP04206,-1.29844,1
NP05003,0.651,1
NP07241,-0.14762,1
NP07494,-0.00377,1
NP01247,-0.27488,1
NP07861,-1.04997,1
NP02789,-1.65153,1
NP06857,0.15316,1
NP01386,1.04347,1
NP06420,0.67953,1
NP08245,0.07899,1
NP06575,-2.62907,1
NP07273,-0.80934,1
NP06252,0.15316,1
NP09210,0.63087,1
NP07421,0.0887,1
NP08446,-0.74919,1
NP06432,0.11706,1
NP09755,0.15316,1
NP04054,2.40902,1
NP00885,-2.55388,1
NP03057,0.79769,1
NP04287,-1.35075,1
NP07623,0.29948,1
NP07387,-0.35441,1
NP01494,0.35251,1
NP05413,0.047,1
NP04195,0.03122,1
NP03592,-0.74919,1
NP09722,1.50668,1
NP02008,-1.8681,1
NP02984,-0.14762,1
NP05732,-0.14762,1
NP08167,-0.97477,1
NP06962,1.95785,1
NP01695,-1.49288,1
NP05218,-0.51525,1
NP04802,0.40381,1
NP06862,-0.40213,1
NP03744,-1.92918,1
NP08202,-0.24494,1
NP05004,0.84496,1
NP10833,-1.16566,1
NP05208,0.67953,1
NP01752,1.0555,1
NP02251,0.0887,1
NP09152,-0.78389,1
NP01292,-0.47848,1
NP06275,2.33383,1
NP09386,-1.12074,1
NP07274,-1.59514,1
NP07232,0.36139,1
NP08056,-1.32927,1
NP02561,-0.58297,1
NP07940,0.36139,1
NP02883,-0.35441,1
NP08546,-2.2531,1
NP05089,0.01781,1
NP03759,-0.3758,1
NP06758,-2.39275,1
NP11314,0.79769,1
NP03367,-0.14762,1
NP09774,-1.16566,1
NP01528,0.0887,1
NP01731,0.15316,1
NP01535,0.30873,1
NP04211,-1.44229,1
NP05642,1.0555,1
NP05184,1.50668,1
NP04629,-0.57918,1
NP06902,0.26595,1
NP06823,-0.14762,1
NP09803,-0.68623,1
NP01323,0.89481,1
NP03420,0.26595,1
NP03500,0.79769,1
NP04372,-0.14762,1
NP00804,-1.65153,1
NP00052,-0.07723,1
NP04822,0.5141,1
NP04668,-0.42801,1
NP04716,-0.00377,1
NP01901,0.5141,1
NP06751,0.03122,1
NP01483,1.92025,1
NP01036,-1.16566,1
NP01104,-1.16566,1
NP06288,-0.84417,1
NP04658,-0.59625,1
NP07081,0.36139,1
NP05991,0.5141,1
NP01733,-1.65153,1
NP09655,0.88631,1
NP08571,1.63393,1
NP10815,-0.35441,1
NP06996,0.047,1
NP00805,-1.65153,1
NP06921,0.79769,1
NP06419,1.50668,1
NP02694,-0.74919,1
NP06307,-2.62907,1
NP06406,-1.28496,1
NP05169,-0.97477,1
NP05236,-0.80934,1
NP05768,-0.86689,1
NP06636,0.01781,1
NP08573,-0.53687,1
NP08547,0.0887,1
NP11283,0.4869,1
NP08606,1.95785,1
NP08081,-0.3758,1
NP04273,1.50668,1
NP09580,-0.14762,1
NP01484,0.28206,1
NP01249,-0.66022,1
NP09891,0.70621,1
NP07407,-0.35441,1
NP04362,0.15316,1
NP05197,-0.33669,1
NP06313,0.0887,1
NP00714,-0.14762,1
NP07718,4.57895,1
NP02640,1.50668,1
NP08455,-0.62028,1
NP08580,0.5141,1
NP09912,0.26595,1
NP10736,-0.62028,1
NP08878,-0.14762,1
NP06311,-0.14762,1
NP07012,1.79861,1
NP08430,0.26595,1
NP10370,0.15316,1
NP02602,-2.74724,1
NP02971,0.67953,1
NP02108,-1.80192,1
NP06879,-0.32176,1
NP01248,-0.19295,1
NP11334,-0.80002,1
NP04384,-0.14762,1
NP05921,1.17582,1
NP02026,-1.4343,1
NP04052,2.40902,1
NP10757,0.15316,1
NP00032,-0.22457,1
NP06350,-2.13278,1
NP04300,-0.23705,1
NP07879,0.88631,1
NP07628,0.26595,1
NP10725,-0.14762,1
NP04981,1.34658,1
NP07459,-0.80934,1
NP04344,-0.57454,1
NP00953,-0.80934,1
NP06977,-1.88899,1
NP01426,0.95524,1
NP04701,1.02639,1
NP07826,1.95785,1
NP06985,-0.97477,1
NP05220,0.26595,1
NP08261,2.65196,1
NP07074,0.26595,1
NP02467,0.36139,1
NP04788,1.743,1
NP06026,1.83754,1
NP07663,-0.69906,1
NP05437,0.22,1
NP07412,0.32503,1
NP11344,0.14008,1
NP03637,0.40381,1
NP04728,1.743,1
NP07812,-2.03825,1
NP05024,1.12491,1
NP01709,-0.74919,1
NP11285,0.05412,1
NP07339,-0.14762,1
NP11277,-3.45622,1
NP07899,-0.62028,1
NP07409,0.95524,1
NP07545,-0.80934,1
NP06924,0.047,1
NP07075,-0.97477,1
NP02817,1.95785,1
NP02939,-0.40213,1
NP01022,-0.14762,1
NP06306,-1.47106,1
NP06666,0.5141,1
NP06871,0.36139,1
NP08549,-0.07243,1
NP06244,-0.62028,1
NP01990,-1.06034,1
NP01191,0.36139,1
NP01499,0.95524,1
NP02442,-0.35441,1
NP05191,0.99327,1
NP01742,-0.74919,1
NP06910,-0.78389,1
NP06710,-0.33669,1
NP04686,-2.13278,1
NP07666,-0.47848,1
NP10291,-0.71807,1
NP08767,-0.74919,1
NP07348,-1.65153,1
NP07474,0.40381,1
NP06622,0.15316,1
NP04635,-0.44841,1
NP10080,0.79769,1
NP03078,-0.40213,1
NP02599,-0.53687,1
NP06785,-0.23705,1
NP01571,1.0555,1
NP01568,-0.74919,1
NP05802,0.07669,1
NP08617,0.36139,1
NP04231,-0.26579,1
NP04884,0.79769,1
NP02940,0.15316,1
NP01777,0.26595,1
NP05394,-0.62028,1
NP02547,0.6159,1
NP07926,-1.10095,1
NP07909,-0.24494,1
NP09535,-0.66459,1
NP00792,0.26595,1
NP01299,-1.47106,1
NP11401,-0.23705,1
NP06352,0.07899,1
NP03786,0.41316,1
NP06901,0.63087,1
NP11047,-1.65153,1
NP09986,0.36139,1
NP08988,-1.0353,1
NP09933,0.41726,1
NP06304,-0.80934,1
NP07275,0.0887,1
NP01865,-0.74919,1
NP06569,-1.65153,1
NP02884,0.67953,1
NP00963,-0.88287,1
NP07179,-1.80192,1
NP09336,-1.32927,1
NP10752,0.15316,1
NP04715,-0.26579,1
NP09439,-0.14762,1
NP01359,0.23414,1
NP07224,-1.32927,1
NP07167,-2.93381,1
NP05478,-0.32176,1
NP04711,0.0887,1
NP09658,-1.12074,1
NP02007,-1.47106,1
NP04352,0.45394,1
NP05470,0.67953,1
NP01290,-0.97477,1
NP02074,-2.16156,1
NP01735,0.15316,1
NP11305,-0.06056,1
NP07495,-1.34435,1
NP10593,-0.25791,1
NP03840,1.32286,1
NP00002,-1.92918,1
NP10305,0.83601,1
NP10274,-0.97477,1
NP05164,1.30816,1
NP07609,-0.42334,1
NP11303,-0.89803,1
NP09756,-0.24494,1
NP02692,-0.74919,1
NP02701,-0.35441,1
NP04768,1.01039,1
NP09527,-0.40213,1
NP08706,1.0555,1
NP08540,-0.44841,1
NP00936,-0.35441,1
NP05697,0.26595,1
NP00648,0.15316,1
NP11033,-1.59514,1
NP06167,-2.90479,1
NP08769,0.36139,1
NP04403,0.26595,1
NP06568,-1.65153,1
NP01734,-2.03825,1
NP10596,-0.47848,1
NP04653,-0.69337,1
NP05247,0.5141,1
NP05117,0.5141,1
NP00023,-0.74919,1
NP06906,0.36139,1
NP03639,-0.84417,1
NP09868,0.42778,1
NP01674,-0.40213,1
NP11020,-0.02037,1
NP02603,-0.84417,1
NP07633,-1.59514,1
NP08511,-0.80934,1
NP07054,0.67953,1
NP07643,-0.14762,1
NP11179,-0.14762,1
NP01673,1.0555,1
NP06966,1.83754,1
NP07418,-0.97477,1
NP09936,1.0555,1
NP04770,-0.27997,1
NP09132,-0.14762,1
NP08375,0.15316,1
NP01754,1.0555,1
NP08312,-0.40213,1
NP07670,-0.57454,1
NP01618,-0.14762,1
NP06591,-0.35441,1
NP02843,1.0555,1
NP02646,0.40381,1
NP06872,-1.32927,1
NP08429,0.15316,1
NP04293,-1.12074,1
NP02027,-1.22798,1
NP07794,-0.29802,1
NP07491,-1.10538,1
NP06866,-0.27997,1
NP07941,-0.14762,1
NP10923,0.0887,1
NP07443,0.63087,1
NP07634,0.5141,1
NP01455,1.50668,1
NP10719,-0.74919,1
NP00927,-0.74919,1
NP10664,0.5141,1
NP09364,-0.14762,1
NP06632,1.0555,1
NP05107,0.57613,1
NP05858,2.8127,1
NP04088,-1.92918,1
NP07667,-0.47848,1
NP03469,-0.80934,1
NP05651,-1.80192,1
NP09797,0.26595,1
NP03273,0.15316,1
NP01808,0.21201,1
NP07331,-0.14762,1
NP05131,-0.24494,1
NP01851,-1.16566,1
NP08997,-1.16566,1
NP09782,-1.47106,1
NP00713,-0.14762,1
NP08201,-1.39615,1
NP07511,0.36139,1
NP07051,0.15316,1
NP09843,-1.16566,1
NP01301,-1.47106,1
NP07261,1.17582,1
NP01252,-0.06056,1
NP10814,0.5141,1
NP05401,0.36139,1
NP05188,-0.14762,1
NP10688,-0.62028,1
NP07238,-2.03825,1
NP03785,0.40381,1
NP06943,1.17582,1
NP05275,-2.16156,1
NP03782,0.24492,1
NP05179,0.26595,1
NP04067,2.33383,1
NP07362,-1.21492,1
NP00912,-0.27997,1
NP03507,1.0555,1
NP04632,-0.60086,1
NP01046,0.79769,1
NP10089,-0.86198,1
NP09045,-0.18398,1
NP01170,-2.55388,1
NP02967,-0.74919,1
NP01397,0.40381,1
NP00067,-1.80192,1
NP09396,1.50668,1
NP06122,0.40381,1
NP06750,-0.97477,1
NP04975,1.34658,1
NP01480,0.39732,1
NP03477,-0.74919,1
NP06968,0.0887,1
NP06305,-0.14762,1
NP05151,0.58335,1
NP06646,0.60433,1
NP07592,-0.97477,1
NP10836,-1.16566,1
NP10655,-0.97477,1
NP10811,-1.21492,1
NP11290,-1.31011,1
NP08434,-0.80934,1
NP01225,-1.25049,1
NP09849,1.34658,1
NP03521,1.0555,1
NP04836,0.79769,1
NP04757,0.91113,1
NP05800,0.36139,1
NP06140,0.67953,1
NP00578,-0.06978,1
NP02794,-0.74919,1
NP01730,1.0555,1
NP06089,1.50668,1
NP08299,0.15316,1
NP11313,1.08128,1
NP02909,0.67953,1
NP07951,-0.21955,1
NP08778,1.0555,1
NP00899,0.63087,1
NP11107,0.56136,1
NP01298,-0.69906,1
NP03495,0.40381,1
NP05812,2.33383,1
NP01756,0.15316,1
NP00790,-1.70461,1
NP11255,-0.53687,1
NP04412,-0.58297,1
NP03780,-0.35441,1
NP06372,-0.57454,1
NP03668,-0.14762,1
NP09711,-1.80192,1
NP10371,-0.82881,1
NP06093,1.12491,1
NP06692,0.11706,1
NP09506,-0.35441,1
NP07891,0.67953,1
NP09358,-1.25049,1
NP05226,-1.59514,1
NP09346,-0.97477,1
NP01622,-0.26579,1
NP05957,0.0887,1
NP05059,0.0887,1
NP10652,-0.74919,1
NP11150,0.45074,1
NP01293,0.63087,1
NP02527,0.79769,1
NP01519,2.49926,1
NP07284,1.95785,1
NP04459,0.0887,1
NP04693,0.0887,1
NP03479,-0.74919,1
NP02862,0.63087,1
NP00755,-0.97477,1
NP07795,-0.51525,1
NP08588,0.047,1
NP09316,-1.59514,1
NP06331,1.0555,1
NP06334,0.79769,1
NP04241,-1.06034,1
NP05126,0.56136,1
NP01257,-0.44841,1
NP05476,0.26595,1
NP11325,0.5542,1
NP05685,0.26595,1
NP06421,0.15316,1
NP10632,-2.59311,1
NP08234,0.15316,1
NP00816,-1.80192,1
NP09425,-1.25049,1
NP04226,-1.80192,1
NP05118,0.67953,1
NP06833,-0.677,1
NP02512,1.02639,1
NP07204,0.63087,1
NP07097,-2.13278,1
NP03243,-1.70461,1
NP07647,-0.69906,1
NP02151,-2.2155,1
NP05505,-0.74919,1
NP09430,-1.04997,1
NP08550,-0.14762,1
NP05710,-1.92918,1
NP04627,-0.73463,1
NP05857,-0.40213,1
NP02798,-0.14762,1
NP01463,0.95524,1
NP08440,0.0887,1
NP05125,1.50668,1
NP02516,0.38602,1
NP08488,0.79769,1
NP07435,0.40381,1
NP05161,0.06583,1
NP01753,1.0555,1
NP07386,0.63087,1
NP01780,-0.04423,1
NP02795,1.50668,1
NP06822,-0.14762,1
NP03585,-0.97477,1
NP01787,0.56775,1
NP09754,-1.04184,1
NP10353,0.74315,1
NP06051,-1.25049,1
NP07544,-1.21492,1
NP02590,0.91113,1
NP08653,2.21566,1
NP07126,-0.84417,1
NP05953,0.67953,1
NP09299,-1.96735,1
NP05755,0.15316,1
NP04443,-0.14762,1
NP02567,1.27035,1
NP01899,0.26595,1
NP06697,-0.04423,1
NP02899,1.0555,1
NP11102,0.35251,1
NP08577,0.5141,1
NP05163,0.69456,1
NP07254,0.01781,1
NP01737,0.15316,1
NP06997,-1.65153,1
NP08773,1.0555,1
NP04758,1.50668,1
NP06993,-0.35441,1
NP00915,1.21474,1
NP09273,0.26595,1
NP02146,-1.3838,1
NP04386,0.0887,1
NP01766,-0.23034,1
NP09159,-0.71357,1
NP09213,0.67953,1
NP01354,0.88631,1
NP07938,-0.3758,1
NP04053,2.21566,1
NP01335,0.81738,1
NP08478,-0.35441,1
NP06594,-0.05309,1
NP04031,-1.35922,1
NP02947,0.11706,1
NP10278,-0.97477,1
NP01146,-0.74919,1
NP06417,0.5141,1
NP01304,-0.82881,1
NP01346,0.67953,1
NP06649,-0.677,1
NP07354,0.26595,1
NP04997,0.79769,1
NP04093,-1.65153,1
NP07814,-0.29802,1
NP01885,-0.14762,1
NP00806,-1.65153,1
NP00865,-1.65153,1
NP09881,0.21201,1
NP09311,-0.35441,1
NP02017,-1.22292,1
NP08581,0.5141,1
NP09916,-2.16156,1
NP06427,-1.25049,1
NP00053,-0.07723,1
NP09298,-0.14762,1
NP09909,0.70621,1
NP09305,1.24547,1
NP00055,-0.97477,1
NP07581,0.26595,1
NP04791,0.10688,1
NP10722,-0.74919,1
NP01206,0.5141,1
NP10091,-0.00377,1
NP09288,-0.14762,1
NP07572,-0.74919,1
NP07044,0.15316,1
NP05097,0.67953,1
NP02172,-0.24494,1
NP05452,-0.53687,1
NP07391,-1.07403,1
NP01524,0.36139,1
NP06691,-0.53687,1
NP06044,0.79769,1
NP05496,-1.36658,1
NP09313,-0.80934,1
NP06410,0.88631,1
NP07468,-0.74919,1
NP00035,0.5141,1
NP05891,-0.97477,1
NP05940,-0.40213,1
NP06905,0.0887,1
NP09733,-0.62028,1
NP06576,-2.03825,1
NP05103,0.30873,1
NP08976,-1.16566,1
NP05219,0.03619,1
NP03724,-0.14762,1
NP07903,-1.25049,1
NP03808,-0.24494,1
NP09491,-2.55388,1
NP08146,0.047,1
NP00036,-0.26171,1
NP05199,1.35628,1
NP03163,-1.16566,1
NP04650,-0.73463,1
NP11008,-1.5656,1
NP07003,2.33383,1
NP00924,-0.97477,1
NP05839,0.15316,1
NP05204,1.37254,1
NP07579,-0.91115,1
NP09785,-0.69906,1
NP09420,-0.74919,1
NP07631,-1.47106,1
NP04964,0.5141,1
NP07116,1.95785,1
NP08515,0.5141,1
NP08956,0.15316,1
NP02519,-0.84417,1
NP02016,-1.47106,1
NP10717,-0.74919,1
NP10733,0.01781,1
NP07380,-0.80934,1
NP07165,-2.13278,1
NP02588,0.79769,1
NP07446,1.17582,1
NP05203,1.33554,1
NP06302,-0.57454,1
NP02544,0.6159,1
NP05885,0.63087,1
NP07255,0.79769,1
NP06984,0.30873,1
NP06059,0.40381,1
NP06835,-0.27997,1
NP08604,1.95785,1
NP09164,-1.80192,1
NP11108,0.41484,1
NP05096,0.67953,1
NP04406,1.0931,1
NP05890,-0.40213,1
NP07464,-0.32176,1
NP06418,-0.35441,1
NP08246,-0.53687,1
NP04291,-1.12074,1
NP07463,0.42778,1
NP08426,0.0887,1
NP07447,1.0555,1
NP07562,-0.66459,1
NP07080,0.36139,1
NP11340,0.14008,1
NP01384,0.36139,1
NP06184,-2.6927,1
NP08799,1.0555,1
NP09363,-0.80934,1
NP10995,0.36139,1
NP02542,-0.14762,1
NP09790,-0.74919,1
NP06660,0.5141,1
NP04630,-0.72303,1
NP05227,-0.80934,1
NP08585,1.50668,1
NP07536,1.12491,1
NP05264,-1.65153,1
NP01550,-0.47848,1
NP02268,-1.36658,1
NP03567,1.50668,1
NP07927,-0.97477,1
NP10821,-1.1402,1
NP11378,-0.19116,1
NP01970,-0.46273,1
NP09878,0.21201,1
NP09055,-1.17597,1
NP00501,-0.34225,1
NP09046,-0.68623,1
NP05709,0.0887,1
NP07637,0.03122,1
NP04702,1.25853,1
NP04737,1.12491,1
NP04841,0.32503,1
NP06128,-0.97477,1
NP05852,1.50668,1
NP01900,0.88631,1
NP06994,0.72306,1
NP04186,0.67953,1
NP01527,-0.57454,1
NP01909,-0.40213,1
NP07415,0.79769,1
NP06792,-0.23705,1
NP10974,1.0555,1
NP07583,-0.91115,1
NP07371,0.15316,1
NP01477,-1.44424,1
NP05189,1.34658,1
NP04808,0.047,1
NP06991,-0.62028,1
NP07485,-1.54742,1
NP10277,-0.97477,1
NP08602,2.33383,1
NP09874,0.64356,1
NP06988,0.46185,1
NP06963,0.79769,1
NP04290,-0.89473,1
NP05529,0.42778,1
NP01800,0.56775,1
NP02465,-0.42334,1
NP06689,0.10688,1
NP05538,-0.3682,1
NP06810,0.15316,1
NP04840,1.08128,1
NP01004,-0.74919,1
NP04227,-1.47106,1
NP08698,-0.74919,1
NP10275,-0.62028,1
NP02941,0.0887,1
NP02799,0.40381,1
NP10758,0.15316,1
NP06864,0.42778,1
NP01531,-0.14762,1
NP03465,0.15316,1
NP07151,-3.45622,1
NP08520,-0.14762,1
NP06719,-0.90388,1
NP01919,-0.32176,1
NP07436,-0.62028,1
NP07010,0.36139,1
NP07259,0.0887,1
NP06892,1.12491,1
NP05664,-0.14762,1
NP06894,-0.35441,1
NP01306,0.15316,1
NP06720,-0.90388,1
NP06837,-0.677,1
NP08806,1.95785,1
NP01749,1.95785,1
NP11205,0.79769,1
NP09880,0.60433,1
NP05123,0.91113,1
NP10933,1.95785,1
NP05354,-0.62028,1
NP01223,0.88631,1
NP01138,-0.74919,1
NP05154,0.03122,1
NP08526,0.36139,1
NP09667,-1.70461,1
NP06118,-0.06693,1
NP05742,-0.02037,1
NP06677,0.18324,1
NP11286,0.11706,1
NP06301,-1.32927,1
NP04868,0.79769,1
NP01195,0.79769,1
NP01284,-0.47848,1
NP03373,0.15316,1
NP03428,0.5141,1
NP04640,-0.76208,1
NP02258,-0.80934,1
NP01255,-1.04997,1
NP07554,-0.80934,1
NP05090,0.67953,1
NP07573,-0.97477,1
NP08244,0.2305,1
NP09586,-0.40213,1
NP11235,-0.27997,1
NP07365,-0.14762,1
NP01727,-1.80192,1
NP03041,-2.46364,1
NP02492,-1.23876,1
NP01748,1.0555,1
NP07444,0.60433,1
NP04679,-1.08588,1
NP07252,0.63087,1
NP07322,0.79769,1
NP01651,-2.55388,1
NP02102,-1.16566,1
NP07382,1.12491,1
NP04157,-1.32927,1
NP05537,-0.11166,1
NP05939,0.26595,1
NP09635,-0.97477,1
NP07011,0.26595,1
NP04746,1.12491,1
NP01324,0.95524,1
NP09694,-1.70461,1
NP08579,1.17582,1
NP01245,-0.14762,1
NP00064,-0.97477,1
NP09599,-0.40213,1
NP00786,-0.97477,1
NP09955,-0.02037,1
NP09419,1.50668,1
NP11297,-0.00377,1
NP08659,-0.62028,1
NP04759,0.58762,1
NP02928,-0.06056,1
NP06187,-2.03825,1
NP07249,-0.27997,1
NP01211,-2.13278,1
NP00028,-0.10915,1
NP04778,-0.86689,1
NP11356,-0.00377,1
NP10734,-0.80934,1
NP07725,1.0555,1
NP06332,-0.80934,1
NP09165,-1.76158,1
NP05922,-0.84417,1
NP02270,-0.35441,1
NP08051,0.0887,1
NP02531,0.33893,1
NP07551,-0.47848,1
NP06347,1.32286,1
NP06114,0.33125,1
NP06967,1.12491,1
NP06952,-0.74919,1
NP05468,0.40381,1
NP06353,-0.05698,1
NP04665,-1.08588,1
NP10778,0.15316,1
NP09418,0.5141,1
NP01833,0.03122,1
NP07912,-0.30902,1
NP04437,-1.96735,1
NP06830,-0.43533,1
NP10703,-0.62028,1
NP07278,1.17582,1
NP10782,0.15316,1
NP11066,-0.30332,1
NP01282,0.0887,1
NP07559,0.06583,1
NP04690,-1.04997,1
NP07966,-0.00377,1
NP03545,0.29948,1
NP05174,1.0931,1
NP04915,0.84496,1
NP08009,-0.66459,1
NP01501,-0.46273,1
NP10658,0.15316,1
NP01803,0.21201,1
NP01675,2.65196,1
NP01773,-0.35441,1
NP10629,0.32503,1
NP07403,-0.5612,1
NP00045,-0.78389,1
NP07590,-0.35441,1
NP10820,-0.62028,1
NP06916,1.79861,1
NP02370,-3.45622,1
NP00030,-0.57082,1
NP05094,1.27035,1
NP02705,-0.80934,1
NP09876,0.85934,1
NP01655,1.50668,1
NP10801,1.95785,1
NP11368,0.33893,1
NP04769,-0.00377,1
NP06623,0.60433,1
NP09786,-0.97477,1
NP04447,-0.14762,1
NP03783,-0.27997,1
NP08632,1.24547,1
NP04826,0.67953,1
NP07067,0.0887,1
NP07123,0.88631,1
NP01828,0.75472,1
NP10797,-0.14762,1
NP06831,-0.43533,1
NP02828,1.12491,1
NP09348,-0.14762,1
NP02809,-0.74919,1
NP02525,0.047,1
NP04922,1.02639,1
NP00889,-1.65153,1
NP11361,-0.00377,1
NP04306,-0.35441,1
NP09885,0.90144,1
NP05937,-1.1479,1
NP01883,-0.35441,1
NP04731,0.58762,1
NP10649,0.0887,1
NP11370,-0.07723,1
NP01013,-1.16566,1
NP00866,-2.55388,1
NP05267,0.15316,1
NP03801,-0.24494,1
NP06346,0.95524,1
NP09261,0.58762,1
NP02578,0.79769,1
NP06426,-1.1402,1
NP09795,0.71712,1
NP06234,-2.03825,1
NP10348,-0.97477,1
NP07400,0.42778,1
NP04879,0.85934,1
NP04371,0.07295,1
NP07646,-0.97477,1
NP04039,0.85934,1
NP03763,-0.71807,1
NP05683,-0.62028,1
NP04303,-0.50531,1
NP05073,-0.04886,1
NP09133,-0.97477,1
NP09042,-0.68127,1
NP02010,-1.88899,1
NP06873,0.40381,1
NP06593,0.047,1
NP08671,-1.07403,1
NP04920,1.17582,1
NP09041,-1.06901,1
NP09592,0.36139,1
NP03644,0.0887,1
NP09069,-1.62779,1
NP07935,-0.14762,1
NP05663,-0.40213,1
NP05893,-0.40213,1
NP01822,0.29948,1
NP07561,-1.47106,1
NP07807,-0.47848,1
NP06559,-2.55388,1
NP06934,1.42256,1
NP05791,0.2371,1
NP06207,-0.57454,1
NP05666,0.5141,1
NP07406,0.36139,1
NP01813,-0.04423,1
NP09044,-0.93982,1
NP08271,0.36139,1
NP04229,-1.07403,1
NP05198,1.50668,1
NP07318,-0.14762,1
NP10735,-0.53687,1
NP09662,-1.12074,1
NP07342,-0.84417,1
NP07153,-3.45622,1
NP07134,0.0887,1
NP05181,1.0931,1
NP01186,-0.40213,1
NP08248,0.21496,1
NP02917,-0.97477,1
NP04646,-0.43533,1
NP07467,-0.02037,1
NP07096,-1.65153,1
NP11064,-0.06978,1
NP03761,-0.3758,1
NP07155,1.50668,1
NP06909,-0.53687,1
NP08846,-0.14762,1
NP04940,0.18324,1
NP03800,1.0931,1
NP08593,0.0887,1
NP02943,-1.16566,1
NP02587,0.79769,1
NP06657,1.0555,1
NP09845,0.38602,1
NP09888,0.5141,1
NP11399,-0.05698,1
NP07335,0.5141,1
NP01820,0.03122,1
NP05185,1.0931,1
NP09901,-0.14762,1
NP09899,0.0887,1
NP07177,0.15316,1
NP07968,1.88844,1
NP03028,-0.80934,1
NP11069,-0.14762,1
NP07138,0.67953,1
NP09927,1.76788,1
NP06880,-0.35441,1
NP02061,-0.14762,1
NP07955,-1.28496,1
NP02234,-0.62028,1
NP04032,-1.35922,1
NP03458,0.5141,1
NP03805,-1.04997,1
NP07021,-1.09294,1
NP07937,-0.86689,1
NP02162,-1.12074,1
NP01817,0.12809,1
NP09350,2.92465,1
NP07077,1.12491,1
NP11323,0.19297,1
NP04783,0.32503,1
NP04803,-0.32176,1
NP06923,-1.80192,1
NP04694,0.5141,1
NP01905,0.0887,1
NP07102,0.63087,1
NP04220,-1.1402,1
NP06794,-0.50531,1
NP06193,-0.23705,1
NP11352,-0.14762,1
NP07659,-0.42334,1
NP07217,-1.92918,1
NP06221,-0.47848,1
NP02644,0.5141,1
NP04807,-0.66459,1
NP08519,0.36139,1
NP07423,0.79769,1
NP03854,-0.42624,1
NP05739,0.5141,1
NP07825,0.67953,1
NP06922,1.12491,1
NP11149,0.49275,1
NP07969,1.50668,1
NP03476,-1.25049,1
NP11398,-0.23705,1
NP06078,0.15316,1
NP05764,2.10222,1
NP00850,-3.45622,1
NP03810,-0.74919,1
NP07095,-1.32927,1
NP05540,-0.39401,1
NP05514,-0.78389,1
NP06895,0.26595,1
NP10723,0.15316,1
NP09536,-0.74919,1
NP00776,0.67953,1
NP03795,-0.31305,1
NP09906,-1.16566,1
NP11106,0.79769,1
NP05789,0.69876,1
NP08721,-0.74919,1
NP10756,0.15316,1
NP02949,1.01039,1
NP08551,-0.26579,1
NP11076,1.12491,1
NP06084,0.15316,1
NP04661,-1.2111,1
NP06696,0.26595,1
NP07706,-0.69906,1
NP09301,0.67953,1
NP05130,-0.24494,1
NP07932,0.20065,1
NP05743,0.36139,1
NP07455,-1.80192,1
NP10630,0.20065,1
NP04767,0.5141,1
NP04424,-0.58297,1
NP09415,-0.84417,1
NP05023,1.12491,1
NP06998,-0.62028,1
NP01307,1.23096,1
NP08712,-0.97477,1
NP11360,0.047,1
NP05225,-0.97477,1
NP07337,0.5141,1
NP01339,0.81738,1
NP11366,0.18999,1
NP06570,-1.92918,1
NP08080,-0.3758,1
NP04210,-1.29844,1
NP01536,-0.00377,1
NP06072,0.0887,1
NP05037,0.3723,1
NP07292,0.15316,1
NP07808,0.26595,1
NP02911,0.72306,1
NP06400,-0.32176,1
NP04286,-0.89473,1
NP11078,-0.76799,1
NP11251,0.5141,1
NP06545,-2.03825,1
NP09337,-0.80934,1
NP07166,-1.98574,1
NP07429,0.0887,1
NP06898,0.72306,1
NP07272,-0.14762,1
NP03716,-0.97477,1
NP07236,-0.97477,1
NP01400,-0.24494,1
NP06964,1.12491,1
NP06749,0.17517,1
NP04811,1.01039,1
NP04871,0.32503,1
NP05088,-0.80934,1
NP09695,-0.53687,1
NP07591,-0.14762,1
NP07242,0.26595,1
NP07679,-1.31011,1
NP05172,0.5141,1
NP04180,0.11706,1
NP10812,0.5141,1
NP06711,-0.62028,1
NP05166,0.77143,1
NP04870,1.83754,1
NP09204,-0.32176,1
NP09659,-0.53687,1
NP05202,-0.23034,1
NP00048,-1.07403,1
NP07546,-0.71807,1
NP01832,-1.09294,1
NP00037,0.2371,1
NP05034,-0.14762,1
NP08700,-0.74919,1
NP07017,-0.82881,1
NP03208,-0.14762,1
NP03601,0.5141,1
NP03600,-0.51525,1
NP06150,0.6668,1
NP01244,-0.47848,1
NP09110,-2.28848,1
NP01724,-1.70461,1
NP09018,0.32503,1
NP00759,-0.84417,1
NP10994,0.15316,1
NP03491,-0.14762,1
NP02643,0.67953,1
NP06920,0.79769,1
NP02813,0.15316,1
NP09675,-1.12074,1
NP08186,-0.97477,1
NP09661,-0.53687,1
NP06409,-0.53687,1
NP10955,0.15316,1
NP07000,2.21566,1
NP03950,-0.14762,1
NP06296,0.40381,1
NP09593,-1.16566,1
NP07076,0.67953,1
NP04651,-0.57454,1
NP05395,0.79769,1
NP09053,-0.73845,1
NP01746,0.15316,1
NP09714,-1.70461,1
NP03828,0.4432,1
NP04274,-1.31011,1
NP04230,-0.26579,1
NP08949,1.0555,1
NP05159,-0.78389,1
NP09040,-0.7796,1
NP02109,-0.97477,1
NP04662,-0.55655,1
NP01801,0.56775,1
NP00905,0.26595,1
NP08575,-0.14762,1
NP07596,-1.25049,1
NP08465,-0.62028,1
NP08609,0.36139,1
NP01678,-2.2155,1
NP09003,-0.53687,1
NP06154,-0.33144,1
NP00784,-0.40213,1
NP05724,-1.80192,1
NP08959,-0.14762,1
NP00060,0.01781,1
NP03480,-0.74919,1
NP05036,0.63087,1
NP08679,1.0555,1
NP02539,1.17582,1
NP09776,-0.40213,1
NP05522,-0.38395,1
NP07490,-0.42334,1
NP09798,0.5383,1
NP04657,-0.57454,1
NP02938,-0.14762,1
NP02056,-1.80192,1
NP07936,0.0887,1
NP05177,1.50668,1
NP05531,-0.00377,1
NP04794,0.33893,1
NP02447,0.047,1
NP05116,1.50668,1
NP06949,-0.40213,1
NP04339,-0.57454,1
NP02591,1.70519,1
NP01862,0.43625,1
NP04631,-0.42801,1
NP06009,1.88844,1
NP07160,-1.65153,1
NP09758,-1.32927,1
NP01518,1.17582,1
NP11304,-0.19116,1
NP02691,-0.97477,1
NP09929,-0.06693,1
NP07013,0.5141,1
NP03777,-0.80934,1
NP00901,-1.32927,1
NP06728,-0.40213,1
NP07809,-1.5656,1
NP05687,1.0555,1
NP04200,-0.14762,1
NP09106,-2.28848,1
NP06707,0.047,1
NP03587,-1.12074,1
NP02972,-0.14762,1
NP04949,1.17582,1
NP00894,0.5141,1
NP11293,-0.45236,1
NP01891,-1.80192,1
NP01968,-0.32176,1
NP06844,-0.71807,1
NP03887,0.26595,1
NP07578,-0.03353,1
NP01924,0.88631,1
NP04279,-0.71807,1
NP10788,-0.53687,1
NP07550,-0.66459,1
NP09414,1.30816,1
NP09440,-1.16566,1
NP09285,-0.14762,1
NP04649,1.0555,1
NP09904,0.95524,1
NP01077,-1.25049,1
NP06754,-1.36658,1
NP00710,0.20065,1
NP02003,-1.51422,1
NP00768,-1.12074,1
NP08906,0.15316,1
NP02924,-0.47848,1
NP10832,-1.16566,1
NP07137,-1.47106,1
NP05534,-0.58877,1
NP07640,-1.25049,1
NP00817,-1.96735,1
NP06889,-0.47848,1
NP08461,-0.62028,1
NP06551,-2.62907,1
NP08512,-0.97477,1
NP03756,0.67953,1
NP05838,0.15316,1
NP08586,0.047,1
NP11375,-0.06056,1
NP07424,0.26595,1
NP03768,-0.71807,1
NP01068,-0.69906,1
NP09919,2.02909,1
NP06224,-0.71807,1
NP09052,-1.31011,1
NP09792,0.68862,1
NP01969,-0.20186,1
NP06644,0.22,1
NP03788,0.24492,1
NP06170,-0.53687,1
NP08451,0.79769,1
NP05195,0.57613,1
NP01253,0.26595,1
NP09764,-1.28496,1
NP01794,0.83601,1
NP06199,0.15316,1
NP07027,1.02639,1
NP05048,0.0887,1
NP09355,0.60433,1
NP08569,0.87041,1
NP09948,0.4432,1
NP01739,-0.14762,1
NP06867,1.50668,1
NP02592,0.26595,1
NP07063,-1.12074,1
NP06411,0.047,1
NP09353,0.29352,1
NP08422,0.0887,1
NP01963,-0.14762,1
NP06023,-1.92918,1
NP01795,0.83601,1
NP10755,0.15316,1
NP03536,-0.74919,1
NP01357,0.15316,1
NP10350,-1.47106,1
NP04363,0.45394,1
NP02596,1.0931,1
NP06954,0.63087,1
NP08265,0.20065,1
NP08542,-0.74919,1
NP04817,-0.14762,1
NP04755,0.5141,1
NP02645,-0.47848,1
NP08568,1.63393,1
NP11395,-0.46489,1
NP03089,1.95785,1
NP06055,0.79769,1
NP10256,1.0555,1
NP09683,-0.53687,1
NP07030,0.88631,1
NP11358,0.19297,1
NP05020,1.12491,1
NP10383,0.57613,1
NP04756,0.74315,1
NP00800,-2.55388,1
NP08622,1.17582,1
NP07196,-3.04265,1
NP08262,-0.97477,1
NP06079,-0.14762,1
NP08454,-0.00377,1
NP01178,-0.74919,1
NP05536,-0.18398,1
NP06161,0.79769,1
NP10819,0.58762,1
NP05843,-0.14762,1
NP06165,-0.62028,1
NP08458,-1.36658,1
NP01784,-2.62907,1
NP07687,-0.97477,1
NP09591,-0.62028,1
NP09590,-1.16566,1
NP06235,-0.47848,1
NP06845,-0.3758,1
NP09827,-0.44841,1
NP04734,2.05811,1
NP01409,0.26595,1
NP07493,0.0887,1
NP09371,-1.88899,1
NP05493,-1.32927,1
NP11362,0.047,1
NP05043,0.2305,1
NP01743,-0.97477,1
NP06299,-1.32927,1
NP02344,-2.55388,1
NP05105,2.65196,1
NP04050,1.95785,1
NP07210,0.85934,1
NP04353,-0.14762,1
NP07705,-0.69906,1
NP03124,0.58139,1
NP07094,-1.32927,1
NP01809,-0.43533,1
NP02244,1.12491,1
NP11284,0.14008,1
NP10977,-0.40213,1
NP07347,-0.14762,1
NP07032,-0.32176,1
NP09416,1.50668,1
NP01649,0.26595,1
NP02696,-0.80934,1
NP06667,1.50668,1
NP05106,2.65196,1
NP02684,-0.88287,1
NP11031,-1.38835,1
NP06690,0.22,1
NP10594,-0.47848,1
NP09464,-1.5656,1
NP03784,-0.0852,1
NP10358,-0.14762,1
NP05104,0.74315,1
NP00353,-0.06693,1
NP05380,0.42778,1
NP09149,-0.80002,1
NP05486,-2.03825,1
NP09475,-0.97477,1
NP06548,-1.65153,1
NP07894,-0.35441,1
NP06899,-2.26513,1
NP06989,0.79769,1
NP01474,-1.5351,1
NP01732,0.15316,1
NP07139,0.15316,1
NP08450,-0.97477,1
NP06693,-0.14762,1
NP03802,-0.24494,1
NP08669,-1.65153,1
NP09397,1.12491,1
NP02020,-0.97477,1
NP05856,-0.53687,1
NP06643,1.0931,1
NP08517,-0.14762,1
NP02699,-0.14762,1
NP04772,0.047,1
NP04894,-0.14762,1
NP02000,-2.46364,1
NP10786,-0.14762,1
NP05756,1.0555,1
NP06348,-0.14762,1
NP04175,1.69049,1
NP07451,2.21566,1
NP04673,-0.89958,1
NP01621,-1.32927,1
NP07115,1.95785,1
NP01728,1.0555,1
NP10827,-0.97477,1
NP06945,0.79769,1
NP04304,-0.50531,1
NP04655,-0.69906,1
NP07907,0.15316,1
NP08251,0.14008,1
NP08256,-0.80934,1
NP08491,-0.58877,1
NP10627,-0.74919,1
NP07384,-0.74919,1
NP02950,0.72306,1
NP06329,-1.80192,1
NP09766,-1.04997,1
NP03418,0.20065,1
NP01193,0.36139,1
NP00954,-0.97477,1
NP03522,-0.14762,1
NP01393,0.43362,1
NP08155,0.2305,1
NP06793,-0.23705,1
NP11299,0.15316,1
NP02846,1.0555,1
NP07240,-0.97477,1
NP06550,-1.80192,1
NP02650,1.19649,1
NP01241,-1.52621,1
NP08994,-1.16566,1
NP04671,-0.78959,1
NP07228,-1.47106,1
NP09676,-0.97477,1
NP07047,-0.74919,1
NP10697,0.12809,1
NP04795,-0.14762,1
NP11300,0.01183,1
NP04834,0.79769,1
NP03456,-0.53687,1
NP04813,2.00297,1
NP04667,-0.59625,1
NP03106,0.15316,1
NP03090,-0.40213,1
NP05158,-1.52621,1
NP10646,-0.14762,1
NP04754,1.0555,1
NP02521,0.047,1
NP07906,-1.12074,1
NP01430,0.77143,1
NP01827,0.26595,1
NP05207,0.18324,1
NP05109,-0.3758,1
NP02573,-0.69208,1
NP07893,-0.74919,1
NP10031,-1.92918,1
NP03832,1.0931,1
NP10352,0.36139,1
NP08259,0.047,1
NP00939,-0.14762,1
NP09866,-2.03825,1
NP10273,-0.97477,1
NP07222,0.047,1
NP10269,0.30873,1
NP07419,-0.14762,1
NP05322,-0.97477,1
NP01239,-1.80192,1
NP01256,-0.32176,1
NP00775,-0.97477,1
NP02550,0.36139,1
NP07286,0.42778,1
NP08656,1.0555,1
NP05411,-0.84417,1
NP04479,0.4432,1
NP04765,1.32286,1
NP01729,1.0555,1
NP10597,-0.45236,1
NP08907,0.15316,1
NP01041,-1.65153,1
NP01050,1.50668,1
NP06648,-0.65664,1
NP06333,-0.62028,1
NP06554,-2.28848,1
NP08694,0.63087,1
NP04355,0.45394,1
NP11021,-0.71079,1
NP05002,0.95524,1
NP11073,0.15316,1
NP02669,-1.16566,1
NP06890,0.5141,1
NP11239,-0.58877,1
NP04043,0.85934,1
NP10148,3.16098,1
NP11119,0.46185,1
NP07913,-0.43007,1
NP02015,-1.36658,1
NP04348,-0.04423,1
NP06173,0.67953,1
NP03455,0.88631,1
NP07654,-0.97477,1
NP07426,0.88631,1
NP07957,0.33893,1
NP07944,-1.40261,1
NP06195,0.15316,1
NP11068,0.67953,1
NP11294,-0.06056,1
NP01619,0.15316,1
NP06053,-0.53687,1
NP04729,1.12491,1
NP02523,0.63087,1
NP04354,0.45394,1
NP08862,0.67953,1
NP05751,-0.14762,1
NP05765,-0.82881,1
NP07320,-1.16566,1
NP07442,3.16098,1
NP04846,0.79769,1
NP05818,2.65196,1
NP07356,-0.14762,1
NP07448,-0.29802,1
NP04933,1.50668,1
NP02827,0.15316,1
NP04057,2.21566,1
NP05694,2.7474,1
NP09360,-0.97477,1
NP09740,-0.62028,1
NP01198,1.12491,1
NP07343,0.36139,1
NP09002,-0.65664,1
NP02969,-0.14762,1
NP04824,-0.44841,1
NP01396,0.251,1
NP07148,0.0887,1
NP02543,1.27035,1
NP04342,-0.23705,1
NP11252,0.047,1
NP04284,-0.71807,1
NP04250,-0.71807,1
NP07332,0.74315,1
NP08154,-0.06693,1
NP04916,1.02639,1
NP07326,0.67953,1
NP03858,-0.63521,1
NP04851,-0.14762,1
NP03534,-0.03353,1
NP11301,-0.19116,1
NP00605,1.50668,1
NP00945,0.36139,1
NP10896,0.15316,1
NP04294,0.06583,1
NP09869,0.46793,1
NP06877,-0.5612,1
NP04917,0.84496,1
NP08467,0.0887,1
NP06326,0.0887,1
NP00874,-1.65153,1
NP07901,0.20065,1
NP01382,0.6159,1
NP04367,-0.35441,1
NP08163,0.01781,1
NP04641,-0.97477,1
NP11336,0.09617,1
NP05758,-1.1402,1
NP07469,1.2909,1
NP06292,1.12491,1
NP08296,-0.40213,1
NP00359,0.87503,1
NP11156,0.34515,1
NP06049,-0.40213,1
NP11007,-0.97477,1
NP04706,0.31558,1
NP05945,-0.74919,1
NP02005,-1.04997,1
NP01490,0.28206,1
NP02962,-0.53687,1
NP00769,0.15316,1
NP04041,1.27035,1
NP06855,-1.12074,1
NP05007,1.17582,1
NP08783,-0.86689,1
NP06941,-2.55388,1
NP04358,0.15316,1
NP07352,0.67953,1
NP01021,-1.12074,1
NP03518,0.36139,1
NP01470,-1.50361,1
NP09767,-0.35441,1
NP02029,-0.69906,1
NP08668,-0.14762,1
NP09772,-1.16566,1
NP05502,-0.26579,1
NP07246,-0.40213,1
NP01863,1.50668,1
NP07964,0.26595,1
NP02298,0.07005,1
NP03193,0.15316,1
NP09156,-0.72663,1
NP02129,-2.7945,1
NP11005,-2.74724,1
NP02529,0.79769,1
NP11292,-0.07941,1
NP08543,-1.35075,1
NP09404,-1.59514,1
NP06397,-0.53687,1
NP09595,-1.92918,1
NP04664,-0.38062,1
NP05740,0.01781,1
NP02647,0.40381,1
NP03481,-0.14762,1
NP10947,0.67953,1
NP05886,-1.20036,1
NP04648,-0.5988,1
NP07512,-0.97477,1
NP06658,0.36139,1
NP02160,0.01781,1
NP00830,-1.65153,1
NP04207,-1.15459,1
NP05087,-1.47106,1
NP07042,0.047,1
NP08200,-2.74724,1
NP01317,-1.38835,1
NP06115,0.37059,1
NP04957,-0.3758,1
NP09896,-0.23705,1
NP07736,-1.32927,1
NP09750,-0.53687,1
NP01319,0.75884,1
NP11127,-0.14762,1
NP04073,-0.74919,1
NP08995,-1.16566,1
NP08152,-0.80934,1
NP07360,-0.24494,1
NP07489,-0.97477,1
NP05067,0.33893,1
NP02702,-0.80934,1
NP01539,0.11706,1
NP01385,0.87041,1
NP04637,-0.77783,1
NP07182,-2.95993,1
NP04691,0.5141,1
NP11046,0.15316,1
NP09958,0.2371,1
NP03830,1.0555,1
NP09264,1.33554,1
NP05182,0.26595,1
NP05436,-0.14762,1
NP09036,-1.29844,1
NP07504,0.01781,1
NP06371,-0.89473,1
NP06832,0.11706,1
NP11160,0.30513,1
NP06753,-1.25049,1
NP10739,-0.14762,1
NP07257,-0.35441,1
NP08578,1.17582,1
NP06050,-0.80934,1
NP08466,0.0887,1
NP07588,0.6159,1
NP08263,0.0887,1
NP07195,-3.45622,1
NP05143,0.18324,1
NP11350,-0.00377,1
NP01296,-1.12074,1
NP11244,-2.35336,1
NP08162,-0.47848,1
NP05693,1.2909,1
NP09438,-1.12074,1
NP03131,0.15316,1
NP05434,-0.22457,1
NP01511,0.67953,1
NP01892,-0.14762,1
NP07207,-0.97477,1
NP06166,-0.62028,1
NP06047,-2.03825,1
NP06915,-1.12074,1
NP08468,0.30873,1
NP04222,-1.80192,1
NP09853,0.65935,1
NP00356,0.6159,1
NP09957,-0.08145,1
NP04792,0.20065,1
NP07456,-0.97477,1
NP06186,-0.19295,1
NP08449,-0.62028,1
NP08055,-0.97477,1
NP11374,-0.32176,1
NP06683,0.18324,1
NP06318,-0.5236,1
NP07739,-2.55388,1
NP03687,0.15316,1
NP01410,1.0931,1
NP08504,-0.74919,1
NP02524,0.79769,1
NP07020,0.0887,1
NP07525,1.12491,1
NP04020,0.34515,1
NP08082,-0.97477,1
NP06874,0.40381,1
NP00712,-0.35441,1
NP03837,0.95524,1
NP05696,1.0931,1
NP10730,-0.14762,1
NP06897,-0.29802,1
NP05173,1.50668,1
NP07471,-0.14762,1
NP01347,0.67953,1
NP07308,0.42778,1
NP01810,-0.06056,1
NP07008,0.5141,1
NP08576,-0.14762,1
NP08541,-0.66459,1
NP05134,-0.53687,1
NP06046,0.40381,1
NP04745,1.0931,1
NP06888,1.50668,1
NP05162,0.1376,1
NP01398,0.15316,1
NP00606,-0.14762,1
NP00664,1.24547,1
NP02159,-0.38395,1
NP05381,1.24547,1
NP02783,-0.74919,1
NP04374,0.21201,1
NP06567,-0.62028,1
NP08811,-0.14762,1
NP01544,-1.12074,1
NP01961,-0.14762,1
NP01209,0.15316,1
NP09872,0.17517,1
NP01424,0.40381,1
NP01418,0.95524,1
NP08496,0.15316,1
NP09799,0.26595,1
NP07353,-0.97477,1
NP07428,0.63087,1
NP09338,-1.59514,1
NP01786,0.56775,1
NP04878,0.32503,1
NP08332,0.15316,1
NP10785,0.15316,1
NP09246,1.12491,1
NP04639,-0.72303,1
NP00887,-0.74919,1
NP02484,-0.4554,1
NP07205,0.91113,1
NP08962,0.18324,1
NP04959,0.70621,1
NP07334,1.17582,1
NP01722,-0.97477,1
NP04771,-0.32176,1
NP01471,-1.5351,1
NP06747,-0.32176,1
NP05144,0.67953,1
NP05086,0.15316,1
NP03421,0.36139,1
NP08619,1.0555,1
NP07245,0.36139,1
NP11328,0.06583,1
NP04796,0.0887,1
NP01758,1.0555,1
NP06868,-0.35441,1
NP02031,-1.65153,1
NP06105,0.36139,1
NP08474,1.12491,1
NP08837,1.0555,1
NP06613,-0.14762,1
NP07287,0.79769,1
NP03423,0.67953,1
NP00599,1.50668,1
NP07330,0.20065,1
NP01879,1.0555,1
NP06176,0.047,1
NP00281,-0.26579,1
NP07600,-0.97477,1
NP07948,0.15316,1
NP06662,0.01781,1
NP01720,-0.32176,1
NP02232,-0.51525,1
NP05941,0.15316,1
NP09380,-2.03825,1
NP09368,-0.97477,1
NP04720,0.74315,1
NP03234,0.047,1
NP07480,-0.86689,1
NP03533,0.2305,1
NP02067,-2.72098,1
NP07171,-2.16156,1
NP07625,0.40381,1
NP09863,-0.35441,1
NP03695,-0.74919,1
NP04292,-0.53687,1
NP01428,0.47664,1
NP10942,1.0555,1
NP07519,0.67953,1
NP07150,-3.45622,1
NP03043,1.83754,1
NP07256,-0.35441,1
NP04468,0.4432,1
NP03804,-0.44841,1
NP06405,-0.14762,1
NP05165,0.74315,1
NP09028,-0.62028,1
NP04404,0.47274,1
NP08151,0.15316,1
NP09746,-0.62028,1
NP05656,0.15316,1
NP01405,-0.14762,1
NP06222,-0.74919,1
NP10737,-0.14762,1
NP00756,-0.74919,1
NP01358,0.54167,1
NP10626,-0.29802,1
NP07461,1.0555,1
NP02624,1.95785,1
NP01342,1.0931,1
NP04051,2.21566,1
NP02450,0.4432,1
NP07018,0.5141,1
NP07481,-1.07403,1
NP02443,0.07295,1
NP01526,-0.40213,1
NP02690,-0.74919,1
NP05483,-0.65111,1
NP09781,-0.62028,1
NP08476,0.0887,1
NP04713,0.74315,1
NP07529,-1.16566,1
NP02103,-2.52568,1
NP05325,-1.06668,1
NP07120,0.67953,1
NP04730,1.50668,1
NP01534,0.22,1
NP05895,0.0887,1
NP00338,-1.65153,1
NP08408,1.12491,1
NP00780,-0.74919,1
NP09877,1.88844,1
NP08552,-0.02946,1
NP07276,1.0555,1
NP01465,0.5141,1
NP00910,-0.14762,1
NP07293,0.0887,1
NP04784,-0.32176,1
NP02965,-0.74919,1
NP01243,-0.14762,1
NP01978,0.0887,1
NP06978,-0.32176,1
NP04313,-0.24494,1
NP01251,0.28393,1
NP03793,-0.31305,1
NP07799,-0.69906,1
NP06685,0.5141,1
NP07185,-3.45622,1
NP04961,1.33554,1
NP06402,-0.62028,1
NP03591,-0.40213,1
NP02013,-0.74919,1
NP04278,-0.97477,1
NP07497,-0.78389,1
NP09330,-2.62907,1
NP11302,-0.02037,1
NP05269,2.86019,1
NP07225,3.29332,1
NP05894,-0.40213,1
NP03852,-1.09294,1
NP06428,-0.3758,1
NP11032,-1.32927,1
NP07001,0.67953,1
NP08247,0.21496,1
NP09038,-0.36108,1
NP09806,0.11706,1
NP09526,1.12491,1
NP04283,-1.04997,1
NP07598,-0.23034,1
NP04700,0.63087,1
NP10978,0.15316,1
NP04299,-0.84417,1
NP07119,-0.14762,1
NP04280,-0.97477,1
NP09642,0.0887,1
NP04938,0.5141,1
NP11177,0.02836,1
NP07219,-0.53687,1
NP06986,-0.82881,1
NP05908,1.69049,1
NP08170,-1.32927,1
NP07856,0.047,1
NP06139,1.50668,1
NP07796,1.12491,1
NP05167,0.5141,1
NP05311,-1.47106,1
NP03254,0.36139,1
NP06891,-0.40213,1
NP07379,-2.83586,1
NP07248,1.21474,1
NP02900,-0.29802,1
NP07363,1.83754,1
NP10740,0.15316,1
NP07657,-0.97477,1
NP00757,-0.80934,1
NP03033,-0.74919,1
NP05883,0.67953,1
NP05221,0.88631,1
NP09401,-1.59514,1
NP06328,1.50668,1
NP00754,-0.14762,1
NP06912,-0.14762,1
NP08264,-1.47106,1
NP01719,-1.5656,1
NP00593,-1.36658,1
NP03426,1.50668,1
NP02686,-0.74919,1
NP07083,0.79769,1
NP02792,-1.65153,1
NP05884,-0.97477,1
NP09716,-1.12074,1
NP03847,-0.74919,1
NP09272,0.32503,1
NP09894,-0.57454,1
NP10780,1.95785,1
NP11295,0.03878,1
NP04094,-0.74919,1
NP07341,1.12491,1
NP02829,-0.97477,1
NP04932,0.5141,1
NP11326,0.38602,1
NP06337,-1.16566,1
NP02961,-1.36658,1
NP09636,-0.97477,1
NP07402,-1.06034,1
NP08469,-0.62028,1
NP06104,0.11706,1
NP07817,-0.74919,1
NP07016,-0.62028,1
NP03849,-1.65153,1
NP04466,0.0887,1
NP05498,-1.80192,1
NP02942,-1.32927,1
NP03369,1.01039,1
NP01402,0.40381,1
NP11327,0.06583,1
NP01723,0.67953,1
NP09670,-1.12074,1
NP00059,0.5141,1
NP06717,-1.31011,1
NP10792,-0.14762,1
NP03543,0.67953,1
NP01008,-0.97477,1
NP05149,1.01039,1
NP00122,0.67953,1
NP05854,1.12491,1
NP07488,-0.82881,1
NP09985,2.86019,1
NP04373,0.21201,1
NP10895,-0.53687,1
NP09928,-0.06056,1
NP01399,0.15316,1
NP07118,1.50668,1
NP01129,-0.74919,1
NP05729,1.50668,1
NP04928,1.17582,1
NP10704,0.0887,1
NP04986,0.84496,1
NP05528,0.42778,1
NP06834,-0.27997,1
NP07028,0.70621,1
NP10355,-0.62028,1
NP04282,-1.06034,1
NP09897,0.41726,1
NP04148,-1.70461,1
NP04761,0.4432,1
NP07299,1.12491,1
NP05459,-1.32927,1
NP07370,1.12491,1
NP00853,-1.80192,1
NP04440,-0.14762,1
NP09854,0.90144,1
NP03569,1.50668,1
NP01804,0.42778,1
NP11315,0.79769,1
NP07296,0.95524,1
NP01888,-0.40213,1
NP09918,1.86981,1
NP05192,1.08128,1
NP06327,-1.92918,1
NP03532,0.047,1
NP11372,-0.37118,1
NP07404,0.20065,1
NP11359,0.047,1
NP05682,0.67953,1
NP00809,-0.97477,1
NP03949,-1.01074,1
NP07121,-0.97477,1
NP06878,-2.2531,1
NP07078,0.36139,1
NP09310,0.26595,1
NP11316,0.79769,1
NP01896,-0.97477,1
NP00791,-1.47106,1
NP06944,1.50668,1
NP07849,0.88631,1
NP01738,0.15316,1
NP04238,-1.06034,1
NP09296,-0.80934,1
NP05093,1.27035,1
NP05832,-1.40261,1
NP04022,-0.27248,1
NP04762,2.00297,1
NP07350,1.50668,1
NP05698,0.62044,1
NP11152,0.66193,1
NP04697,-0.35441,1
NP04844,1.27035,1
NP00902,1.0555,1
NP06048,1.50668,1
NP11298,-0.00377,1
NP07552,-0.03353,1
NP09749,-0.14762,1
NP05141,0.26595,1
NP07427,-0.62028,1
NP00626,-0.84417,1
NP04766,2.21566,1
NP06700,-0.97477,1
NP09203,0.01781,1
NP08539,-0.44841,1
NP00764,-1.32927,1
NP02354,-2.55388,1
NP06218,0.06583,1
NP01510,-0.37118,1
NP05240,-1.92918,1
NP07142,-3.45622,1
NP09054,-0.94336,1
NP06715,-0.90388,1
NP09794,0.76752,1
NP07566,-0.35441,1
NP00025,-0.33999,1
NP05150,1.95785,1
NP03039,-0.47848,1
NP10647,0.13396,1
NP09924,0.10688,1
NP05124,0.72306,1
NP07476,-1.25049,1
NP07304,0.79769,1
NP05327,-0.40213,1
NP07399,-1.36658,1
NP05200,0.74315,1
NP06141,0.95524,1
NP04393,-1.25049,1
NP02080,-2.26513,1
NP03417,1.50668,1
NP04996,0.60433,1
NP06393,-1.80192,1
NP09039,-0.29306,1
NP07004,-0.32176,1
NP08275,0.36139,1
NP01017,-0.14762,1
NP09800,0.60433,1
NP04967,0.5141,1
NP05524,0.85934,1
NP05942,-0.74919,1
NP02025,-0.76799,1
NP08510,-0.62028,1
NP02053,0.26595,1
NP07393,-1.12074,1
NP08983,-0.91115,1
NP02045,-2.03825,1
NP02193,-0.62028,1
NP07319,-1.65153,1
NP04461,0.0887,1
NP08331,-0.40213,1
NP09410,-1.80192,1
NP03770,-0.3758,1
NP09762,-0.62028,1
NP08049,-1.06034,1
NP01791,0.83601,1
NP07307,0.26595,1
NP00908,0.72306,1
NP06859,-0.62028,1
NP04405,0.05916,1
NP07636,-0.14762,1
NP05201,0.4432,1
NP07543,-0.14762,1
NP11355,-0.14762,1
NP09954,0.46793,1
NP01965,0.32503,1
NP03794,-0.31305,1
NP02966,-1.65153,1
NP08052,0.20065,1
NP01154,-0.97477,1
NP09707,-0.69906,1
NP07460,-0.86689,1
NP05930,-1.80192,1
NP02595,0.67953,1
NP08445,-0.35441,1
NP02486,-0.53687,1
NP11121,0.36139,1
NP04142,-0.74919,1
NP11377,0.56775,1
NP07085,1.50668,1
NP01190,1.12491,1
NP07258,-0.35441,1
NP00788,-0.40213,1
NP04633,-0.14762,1
NP02295,-0.03353,1
NP09048,-0.29306,1
NP07306,0.26595,1
NP08260,-0.14762,1
NP06422,-0.51525,1
NP06698,-0.58297,1
NP09037,-1.29844,1
NP09729,-0.62028,1
NP08556,-0.58877,1
NP02824,1.50668,1
NP02851,1.0555,1
NP11376,0.07005,1
NP04793,0.18324,1
NP02968,0.01781,1
NP11333,-0.24082,1
NP07711,-1.25049,1
NP06430,-0.51525,1
NP11324,0.25342,1
NP07547,-0.80934,1
NP02240,-1.32927,1
NP09349,-0.80934,1
NP06499,-0.14762,1
NP06092,0.5141,1
NP05914,0.20065,1
NP11335,0.49154,1
NP03841,1.69049,1
NP09528,-0.14762,1
NP04481,0.67953,1
NP05281,-0.14762,1
NP06716,-0.53687,1
NP03046,0.36139,1
NP11403,-0.23705,1
NP05477,0.72306,1
NP07704,-0.50531,1
NP05180,1.50668,1
NP01182,-1.65153,1
NP06679,0.5141,1
NP08918,-0.74919,1
NP08156,0.63087,1
NP07537,-1.96735,1
NP10687,0.32503,1
NP04876,0.60433,1
NP03462,-0.14762,1
NP02933,1.12491,1
NP06162,-0.14762,1
NP05888,0.36139,1
NP11166,0.59948,1
NP06191,-0.29802,1
NP06130,-0.97477,1
NP03749,0.15316,1
NP02648,-0.62028,1
NP10718,0.0887,1
NP10806,0.63087,1
NP04960,-0.3758,1
NP07430,0.67953,1
NP00026,-0.4554,1
NP10659,0.15316,1
NP09400,-0.40213,1
NP10796,1.0555,1
NP05622,-1.20036,1
NP11238,-0.62028,1
NP03178,1.0555,1
NP04900,0.20065,1
NP01325,0.54167,1
NP00760,-0.35441,1
NP07549,-0.71807,1
NP10882,0.15316,1
NP09893,-0.14762,1
NP05570,0.67953,1
NP03551,-0.14762,1
NP10753,0.15316,1
NP00062,-1.47106,1
NP09804,-0.4554,1
NP06702,-0.90388,1
NP05168,0.05412,1
NP07482,-0.26579,1
NP09903,0.5141,1
NP06858,1.0555,1
NP03210,1.0555,1
NP04366,-0.25435,1
NP05767,-0.5612,1
NP07517,0.36139,1
NP03590,-0.97477,1
NP06361,-0.72663,1
NP04189,-0.32176,1
NP11341,0.62287,1
NP06395,-0.97477,1
NP01967,-0.62028,1
NP02024,-1.22798,1
NP05122,-0.50531,1
NP01530,0.58762,1
NP07154,-0.97477,1
NP03483,-0.97477,1
NP01609,-0.74919,1
NP02261,-0.62028,1
NP06272,-0.14762,1
NP01370,-0.53687,1
NP06876,-1.07403,1
NP03571,1.0555,1
NP06992,0.20065,1
NP02823,-0.97477,1
NP03798,0.91113,1
NP04797,1.12491,1
NP00748,-0.14762,1
NP04698,-0.14762,1
NP04382,1.32286,1
NP01926,1.17582,1
NP07235,1.17582,1
NP03410,-1.16566,1
NP06917,-0.32176,1
NP04877,0.79769,1
NP09009,-0.40213,1
NP06745,-0.42624,1
NP07338,-0.84417,1
NP01890,0.36139,1
NP03116,0.047,1
NP07627,0.26595,1
NP03850,-1.65153,1
NP09207,0.88631,1
NP07374,0.0887,1
NP11067,-0.14762,1
NP00040,0.42282,1
NP03748,0.15316,1
NP07070,0.36139,1
NP07970,-1.16566,1
NP07477,-0.84417,1
NP06340,-1.32927,1
NP08627,1.24547,1
NP08707,-0.74919,1
NP04905,0.15316,1
NP09340,0.79769,1
NP05186,0.67953,1
NP00962,0.36139,1
NP08614,0.67953,1
NP00911,-0.14762,1
NP00990,-0.14762,1
NP01188,-0.74919,1
NP03843,1.21474,1
NP09900,0.69876,1
NP08249,0.07899,1
NP02263,-0.80934,1
NP00919,0.26595,1
NP07473,-1.47106,1
NP09342,-1.47106,1
NP05108,0.15316,1
NP04965,0.84496,1
NP09309,-0.88287,1
NP05820,2.12704,1
NP07582,-0.69906,1
NP05030,0.047,1
NP06953,-0.5612,1
NP07009,-0.47848,1
NP04832,0.79769,1
NP02685,-1.65153,1
NP05113,0.38602,1
NP10732,0.79769,1
NP10373,0.79769,1
NP05684,0.5141,1
NP05487,-1.61811,1
NP06536,-1.65153,1
NP04217,-0.40213,1
NP07518,-0.40213,1
NP03424,-0.40213,1
NP04860,0.79769,1
NP08545,-0.74919,1
NP06398,0.5141,1
NP04801,-0.50531,1
NP00925,1.0555,1
NP09898,0.65935,1
NP10943,0.15316,1
NP00014,0.88631,1
NP08079,-0.3758,1
NP06113,-0.49138,1
NP06355,-0.05698,1
NP04952,0.40381,1
NP09429,-0.78389,1
NP04977,-0.3758,1
NP03676,1.0555,1
NP04634,-0.72303,1
NP01567,1.0555,1
NP01326,0.54167,1
NP06983,-0.78389,1
NP09473,-1.36658,1
NP01677,-0.37118,1
NP06851,-0.14762,1
NP10759,-0.14762,1
NP09911,0.77444,1
NP07049,0.42778,1
NP04205,-1.44229,1
NP10321,-0.29802,1
NP06153,-0.32176,1
NP07719,-0.14762,1
NP08658,0.36139,1
NP04804,-0.82881,1
NP06423,0.2305,1
NP01394,0.66878,1
NP10945,1.0555,1
NP04370,-0.07243,1
NP04457,-0.4554,1
NP04717,0.74315,1
NP02312,-2.55388,1
NP01321,0.67953,1
NP02461,0.0887,1
NP06699,-0.06056,1
NP06412,0.01781,1
NP01016,-0.14762,1
NP05091,0.32503,1
NP11309,-0.32176,1
NP00890,0.5141,1
NP07381,1.12491,1
NP11072,1.50668,1
NP04156,-1.36658,1
NP07959,0.42778,1
NP05228,-1.47106,1
NP05828,0.32503,1
NP01661,-1.65153,1
NP06621,0.42778,1
NP06547,-1.65153,1
NP00597,1.83754,1
NP01355,0.81738,1
NP07364,-0.14762,1
NP04243,-1.06034,1
NP05183,0.01781,1
NP05826,1.21474,1
NP10867,0.15316,1
NP10837,-1.32927,1
NP04346,-0.25435,1
NP00871,-0.74919,1
NP06538,-2.55388,1
NP11245,-1.51422,1
NP02006,-1.7125,1
NP06211,-0.06056,1
NP01515,0.0887,1
NP02522,1.76788,1
NP09359,-1.25049,1
NP07041,0.36139,1
NP06936,-3.45622,1
NP06314,-0.74919,1
NP07848,0.5141,1
NP07961,0.01781,1
NP00875,-1.92918,1
NP01478,-0.06693,1
NP06653,0.15316,1
NP02687,-0.74919,1
NP06125,0.36139,1
NP08140,0.0887,1
NP04644,-0.03915,1
NP04703,1.34658,1
NP01500,0.46508,1
NP06705,-0.58877,1
NP09434,-0.44841,1
NP06908,-0.14762,1
NP05140,0.5141,1
NP06335,-0.14762,1
NP07978,-0.82881,1
NP03430,0.67953,1
NP06975,-0.69906,1
NP05213,0.95524,1
NP06795,-1.04184,1
NP04645,-0.62028,1
NP05692,0.20065,1
NP06856,1.0555,1
NP00815,-1.65153,1
NP06670,0.5141,1
NP01320,0.95524,1
NP09369,-1.25049,1
NP07025,-0.14762,1
NP04455,0.0887,1
NP07072,-0.40213,1
NP06036,-0.40213,1
NP01811,0.83601,1
NP07125,2.21566,1
NP06052,0.15316,1
NP05001,0.79769,1
NP07396,1.21474,1
NP11158,0.27929,1
NP01203,-0.14762,1
NP04179,0.26595,1
NP07131,-0.14762,1
NP03588,0.15316,1
NP00818,-2.55388,1
NP09780,0.20065,1
NP03758,-0.14762,1
NP02101,-1.21492,1
NP01493,0.46793,1
NP09633,-0.74919,1
NP07960,-1.16566,1
NP06188,-2.13278,1
NP01131,-0.14762,1
NP03546,0.56775,1
NP08456,0.0887,1
NP03714,1.17582,1
NP02169,-0.47848,1
NP03070,-0.06056,1
NP04066,-0.3909,1
NP01156,-0.80934,1
NP07641,-0.42334,1
NP06325,-1.16566,1
NP06875,-0.5612,1
NP06407,0.01781,1
NP02973,0.67953,1
NP08405,1.12491,1
NP05114,0.32503,1
NP07678,-0.69906,1
NP01174,-1.80192,1
NP05282,-2.13278,1
NP06729,0.79769,1
NP03641,-0.14762,1
NP08616,0.0887,1
NP05778,-2.55388,1
NP06972,0.63087,1
NP05075,0.95524,1
NP05132,-0.82881,1
NP03422,0.36139,1
NP06786,-0.23705,1
NP04935,0.72306,1
NP04992,1.34658,1
NP00950,-0.53687,1
NP01660,-0.97477,1
NP08145,-1.12074,1
NP02149,0.15316,1
NP04710,2.00297,1
NP05119,0.5141,1
NP09793,0.73467,1
NP09616,-0.44841,1
NP05935,1.0555,1
NP08509,-0.40213,1
NP07440,-0.14762,1
NP07411,-0.32176,1
NP08229,-1.73,1
NP01246,-0.00377,1
NP07367,0.047,1
