,MSS,y
Neg_446,0.58279,0
Neg_2228,0.74169,0
Neg_2386,-1.0454,0
Neg_2835,-0.83502,0
Neg_2149,-1.28251,0
Neg_2248,0.79874,0
Neg_2739,-0.58715,0
Neg_2580,0.63175,0
Neg_2765,-0.34293,0
Neg_939,-0.18486,0
Neg_1859,-0.12113,0
Neg_1088,-0.1209,0
Neg_448,-0.68883,0
Neg_2831,-1.17211,0
Neg_358,-0.67938,0
Neg_2287,-0.84527,0
Neg_2597,-0.42508,0
Neg_2648,-0.35691,0
Neg_152,-0.63773,0
Neg_2086,-0.73688,0
Neg_966,-0.7218,0
Neg_2081,-0.12286,0
Neg_2579,-1.05275,0
Neg_542,-0.80573,0
Neg_270,-1.09108,0
Neg_447,-0.2792,0
Neg_2242,-0.33026,0
Neg_1615,-0.56991,0
Neg_103,0.70768,0
Neg_1048,-0.94227,0
Neg_628,0.28482,0
Neg_2169,-0.49033,0
Neg_599,-0.81634,0
Neg_2490,0.24183,0
Neg_62,-0.96324,0
Neg_1129,-0.69576,0
Neg_190,1.36994,0
Neg_1522,-0.97246,0
Neg_165,-0.5486,0
Neg_1152,0.69081,0
Neg_217,-0.24781,0
Neg_1140,-0.87869,0
Neg_2378,-0.55527,0
Neg_1569,-0.50525,0
Neg_662,0.2621,0
Neg_688,-0.63279,0
Neg_541,1.21399,0
Neg_624,-0.94403,0
Neg_2108,-0.48148,0
Neg_2808,-1.03637,0
Neg_2794,0.96392,0
Neg_2286,-0.44418,0
Neg_373,-0.72379,0
Neg_2612,0.73241,0
Neg_937,-0.32156,0
Neg_1345,-0.22424,0
Neg_2671,-0.42284,0
Neg_2855,0.10259,0
Neg_279,-0.89947,0
Neg_706,-0.78223,0
Neg_2921,-0.59333,0
Neg_994,-0.23717,0
Neg_2453,0.3756,0
Neg_2074,0.4806,0
Neg_1803,1.05038,0
Neg_653,0.77932,0
Neg_1943,-0.7643,0
Neg_1283,-0.19935,0
Neg_1383,-0.07893,0
Neg_325,-1.18279,0
Neg_2702,-0.86943,0
Neg_2180,-0.52397,0
Neg_585,-0.63513,0
Neg_2047,-0.11946,0
Neg_2392,0.25195,0
Neg_919,-0.24324,0
Neg_2566,-0.8387,0
Neg_404,-0.65585,0
Neg_953,-0.17467,0
Neg_1257,0.16647,0
Neg_1680,-0.54011,0
Neg_1098,1.40674,0
Neg_1404,-0.72212,0
Neg_79,-0.79815,0
Neg_2483,2.07744,0
Neg_2866,0.74001,0
Neg_133,-1.10726,0
Neg_1514,-1.09744,0
Neg_1790,0.4132,0
Neg_2219,0.23625,0
Neg_2758,-0.33636,0
Neg_621,-0.26683,0
Neg_904,-0.07846,0
Neg_736,-0.78295,0
Neg_431,-1.10293,0
Neg_2469,0.66398,0
Neg_2895,-0.81101,0
Neg_202,-0.82411,0
Neg_478,-0.38302,0
Neg_1929,-0.99756,0
Neg_1179,0.06755,0
Neg_116,-1.17217,0
Neg_2854,-0.19177,0
Neg_2229,-0.3369,0
Neg_301,0.30125,0
Neg_2264,0.05772,0
Neg_58,-0.97632,0
Neg_37,-0.79736,0
Neg_1299,-0.45732,0
Neg_2238,-0.25021,0
Neg_1065,-0.39868,0
Neg_2393,-0.1926,0
Neg_1063,-0.7515,0
Neg_2681,0.32984,0
Neg_1206,-0.19138,0
Neg_926,-0.19951,0
Neg_1834,1.96276,0
Neg_219,-0.54033,0
Neg_1051,-0.38726,0
Neg_2732,-0.47146,0
Neg_22,1.15654,0
Neg_2672,0.01339,0
Neg_1925,-0.49025,0
Neg_1046,-0.85217,0
Neg_2602,-0.63955,0
Neg_2626,-0.75519,0
Neg_664,-1.00575,0
Neg_1033,-0.79043,0
Neg_1541,-0.37107,0
Neg_352,-0.93795,0
Neg_2763,-0.90824,0
Neg_2198,-0.9331,0
Neg_260,0.45564,0
Neg_743,-0.13056,0
Neg_1798,0.02151,0
Neg_805,-0.80984,0
Neg_2446,-0.36722,0
Neg_1456,-0.40238,0
Neg_853,-0.94592,0
Neg_1866,-0.09182,0
Neg_1972,-1.2687,0
Neg_1250,-0.68396,0
Neg_2893,-0.62781,0
Neg_415,-0.20321,0
Neg_2440,0.8993,0
Neg_1947,-0.32359,0
Neg_2296,-1.02998,0
Neg_1491,-1.01034,0
Neg_1592,0.01926,0
Neg_833,-0.29455,0
Neg_2254,1.44569,0
Neg_2786,-0.50627,0
Neg_1307,-0.60479,0
Neg_1022,-0.23897,0
Neg_2289,-0.26635,0
Neg_2564,-0.8255,0
Neg_1131,-0.71132,0
Neg_2814,0.01928,0
Neg_2346,0.55339,0
Neg_2538,-0.54319,0
Neg_503,-0.82239,0
Neg_614,-0.40517,0
Neg_2227,0.29502,0
Neg_1977,-0.81202,0
Neg_1151,-0.3553,0
Neg_2315,0.07237,0
Neg_1180,-1.11255,0
Neg_308,-0.0652,0
Neg_1426,-0.11992,0
Neg_12,-0.0344,0
Neg_506,-0.96944,0
Neg_136,-1.21454,0
Neg_378,-0.64657,0
Neg_2058,0.37917,0
Neg_2336,-0.59162,0
Neg_2220,-0.38747,0
Neg_262,-0.43822,0
Neg_1888,0.08209,0
Neg_2552,-1.03251,0
Neg_1340,-0.33213,0
Neg_1753,-0.18726,0
Neg_941,-0.41001,0
Neg_689,-0.44234,0
Neg_403,-1.13624,0
Neg_2524,-0.55573,0
Neg_1006,-0.90213,0
Neg_89,-0.39461,0
Neg_1956,0.20187,0
Neg_2723,-0.41977,0
Neg_34,0.45388,0
Neg_757,-1.10766,0
Neg_1170,0.51873,0
Neg_1405,-0.6451,0
Neg_1634,-1.19634,0
Neg_835,-0.43955,0
Neg_1809,-0.5528,0
Neg_296,-0.8546,0
Neg_1989,-0.62492,0
Neg_636,-0.52727,0
Neg_1350,-0.76825,0
Neg_160,1.70556,0
Neg_1524,-0.5003,0
Neg_836,-0.98863,0
Neg_1885,-0.40692,0
Neg_1723,-0.61409,0
Neg_1139,-0.57334,0
Neg_531,-1.15051,0
Neg_131,-0.70361,0
Neg_226,-0.41419,0
Neg_2031,-0.58557,0
Neg_1050,-0.51171,0
Neg_2215,0.21707,0
Neg_1008,-0.3616,0
Neg_755,-0.15725,0
Neg_1309,-0.52234,0
Neg_1348,-0.47125,0
Neg_2829,-0.32014,0
Neg_1281,1.93587,0
Neg_2879,1.34167,0
Neg_2182,-0.20357,0
Neg_513,-0.60506,0
Neg_2222,0.7616,0
Neg_2348,-0.02701,0
Neg_549,-0.65495,0
Neg_2669,-1.07622,0
Neg_1248,-0.47771,0
Neg_19,0.13425,0
Neg_1763,0.91891,0
Neg_2832,-0.87564,0
Neg_1992,-0.55745,0
Neg_2675,-0.88755,0
Neg_203,0.17251,0
Neg_2314,-1.23444,0
Neg_460,-0.79199,0
Neg_248,-0.64909,0
Neg_418,-0.6751,0
Neg_1007,-0.90805,0
Neg_2178,-0.21315,0
Neg_537,0.15806,0
Neg_97,-0.29078,0
Neg_1719,0.54273,0
Neg_1777,-1.13018,0
Neg_771,-0.67573,0
Neg_2070,-0.31821,0
Neg_1418,-0.69768,0
Neg_1167,-0.97452,0
Neg_2477,-0.79627,0
Neg_715,-1.02764,0
Neg_616,-0.60261,0
Neg_558,-0.3594,0
Neg_64,-1.13413,0
Neg_1316,-0.52206,0
Neg_1507,-1.12902,0
Neg_1101,-1.19491,0
Neg_1796,-0.95719,0
Neg_1223,-0.71627,0
Neg_538,-0.39114,0
Neg_302,-0.41234,0
Neg_200,-1.04898,0
Neg_1730,-1.2591,0
Neg_876,-1.05075,0
Neg_326,-0.77054,0
Neg_1436,-0.20977,0
Neg_727,0.20652,0
Neg_1831,-0.40875,0
Neg_900,1.74894,0
Neg_1637,-0.17817,0
Neg_2635,0.57748,0
Neg_2454,-0.22513,0
Neg_1216,-0.71966,0
Neg_2191,-0.6515,0
Neg_1275,0.21523,0
Neg_2151,-0.07012,0
Neg_1402,0.36514,0
Neg_717,-0.13856,0
Neg_1862,0.14088,0
Neg_158,-0.4125,0
Neg_1740,-0.93672,0
Neg_1424,-0.94285,0
Neg_943,0.53872,0
Neg_1688,0.95186,0
Neg_148,-0.97939,0
Neg_2796,0.11198,0
Neg_1887,-0.44996,0
Neg_2811,-0.23437,0
Neg_859,0.7737,0
Neg_2155,-0.67312,0
Neg_2045,-1.18495,0
Neg_1104,-0.16572,0
Neg_2638,-0.65482,0
Neg_962,-0.60218,0
Neg_2828,-0.94223,0
Neg_1944,0.0038,0
Neg_523,1.38443,0
Neg_1319,0.07613,0
Neg_562,0.75129,0
Neg_2456,-0.27432,0
Neg_1500,-0.48703,0
Neg_1913,0.53004,0
Neg_286,-0.9881,0
Neg_2871,-0.65608,0
Neg_456,-0.48181,0
Neg_984,-0.498,0
Neg_1837,-0.76959,0
Neg_2617,1.43812,0
Neg_139,0.70543,0
Neg_1815,-0.6269,0
Neg_1157,-1.01511,0
Neg_1317,0.03333,0
Neg_2405,-0.80731,0
Neg_45,-0.22383,0
Neg_1797,-1.04556,0
Neg_2769,-0.53404,0
Neg_1390,-1.1173,0
Neg_1018,-0.2116,0
Neg_602,1.05015,0
Neg_182,-1.15238,0
Neg_1056,-0.2697,0
Neg_2567,-1.26274,0
Neg_849,-1.03893,0
Neg_2338,0.06862,0
Neg_422,-1.16134,0
Neg_1421,-1.13167,0
Neg_2439,-0.4863,0
Neg_563,0.17076,0
Neg_1622,-0.45959,0
Neg_1578,-0.82474,0
Neg_1939,-0.97969,0
Neg_163,-0.66859,0
Neg_287,0.38685,0
Neg_787,1.11597,0
Neg_1846,-0.75583,0
Neg_1280,-0.41312,0
Neg_1918,0.42636,0
Neg_999,0.04392,0
Neg_314,0.17034,0
Neg_2192,-0.93141,0
Neg_605,-0.92302,0
Neg_413,0.73786,0
Neg_1861,-1.20526,0
Neg_342,1.17241,0
Neg_398,-0.68832,0
Neg_96,-0.66416,0
Neg_1924,0.40675,0
Neg_592,-0.73272,0
Neg_1985,-1.13157,0
Neg_1045,-0.58051,0
Neg_2542,-0.50003,0
Neg_2165,-0.84459,0
Neg_1526,-0.32253,0
Neg_2709,0.32502,0
Neg_2230,-0.79762,0
Neg_2137,-0.18811,0
Neg_2068,-0.52467,0
Neg_2163,-0.4474,0
Neg_2247,-1.01109,0
Neg_529,-0.73581,0
Neg_936,-0.81074,0
Neg_2418,-0.99429,0
Neg_2487,-0.88335,0
Neg_703,-0.60268,0
Neg_1742,-0.11352,0
Neg_305,-0.12093,0
Neg_1078,-0.3083,0
Neg_1672,-0.57689,0
Neg_2568,-0.23844,0
Neg_1911,-0.87591,0
Neg_2397,0.28056,0
Neg_992,-1.20051,0
Neg_1161,0.18328,0
Neg_2581,-0.48239,0
Neg_701,-0.98446,0
Neg_464,-0.35147,0
Neg_1692,1.53361,0
Neg_774,-0.18302,0
Neg_2620,-0.65254,0
Neg_979,-0.71172,0
Neg_2827,-0.72972,0
Neg_2729,-0.50652,0
Neg_2277,-1.10151,0
Neg_1632,-0.98513,0
Neg_2756,1.92297,0
Neg_1898,-0.90184,0
Neg_1391,-0.52832,0
Neg_1059,-1.04008,0
Neg_1746,0.10239,0
Neg_1847,0.37445,0
Neg_1490,-0.69965,0
Neg_450,1.74411,0
Neg_1448,-0.17908,0
Neg_2410,-0.89561,0
Neg_1301,-1.14584,0
Neg_696,0.45843,0
Neg_2757,-0.79338,0
Neg_815,0.05982,0
Neg_890,-0.56375,0
Neg_2049,-0.98373,0
Neg_634,-0.78269,0
Neg_1241,-0.56321,0
Neg_1265,-0.13747,0
Neg_1145,0.25305,0
Neg_364,-1.127,0
Neg_2428,-0.62042,0
Neg_2873,-0.59138,0
Neg_2762,-0.75934,0
Neg_1932,-0.25052,0
Neg_218,-0.86559,0
Neg_1471,-0.28459,0
Neg_211,-0.55739,0
Neg_88,-0.54011,0
Neg_1800,-1.01987,0
Neg_1995,-0.35445,0
Neg_2231,-0.87065,0
Neg_1090,1.49667,0
Neg_1457,-0.19577,0
Neg_795,2.02165,0
Neg_1614,0.61138,0
Neg_732,0.65988,0
Neg_2025,1.27379,0
Neg_2088,-0.08159,0
Neg_2527,-0.62261,0
Neg_2021,-0.41104,0
Neg_2570,-0.76397,0
Neg_215,-0.85311,0
Neg_2516,-0.2463,0
Neg_1712,-0.92037,0
Neg_2010,-0.8481,0
Neg_1285,0.08357,0
Neg_2834,-1.16419,0
Neg_2013,0.07002,0
Neg_945,-0.80562,0
Neg_1787,-1.17806,0
Neg_935,0.0656,0
Neg_2099,-0.9866,0
Neg_2179,1.66556,0
Neg_2726,-0.68255,0
Neg_1484,-0.88459,0
Neg_2381,-1.28667,0
Neg_1458,-0.12423,0
Neg_216,-0.63395,0
Neg_2725,0.23784,0
Neg_406,-0.66724,0
Neg_1363,-0.46499,0
Neg_1311,1.37488,0
Neg_1149,-0.27589,0
Neg_1218,-0.24635,0
Neg_1597,-0.69349,0
Neg_2745,-0.57107,0
Neg_1477,-1.19951,0
Neg_2803,-0.53893,0
Neg_104,-0.72295,0
Neg_1900,-0.31362,0
Neg_2586,0.54989,0
Neg_2050,-1.25701,0
Neg_1069,-0.89393,0
Neg_336,1.66293,0
Neg_2260,-0.86071,0
Neg_1733,-0.33742,0
Neg_1555,2.4988,0
Neg_2329,-0.68454,0
Neg_1878,-0.18907,0
Neg_1893,-0.87235,0
Neg_1716,-0.86158,0
Neg_2322,-0.5499,0
Neg_101,-0.76476,0
Neg_16,-0.49184,0
Neg_31,-0.78322,0
Neg_240,-0.67988,0
Neg_1117,-0.48755,0
Neg_2262,-0.36196,0
Neg_2861,-0.02385,0
Neg_1225,-0.7064,0
Neg_261,-0.63996,0
Neg_609,-0.49424,0
Neg_1352,0.1367,0
Neg_733,-0.05119,0
Neg_2593,2.24847,0
Neg_2259,1.56592,0
Neg_1785,-0.76264,0
Neg_847,-0.92316,0
Neg_684,-0.94692,0
Neg_1411,0.53405,0
Neg_680,-0.29365,0
Neg_502,0.65177,0
Neg_1097,-0.81923,0
Neg_1826,-0.42027,0
Neg_702,-0.4791,0
Neg_1626,-0.65871,0
Neg_2358,-0.86026,0
Neg_1026,-0.83434,0
Neg_82,-0.35059,0
Neg_509,-0.10637,0
Neg_1235,-0.82663,0
Neg_2118,-0.33578,0
Neg_1303,-0.4275,0
Neg_72,-0.32111,0
Neg_1147,-0.11133,0
Neg_2437,-0.84978,0
Neg_1770,-0.9041,0
Neg_177,-0.12187,0
Neg_978,-1.04444,0
Neg_724,-0.47609,0
Neg_1766,-0.40207,0
Neg_868,-0.86159,0
Neg_1825,-0.80398,0
Neg_2020,-0.6464,0
Neg_1628,0.46644,0
Neg_892,-1.2086,0
Neg_2692,0.24139,0
Neg_512,-0.26668,0
Neg_2128,-0.50577,0
Neg_1647,1.02359,0
Neg_2419,1.78892,0
Neg_2659,-0.15326,0
Neg_1214,-0.00958,0
Neg_411,-0.30382,0
Neg_2321,-0.60933,0
Neg_1384,-1.00913,0
Neg_1489,-0.79997,0
Neg_2666,-0.16102,0
Neg_1905,-0.34433,0
Neg_55,-0.46349,0
Neg_1178,-0.66329,0
Neg_2369,-1.23524,0
Neg_1,-1.14652,0
Neg_1999,0.76798,0
Neg_1883,-0.12937,0
Neg_1643,-0.13285,0
Neg_2885,1.65415,0
Neg_1786,-0.38513,0
Neg_1933,-0.42856,0
Neg_814,0.41461,0
Neg_1593,-0.5541,0
Neg_1298,-0.9268,0
Neg_285,-0.66949,0
Neg_2792,-0.01867,0
Neg_2154,0.08011,0
Neg_1689,-0.71004,0
Neg_603,-0.27262,0
Neg_1021,0.5064,0
Neg_1820,-0.40607,0
Neg_222,-0.29272,0
Neg_256,-0.0549,0
Neg_704,-0.49446,0
Neg_144,-0.63951,0
Neg_2067,-0.60587,0
Neg_1406,0.37828,0
Neg_2616,-0.59764,0
Neg_648,-0.81433,0
Neg_2774,-0.98085,0
Neg_292,-0.71118,0
Neg_2667,-0.7612,0
Neg_257,-0.44219,0
Neg_1768,-0.10361,0
Neg_2249,-0.94472,0
Neg_779,-0.37358,0
Neg_2513,0.56012,0
Neg_2425,-0.70653,0
Neg_2272,-0.6002,0
Neg_361,-0.75396,0
Neg_1745,0.04273,0
Neg_2902,-0.75025,0
Neg_808,0.40842,0
Neg_407,-1.27723,0
Neg_191,-0.00815,0
Neg_1737,-0.80911,0
Neg_1001,0.65258,0
Neg_2120,-0.44243,0
Neg_960,0.04837,0
Neg_1356,-0.58368,0
Neg_1764,-0.37487,0
Neg_901,-0.76441,0
Neg_2556,-0.91818,0
Neg_303,-0.0619,0
Neg_654,-0.54618,0
Neg_251,-0.18688,0
Neg_1958,0.09848,0
Neg_2857,0.29411,0
Neg_1824,-0.19648,0
Neg_9,-0.1434,0
Neg_1397,-0.93826,0
Neg_1841,0.224,0
Neg_1197,-1.1942,0
Neg_1357,-0.91206,0
Neg_2898,-0.24953,0
Neg_2132,0.17658,0
Neg_647,-0.51491,0
Neg_2646,0.3122,0
Neg_476,0.10419,0
Neg_231,0.63741,0
Neg_451,-0.73411,0
Neg_1073,-0.83326,0
Neg_7,-0.89472,0
Neg_1877,-0.8213,0
Neg_2912,1.36329,0
Neg_1968,0.32271,0
Neg_2590,-0.8743,0
Neg_2781,-0.21273,0
Neg_940,-0.48596,0
Neg_459,-0.25264,0
Neg_1657,-0.92345,0
Neg_2544,-0.51307,0
Neg_2345,-1.1149,0
Neg_2406,-0.86916,0
Neg_2060,-0.77999,0
Neg_2697,-0.13827,0
Neg_1979,-0.25856,0
Neg_875,2.8016,0
Neg_798,-0.82315,0
Neg_2520,-1.13433,0
Neg_2252,-0.97549,0
Neg_1502,-0.20379,0
Neg_2316,-0.8296,0
Neg_2282,-0.57258,0
Neg_2664,-0.87266,0
Neg_1274,1.51919,0
Neg_1290,-0.95476,0
Neg_299,-0.66699,0
Neg_2528,-0.5049,0
Neg_1387,-0.07871,0
Neg_13,-0.44915,0
Neg_586,-0.49924,0
Neg_1691,-0.29574,0
Neg_629,0.66396,0
Neg_1089,-1.08665,0
Neg_2884,-0.43441,0
Neg_2610,-0.33925,0
Neg_470,-0.48085,0
Neg_1649,1.23958,0
Neg_1177,-0.5391,0
Neg_2447,-0.65389,0
Neg_10,-0.52104,0
Neg_2623,-1.27971,0
Neg_265,0.82318,0
Neg_273,-0.17739,0
Neg_2305,-1.00874,0
Neg_915,-0.63606,0
Neg_1945,-0.33407,0
Neg_961,-1.08903,0
Neg_2662,-0.52842,0
Neg_1146,0.01546,0
Neg_1137,-0.93463,0
Neg_41,-0.39338,0
Neg_1496,-0.53753,0
Neg_2270,-0.99598,0
Neg_1721,-1.26559,0
Neg_2196,-0.84659,0
Neg_1988,-0.71578,0
Neg_2464,-0.53008,0
Neg_521,-0.73132,0
Neg_1062,-0.33068,0
Neg_899,-0.73668,0
Neg_374,-0.32817,0
Neg_2106,-0.27563,0
Neg_3,-1.25371,0
Neg_405,-0.00652,0
Neg_1873,-0.31216,0
Neg_2506,0.59572,0
Neg_2777,-0.16079,0
Neg_762,0.4415,0
Neg_401,-0.63848,0
Neg_1801,1.1643,0
Neg_2863,-0.05362,0
Neg_2412,-0.19647,0
Neg_1094,-0.46626,0
Neg_1795,1.90365,0
Neg_1144,2.76129,0
Neg_1201,-0.69907,0
Neg_2435,-0.08988,0
Neg_252,-0.84547,0
Neg_2676,-0.8148,0
Neg_322,0.04884,0
Neg_1525,-0.97406,0
Neg_1228,-0.82374,0
Neg_2042,-0.54491,0
Neg_2308,-0.38621,0
Neg_2157,-0.2861,0
Neg_2159,-0.21148,0
Neg_2734,-0.92983,0
Neg_1207,-0.54001,0
Neg_120,-1.16541,0
Neg_2631,0.00535,0
Neg_595,-0.02082,0
Neg_993,0.74484,0
Neg_1596,1.8683,0
Neg_2868,-0.91253,0
Neg_579,-1.24203,0
Neg_1663,0.02798,0
Neg_1040,-0.90643,0
Neg_2240,-0.8398,0
Neg_2349,-0.40517,0
Neg_2207,-0.14072,0
Neg_1153,-0.88503,0
Neg_580,-0.60071,0
Neg_2390,-0.24407,0
Neg_1683,0.08859,0
Neg_2601,-0.78221,0
Neg_2888,-0.73621,0
Neg_1121,-0.6308,0
Neg_2688,-0.37517,0
Neg_1493,1.38004,0
Neg_1272,-0.58793,0
Neg_1242,-1.05865,0
Neg_1292,0.94677,0
Neg_2398,-0.62862,0
Neg_1990,-0.38934,0
Neg_2241,-0.78321,0
Neg_508,-0.65237,0
Neg_307,-0.21393,0
Neg_2448,-0.9845,0
Neg_600,-0.53077,0
Neg_601,-0.87341,0
Neg_1217,-0.59892,0
Neg_839,1.25534,0
Neg_682,0.73962,0
Neg_2187,0.43711,0
Neg_2821,-0.7477,0
Neg_2789,-0.18632,0
Neg_169,-0.49682,0
Neg_320,-1.10249,0
Neg_2889,-1.22484,0
Neg_17,-0.51886,0
Neg_1714,-0.78422,0
Neg_2605,-1.09549,0
Neg_1527,1.9205,0
Neg_83,-0.50684,0
Neg_2246,-0.30236,0
Neg_114,-0.13455,0
Neg_1808,-0.60781,0
Neg_958,0.72048,0
Neg_2093,-0.5334,0
Neg_1561,-0.91132,0
Neg_1870,-0.11691,0
Neg_1335,0.92909,0
Neg_1574,-0.50994,0
Neg_2188,-0.91291,0
Neg_608,-0.96885,0
Neg_1240,0.40886,0
Neg_2628,0.88454,0
Neg_1855,-0.27573,0
Neg_1793,-0.12746,0
Neg_2263,-0.37142,0
Neg_2400,-0.92186,0
Neg_1583,-0.44307,0
Neg_410,-0.34169,0
Neg_2849,-0.79596,0
Neg_1389,-0.87396,0
Neg_130,-0.62218,0
Neg_2784,-0.57335,0
Neg_2759,-0.32057,0
Neg_2148,-0.51085,0
Neg_2886,-1.01666,0
Neg_903,0.33932,0
Neg_2844,-0.58625,0
Neg_1071,0.20264,0
Neg_2491,-0.91369,0
Neg_2731,-0.69933,0
Neg_1497,-0.70915,0
Neg_2096,-0.71564,0
Neg_2234,-0.59683,0
Neg_263,-0.55528,0
Neg_2409,-0.84768,0
Neg_171,-1.03791,0
Neg_2185,-0.88197,0
Neg_1630,0.08654,0
Neg_239,-0.42638,0
Neg_933,-0.96978,0
Neg_2276,-0.98078,0
Neg_2707,-0.83652,0
Neg_1971,0.00033,0
Neg_293,0.45676,0
Neg_766,-0.60933,0
Neg_1208,-0.94118,0
Neg_1076,-0.71305,0
Neg_2860,0.45152,0
Neg_2048,2.22065,0
Neg_837,0.07027,0
Neg_2085,-0.90755,0
Neg_1812,0.6374,0
Neg_659,-0.71107,0
Neg_2775,-0.77974,0
Neg_807,-1.1372,0
Neg_379,-0.63078,0
Neg_683,-0.80566,0
Neg_2124,0.132,0
Neg_1239,-0.39174,0
Neg_1478,-0.83348,0
Neg_711,2.31461,0
Neg_1422,-0.8032,0
Neg_2642,-0.10938,0
Neg_2243,-1.05077,0
Neg_419,-0.3685,0
Neg_2335,-0.71458,0
Neg_708,-0.60622,0
Neg_2224,-0.83834,0
Neg_75,-0.86292,0
Neg_1927,-0.70484,0
Neg_396,0.54563,0
Neg_2062,-1.0271,0
Neg_1758,-0.72009,0
Neg_1696,-0.63903,0
Neg_1938,-0.80846,0
Neg_2212,0.44673,0
Neg_491,0.00085,0
Neg_857,0.06875,0
Neg_2686,0.5325,0
Neg_2549,-0.6095,0
Neg_465,-0.44557,0
Neg_214,-0.83385,0
Neg_1450,-0.56566,0
Neg_2311,-0.9056,0
Neg_566,-0.5701,0
Neg_1468,-0.46478,0
Neg_324,0.13795,0
Neg_1106,-0.69258,0
Neg_1455,-0.91605,0
Neg_1775,-0.30887,0
Neg_2533,0.046,0
Neg_84,0.4905,0
Neg_2087,0.25302,0
Neg_454,-0.86895,0
Neg_1320,-0.87514,0
Neg_534,-0.14909,0
Neg_2600,-0.61547,0
Neg_2303,-0.83243,0
Neg_1332,-1.21222,0
Neg_1096,0.04337,0
Neg_278,-0.21031,0
Neg_2916,0.92674,0
Neg_365,0.24275,0
Neg_929,-0.80621,0
Neg_955,-0.58975,0
Neg_1510,0.45191,0
Neg_974,-0.97941,0
Neg_2768,-0.93307,0
Neg_1142,0.93301,0
Neg_1174,-0.47283,0
Neg_848,-1.01228,0
Neg_991,-0.83227,0
Neg_565,-0.99472,0
Neg_1973,-0.94051,0
Neg_1172,-0.27895,0
Neg_2450,-0.36603,0
Neg_2795,-0.28443,0
Neg_33,-0.71321,0
Neg_2216,0.8705,0
Neg_2359,0.73666,0
Neg_515,-0.05734,0
Neg_208,-1.13443,0
Neg_2503,-0.83624,0
Neg_2396,0.05732,0
Neg_1670,0.27837,0
Neg_8,-0.7854,0
Neg_1802,-0.99847,0
Neg_1617,-0.22595,0
Neg_1353,-0.47499,0
Neg_917,0.77283,0
Neg_1912,-0.59647,0
Neg_2647,-0.31337,0
Neg_2682,-0.32074,0
Neg_1130,-0.54826,0
Neg_1914,-0.38113,0
Neg_1659,-0.88995,0
Neg_1233,-0.00713,0
Neg_2379,-0.5582,0
Neg_1832,-0.59639,0
Neg_1156,-0.8539,0
Neg_2258,-0.3633,0
Neg_461,-0.18263,0
Neg_1432,-0.66722,0
Neg_1840,1.59169,0
Neg_51,1.82888,0
Neg_2078,-1.07984,0
Neg_1658,0.16343,0
Neg_1291,-0.72135,0
Neg_2421,-1.06844,0
Neg_1107,-0.46019,0
Neg_57,-0.84418,0
Neg_56,-0.06725,0
Neg_1535,0.71437,0
Neg_728,-0.79694,0
Neg_612,-1.12242,0
Neg_1789,-0.76976,0
Neg_2923,-1.02958,0
Neg_998,-0.67472,0
Neg_2027,-0.58553,0
Neg_1120,-1.02707,0
Neg_938,-0.90962,0
Neg_1639,-1.1816,0
Neg_1380,0.55557,0
Neg_995,-0.79385,0
Neg_274,-0.60835,0
Neg_1731,-0.93765,0
Neg_1423,-0.44709,0
Neg_1720,0.26576,0
Neg_1176,-0.17088,0
Neg_298,0.2793,0
Neg_1494,-0.13596,0
Neg_2041,-0.35013,0
Neg_2033,-0.01161,0
Neg_1010,-0.65055,0
Neg_964,-0.7372,0
Neg_735,-0.45963,0
Neg_245,0.11743,0
Neg_317,-0.31178,0
Neg_1277,0.15895,0
Neg_213,-0.838,0
Neg_109,-0.21535,0
Neg_1604,-0.41827,0
Neg_2004,-0.44819,0
Neg_1848,-0.12013,0
Neg_1998,-0.13657,0
Neg_968,-0.02048,0
Neg_1860,-0.66999,0
Neg_854,-0.03163,0
Neg_229,0.69814,0
Neg_397,-0.46721,0
Neg_1864,-0.71386,0
Neg_2553,-0.58941,0
Neg_1504,-0.8158,0
Neg_2824,-0.93224,0
Neg_20,-0.63969,0
Neg_1594,-1.06744,0
Neg_2657,-1.06566,0
Neg_1823,0.20498,0
Neg_2352,-0.61674,0
Neg_675,1.73028,0
Neg_38,1.22447,0
Neg_2630,-0.17451,0
Neg_1313,0.40946,0
Neg_2083,-1.18031,0
Neg_224,-0.79844,0
Neg_1271,-1.00043,0
Neg_2404,-0.89538,0
Neg_91,-0.44224,0
Neg_2318,-1.0214,0
Neg_2034,-0.13257,0
Neg_2914,-0.83464,0
Neg_2749,-0.93305,0
Neg_1143,-0.33347,0
Neg_80,-0.60008,0
Neg_289,-0.56047,0
Neg_1262,0.72667,0
Neg_2269,-0.12073,0
Neg_922,0.07522,0
Neg_1843,-0.14296,0
Neg_40,-0.88142,0
Neg_1771,0.62789,0
Neg_1068,-0.58637,0
Neg_1857,-0.22183,0
Neg_635,-0.85972,0
Neg_2908,-0.3196,0
Neg_2651,-1.03825,0
Neg_781,-0.86961,0
Neg_574,-0.16254,0
Neg_151,0.15817,0
Neg_356,-0.49145,0
Neg_1012,-0.51132,0
Neg_455,-0.44636,0
Neg_2395,-0.59913,0
Neg_173,-0.6714,0
Neg_1744,0.43132,0
Neg_1127,-0.24447,0
Neg_872,0.28741,0
Neg_556,-1.2346,0
Neg_1872,-0.54429,0
Neg_1175,-0.56371,0
Neg_2738,-0.78218,0
Neg_2341,-0.50024,0
Neg_2539,-0.28529,0
Neg_2859,0.28967,0
Neg_106,-0.00709,0
Neg_453,-1.00502,0
Neg_1396,-0.71426,0
Neg_2665,1.41378,0
Neg_2357,-0.91743,0
Neg_1937,-0.71086,0
Neg_2673,-0.18112,0
Neg_693,-0.64299,0
Neg_769,-0.42612,0
Neg_2833,-1.17068,0
Neg_2773,0.12477,0
Neg_1447,0.19679,0
Neg_29,-1.09444,0
Neg_489,0.06856,0
Neg_2545,-0.83103,0
Neg_1306,-0.46487,0
Neg_617,0.37271,0
Neg_1372,0.18318,0
Neg_2481,-0.69931,0
Neg_1908,-0.5342,0
Neg_1981,1.69575,0
Neg_906,-0.78975,0
Neg_1425,-0.76547,0
Neg_846,-1.08765,0
Neg_2611,-0.64797,0
Neg_1230,-0.59206,0
Neg_1906,-0.31478,0
Neg_2554,-0.53982,0
Neg_348,0.43223,0
Neg_477,-1.17047,0
Neg_67,-0.33352,0
Neg_2639,-0.99975,0
Neg_2012,-0.69023,0
Neg_1028,-0.84275,0
Neg_1874,-0.75984,0
Neg_1109,-0.01294,0
Neg_2529,-0.46385,0
Neg_2141,-0.16674,0
Neg_2462,-0.68497,0
Neg_2011,0.27425,0
Neg_377,-0.97814,0
Neg_90,0.44691,0
Neg_1506,0.05663,0
Neg_767,0.08079,0
Neg_434,0.34582,0
Neg_1460,-0.35836,0
Neg_1666,-0.47171,0
Neg_126,-0.888,0
Neg_2668,-0.65208,0
Neg_1674,-0.09776,0
Neg_2140,0.7232,0
Neg_323,0.66095,0
Neg_2514,-0.25642,0
Neg_598,-1.0113,0
Neg_2337,-0.37812,0
Neg_497,-0.70125,0
Neg_2693,-0.90953,0
Neg_1651,-0.72202,0
Neg_2347,0.14794,0
Neg_68,-0.6609,0
Neg_318,-0.58596,0
Neg_2441,0.90957,0
Neg_2136,-0.51095,0
Neg_870,-1.2466,0
Neg_699,-1.20725,0
Neg_1726,0.36336,0
Neg_1325,-0.33071,0
Neg_2002,-1.27318,0
Neg_519,-0.40808,0
Neg_199,-0.63456,0
Neg_471,-0.77824,0
Neg_1673,-0.5133,0
Neg_272,-1.18526,0
Neg_118,-0.05233,0
Neg_135,0.10267,0
Neg_2502,0.13526,0
Neg_2787,-0.85669,0
Neg_546,-0.40514,0
Neg_127,-1.01852,0
Neg_1784,-0.80423,0
Neg_439,3.09273,0
Neg_535,-0.21327,0
Neg_227,-0.98919,0
Neg_2299,-0.92819,0
Neg_2627,2.43464,0
Neg_1982,0.02494,0
Neg_1382,2.86759,0
Neg_2090,-0.35597,0
Neg_1532,-0.74013,0
Neg_527,-0.79751,0
Neg_11,0.00473,0
Neg_1246,-0.66788,0
Neg_2525,-1.02253,0
Neg_2818,-0.82005,0
Neg_1920,-0.31351,0
Neg_918,-1.25625,0
Neg_102,0.08402,0
Neg_2621,-0.47359,0
Neg_1585,-1.10916,0
Neg_266,-0.43313,0
Neg_710,0.48285,0
Neg_712,0.04733,0
Neg_24,0.41658,0
Neg_170,0.66125,0
Neg_721,-0.63202,0
Neg_1365,-1.24275,0
Neg_1735,-0.63773,0
Neg_954,-0.8887,0
Neg_1993,-0.56933,0
Neg_1652,-0.60821,0
Neg_2306,-1.01447,0
Neg_2479,-0.27076,0
Neg_423,-0.41717,0
Neg_2799,-0.40287,0
Neg_822,-0.93473,0
Neg_931,-0.40692,0
Neg_2497,-0.7156,0
Neg_2925,-0.43701,0
Neg_267,-0.45291,0
Neg_242,-0.80722,0
Neg_233,-0.76732,0
Neg_1868,-0.61202,0
Neg_2032,-1.08475,0
Neg_2720,-0.94295,0
Neg_2343,0.02457,0
Neg_2055,0.64553,0
Neg_2624,-0.45061,0
Neg_745,-0.83644,0
Neg_2850,-0.03283,0
Neg_1483,-0.66213,0
Neg_2708,-0.12527,0
Neg_2131,-0.85638,0
Neg_440,-0.43048,0
Neg_793,-0.53194,0
Neg_2000,-0.97598,0
Neg_328,0.44895,0
Neg_2022,-0.49883,0
Neg_1676,-0.54387,0
Neg_47,0.5494,0
Neg_889,0.11416,0
Neg_2715,1.17894,0
Neg_2214,-0.86423,0
Neg_1579,-1.03866,0
Neg_878,-0.18496,0
Neg_2103,-0.84325,0
Neg_1114,-0.66822,0
Neg_681,1.30575,0
Neg_346,-1.10795,0
Neg_2532,-0.0711,0
Neg_1669,0.15969,0
Neg_949,-0.66994,0
Neg_1081,0.37887,0
Neg_501,0.3279,0
Neg_2079,-0.2334,0
Neg_2360,-0.93322,0
Neg_1492,1.03334,0
Neg_1400,-0.31058,0
Neg_840,-0.09133,0
Neg_1343,-1.01158,0
Neg_1169,-1.18325,0
Neg_1095,0.08409,0
Neg_2160,-0.07685,0
Neg_1886,-1.11122,0
Neg_462,-0.90101,0
Neg_1618,-0.82124,0
Neg_1638,-0.54768,0
Neg_335,-0.88328,0
Neg_2543,-0.53142,0
Neg_1503,-0.67951,0
Neg_2634,-0.74149,0
Neg_1295,-0.48536,0
Neg_1778,-0.05844,0
Neg_1420,-0.19133,0
Neg_2915,-0.73887,0
Neg_823,0.1584,0
Neg_1675,-0.88869,0
Neg_589,-0.19205,0
Neg_1481,-0.76996,0
Neg_2342,-1.21193,0
Neg_1054,0.47983,0
Neg_2098,-0.47747,0
Neg_2847,-0.35207,0
Neg_2645,-0.77845,0
Neg_1236,-0.81655,0
Neg_1108,-0.54518,0
Neg_2375,0.31342,0
Neg_1516,-0.61403,0
Neg_1038,-0.08247,0
Neg_2217,1.96553,0
Neg_2728,-0.77691,0
Neg_1386,-0.82402,0
Neg_1513,-0.50207,0
Neg_816,-0.57308,0
Neg_2754,0.55855,0
Neg_363,-0.95775,0
Neg_2326,-0.52549,0
Neg_2442,-0.64586,0
Neg_2080,-0.96756,0
Neg_1213,-0.45226,0
Neg_2687,-0.40747,0
Neg_1636,2.05713,0
Neg_1037,-0.62539,0
Neg_36,-1.06157,0
Neg_1469,-0.09556,0
Neg_1928,-0.23248,0
Neg_916,-0.79322,0
Neg_1155,-0.13024,0
Neg_2793,-0.56415,0
Neg_2052,1.09904,0
Neg_1029,-0.81955,0
Neg_2685,-1.08441,0
Neg_280,-1.07266,0
Neg_2924,-1.18678,0
Neg_1552,1.52135,0
Neg_2150,-0.71375,0
Neg_1454,0.12718,0
Neg_1438,-0.56762,0
Neg_2910,-0.7505,0
Neg_2210,0.25945,0
Neg_284,-0.64316,0
Neg_2162,0.39273,0
Neg_740,-0.95955,0
Neg_1850,-0.33687,0
Neg_2864,-0.42531,0
Neg_2319,-0.51155,0
Neg_2530,-0.53974,0
Neg_2094,-0.81336,0
Neg_321,-0.20488,0
Neg_2126,-0.99821,0
Neg_15,-0.10824,0
Neg_1360,0.01525,0
Neg_2640,-0.59767,0
Neg_1251,1.72207,0
Neg_830,0.42446,0
Neg_782,-0.68878,0
Neg_2913,-0.06199,0
Neg_794,-0.72164,0
Neg_1435,-0.81123,0
Neg_520,-0.74735,0
Neg_4,-0.00063,0
Neg_228,-0.63727,0
Neg_977,-0.80304,0
Neg_618,-1.13899,0
Neg_1278,-0.61951,0
Neg_1858,-0.61774,0
Neg_479,-0.60749,0
Neg_957,-0.25253,0
Neg_2917,-0.50024,0
Neg_1765,-0.54339,0
Neg_1991,-0.28207,0
Neg_526,-0.82877,0
Neg_1715,-1.199,0
Neg_722,-0.6297,0
Neg_747,-0.56942,0
Neg_2498,0.52407,0
Neg_2636,-0.79283,0
Neg_1015,0.0296,0
Neg_785,-0.49381,0
Neg_560,-0.33228,0
Neg_1254,-0.87632,0
Neg_1430,-0.2475,0
Neg_1253,-0.37666,0
Neg_2909,-0.60917,0
Neg_1540,-1.01883,0
Neg_997,-0.40175,0
Neg_2812,-0.70108,0
Neg_2694,-0.97937,0
Neg_420,-0.73062,0
Neg_92,-0.64784,0
Neg_1822,-0.80253,0
Neg_678,-0.98744,0
Neg_952,0.07185,0
Neg_1067,-0.68191,0
Neg_1023,-1.15998,0
Neg_94,-1.18836,0
Neg_1575,-0.74954,0
Neg_2350,-0.36636,0
Neg_2445,-0.20248,0
Neg_2226,-0.38795,0
Neg_568,-0.88187,0
Neg_2515,-0.67675,0
Neg_1334,-0.80011,0
Neg_930,-0.54238,0
Neg_354,-0.88932,0
Neg_2604,-0.65094,0
Neg_69,0.52551,0
Neg_2782,0.04623,0
Neg_1205,2.2651,0
Neg_1269,0.18933,0
Neg_1188,-0.72695,0
Neg_2705,-0.85761,0
Neg_2896,-1.01226,0
Neg_2890,0.44473,0
Neg_2813,-0.53651,0
Neg_483,-0.88666,0
Neg_2333,-0.28901,0
Neg_1243,-0.09168,0
Neg_2268,-0.22642,0
Neg_2001,-0.8846,0
Neg_783,0.68146,0
Neg_1611,-0.75495,0
Neg_2424,-0.08665,0
Neg_472,-0.82626,0
Neg_1791,0.00066,0
Neg_645,0.01311,0
Neg_1781,-0.25692,0
Neg_205,-0.33936,0
Neg_2771,-1.11172,0
Neg_1957,-0.7433,0
Neg_2408,2.12785,0
Neg_2298,-0.94591,0
Neg_2301,0.41827,0
Neg_2235,-0.32462,0
Neg_2056,-0.54255,0
Neg_803,-0.4099,0
Neg_2461,-0.41322,0
Neg_1185,-1.0961,0
Neg_1794,-0.99586,0
Neg_970,0.08476,0
Neg_1479,-0.10036,0
Neg_775,-0.25506,0
Neg_748,-1.11604,0
Neg_1293,-0.74514,0
Neg_2907,-0.33438,0
Neg_626,0.33736,0
Neg_1211,-0.5152,0
Neg_2029,-0.31415,0
Neg_2484,-1.11224,0
Neg_737,-1.04135,0
Neg_2637,-0.58684,0
Neg_493,-0.61074,0
Neg_1851,0.24282,0
Neg_275,-1.09214,0
Neg_606,0.61132,0
Neg_1681,-0.12227,0
Neg_861,-0.87189,0
Neg_2800,-0.57814,0
Neg_390,0.88391,0
Neg_950,0.17628,0
Neg_2285,0.99722,0
Neg_1066,-1.19903,0
Neg_1485,-0.44479,0
Neg_2718,0.64121,0
Neg_107,-0.28199,0
Neg_2560,-0.62739,0
Neg_1520,0.48667,0
Neg_951,-0.84948,0
Neg_2753,-0.27429,0
Neg_2737,-0.95585,0
Neg_2449,-1.18499,0
Neg_1538,-0.57418,0
Neg_1588,-0.2615,0
Neg_1070,-0.84357,0
Neg_1907,-1.07245,0
Neg_1444,0.20807,0
Neg_2536,-0.59272,0
Neg_1336,1.25663,0
Neg_1125,-0.58995,0
Neg_1238,-1.00841,0
Neg_2438,-0.89247,0
Neg_2869,-0.40967,0
Neg_734,-0.07074,0
Neg_2747,-0.33443,0
Neg_2767,-0.28528,0
Neg_347,-1.21667,0
Neg_1890,-0.4258,0
Neg_2457,-0.89671,0
Neg_2919,-0.89305,0
Neg_2764,-0.86127,0
Neg_834,-0.73367,0
Neg_1570,-0.18956,0
Neg_2750,-0.62285,0
Neg_290,-0.16781,0
Neg_862,-0.7286,0
Neg_2654,-0.07073,0
Neg_597,-1.22265,0
Neg_353,0.57175,0
Neg_2500,-0.84292,0
Neg_1446,0.86265,0
Neg_842,-0.58591,0
Neg_53,-0.97389,0
Neg_291,-0.2503,0
Neg_1687,-0.58657,0
Neg_809,-0.62399,0
Neg_2858,-1.01702,0
Neg_1779,-0.6812,0
Neg_2114,0.67205,0
Neg_327,0.0836,0
Neg_249,-0.73323,0
Neg_514,0.19189,0
Neg_894,0.94654,0
Neg_1154,-0.80562,0
Neg_1974,-0.79295,0
Neg_607,-1.00574,0
Neg_1464,-0.19171,0
Neg_2840,-0.78461,0
Neg_2251,0.76529,0
Neg_2517,-1.06069,0
Neg_1853,-0.07807,0
Neg_1312,-0.65879,0
Neg_2838,-0.50243,0
Neg_1722,-0.21193,0
Neg_2116,-0.78862,0
Neg_2327,-0.80951,0
Neg_1128,-0.85113,0
Neg_1231,0.64187,0
Neg_2384,-0.26651,0
Neg_713,-0.43272,0
Neg_2475,-0.60211,0
Neg_545,-0.39376,0
Neg_1732,-0.54434,0
Neg_1703,-0.46921,0
Neg_2537,-1.07587,0
Neg_1601,-0.7904,0
Neg_238,-0.5001,0
Neg_2704,-0.38934,0
Neg_2652,2.21108,0
Neg_1700,-0.86203,0
Neg_2744,0.13731,0
Neg_43,-0.06533,0
Neg_235,0.83624,0
Neg_1433,-0.36878,0
Neg_1473,-0.34612,0
Neg_1047,-0.46186,0
Neg_2221,-0.87672,0
Neg_691,0.69498,0
Neg_128,0.12157,0
Neg_1952,-0.53661,0
Neg_2059,0.14195,0
Neg_661,-0.63997,0
Neg_1100,-1.07893,0
Neg_2458,-0.17065,0
Neg_983,0.01323,0
Neg_2250,-0.49779,0
Neg_674,-0.46149,0
Neg_2825,1.45499,0
Neg_445,-0.04064,0
Neg_640,-0.61524,0
Neg_1903,-0.71594,0
Neg_671,-0.27069,0
Neg_2147,-0.95699,0
Neg_475,0.86248,0
Neg_1302,-0.21353,0
Neg_2077,-0.05622,0
Neg_2040,-0.33879,0
Neg_2660,0.07321,0
Neg_2166,-0.49679,0
Neg_2376,-0.48648,0
Neg_1962,-0.7085,0
Neg_1000,0.03137,0
Neg_250,-0.65822,0
Neg_1718,0.38561,0
Neg_750,-0.42661,0
Neg_1014,0.58726,0
Neg_2399,-1.26422,0
Neg_561,0.04568,0
Neg_1762,-0.48954,0
Neg_1449,-0.9284,0
Neg_237,-0.22861,0
Neg_345,-0.46647,0
Neg_2511,-0.23087,0
Neg_2097,-0.09359,0
Neg_1966,-0.91552,0
Neg_255,-0.40976,0
Neg_2365,-0.6897,0
Neg_1987,-0.30353,0
Neg_2805,0.61037,0
Neg_2904,-0.80637,0
Neg_2872,-0.84056,0
Neg_2355,-0.7722,0
Neg_576,-0.3356,0
Neg_2459,-0.68554,0
Neg_971,-0.79576,0
Neg_898,-0.22155,0
Neg_928,-1.12627,0
Neg_2823,-1.14424,0
Neg_2364,-0.11678,0
Neg_2806,1.50618,0
Neg_1871,0.33952,0
Neg_50,-0.09053,0
Neg_2496,-0.55962,0
Neg_1030,-0.30794,0
Neg_1978,-0.10521,0
Neg_669,-0.86367,0
Neg_1341,-1.07719,0
Neg_843,-0.81232,0
Neg_761,-0.6728,0
Neg_988,-0.84522,0
Neg_2255,-0.40275,0
Neg_2557,-1.16999,0
Neg_2677,-0.05798,0
Neg_18,-0.16583,0
Neg_315,-0.69055,0
Neg_1741,1.08,0
Neg_2578,-0.38504,0
Neg_389,-0.85317,0
Neg_210,-0.76257,0
Neg_2427,0.12184,0
Neg_2323,-0.8379,0
Neg_2007,-0.21616,0
Neg_891,-0.53565,0
Neg_387,-0.7605,0
Neg_741,-0.63639,0
Neg_362,1.03396,0
Neg_1212,2.40431,0
Neg_2057,-0.43061,0
Neg_468,-0.69843,0
Neg_2468,-0.4048,0
Neg_873,1.24527,0
Neg_1079,-0.46599,0
Neg_1710,1.33289,0
Neg_482,0.85691,0
Neg_121,-0.27469,0
Neg_2172,1.1684,0
Neg_1897,0.48116,0
Neg_2690,-0.85728,0
Neg_42,-1.23574,0
Neg_1748,-0.7086,0
Neg_620,-0.61776,0
Neg_2881,-0.52606,0
Neg_188,-0.36081,0
Neg_184,-0.63122,0
Neg_584,-0.68337,0
Neg_2423,-0.91457,0
Neg_2699,-0.36523,0
Neg_147,-0.0513,0
Neg_1376,-0.23012,0
Neg_2589,-0.44522,0
Neg_2501,-1.09358,0
Neg_288,-0.67469,0
Neg_982,-1.04097,0
Neg_511,-0.48343,0
Neg_1308,-0.61072,0
Neg_125,-0.64707,0
Neg_564,-0.5258,0
Neg_2039,-1.31233,0
Neg_1237,1.35328,0
Neg_749,-1.02444,0
Neg_189,-1.10986,0
Neg_2815,1.46013,0
Neg_2573,0.07975,0
Neg_911,-0.09647,0
Neg_2225,-0.5479,0
Neg_591,-0.54353,0
Neg_428,-0.24929,0
Neg_739,-0.17865,0
Neg_449,0.60198,0
Neg_1358,-0.72324,0
Neg_707,-0.70852,0
Neg_1196,-1.23846,0
Neg_1113,-0.77619,0
Neg_1437,-0.94885,0
Neg_996,-0.1836,0
Neg_2480,0.78478,0
Neg_2324,0.09542,0
Neg_2391,0.16236,0
Neg_1084,-0.60654,0
Neg_1194,-0.44083,0
Neg_908,-0.77609,0
Neg_638,-0.55563,0
Neg_2741,-0.26065,0
Neg_1368,-1.13725,0
Neg_1005,-0.22322,0
Neg_2790,0.6466,0
Neg_1572,-0.2808,0
Neg_1734,-1.00269,0
Neg_435,-1.03077,0
Neg_409,-0.16151,0
Neg_436,-0.40911,0
Neg_1409,-0.99892,0
Neg_1603,0.45302,0
Neg_2900,0.32636,0
Neg_469,-0.60087,0
Neg_395,-0.14467,0
Neg_2006,-0.83238,0
Neg_2138,-1.13347,0
Neg_1534,-0.75069,0
Neg_726,0.25256,0
Neg_2658,-0.6899,0
Neg_885,-1.17275,0
Neg_1364,-0.76385,0
Neg_2867,-0.73556,0
Neg_1869,-0.77149,0
Neg_429,-0.27338,0
Neg_1518,-0.25437,0
Neg_2431,-0.63841,0
Neg_788,1.46855,0
Neg_2574,-0.56534,0
Neg_1548,-0.2526,0
Neg_1959,-0.42166,0
Neg_1124,-0.84231,0
Neg_1324,-0.43787,0
Neg_1533,0.64926,0
Neg_2429,0.33556,0
Neg_2123,-0.3291,0
Neg_384,-0.69972,0
Neg_2551,0.18378,0
Neg_380,-0.64119,0
Neg_1697,0.74839,0
Neg_2382,0.04675,0
Neg_193,-0.13894,0
Neg_392,-0.19839,0
Neg_1136,-1.10086,0
Neg_2371,0.61214,0
Neg_910,-1.03398,0
Neg_656,-1.06801,0
Neg_718,-0.46831,0
Neg_400,-0.07489,0
Neg_742,-0.72912,0
Neg_1273,0.17787,0
Neg_2830,-0.56297,0
Neg_567,-0.35976,0
Neg_588,0.15292,0
Neg_183,-0.89571,0
Neg_2770,-0.70652,0
Neg_864,0.61545,0
Neg_2883,1.18659,0
Neg_2689,-0.16759,0
Neg_1381,-1.104,0
Neg_829,-0.19348,0
Neg_2495,-0.61346,0
Neg_1148,-1.18119,0
Neg_819,-0.63325,0
Neg_2683,0.15147,0
Neg_1304,-1.03812,0
Neg_932,-0.13287,0
Neg_2003,-1.25683,0
Neg_1512,-0.68581,0
Neg_789,-0.82907,0
Neg_1705,-0.22405,0
Neg_360,-0.44607,0
Neg_2473,-0.93111,0
Neg_1567,-0.73412,0
Neg_2582,-0.30494,0
Neg_980,-0.85813,0
Neg_2740,0.32916,0
Neg_1041,-0.84702,0
Neg_2713,-0.53684,0
Neg_593,-0.95228,0
Neg_1882,-0.61315,0
Neg_2760,-0.61105,0
Neg_1296,0.31729,0
Neg_784,0.13687,0
Neg_2205,-0.20555,0
Neg_981,0.47477,0
Neg_115,-0.27067,0
Neg_499,-0.51108,0
Neg_877,-0.74589,0
Neg_594,-0.25191,0
Neg_596,-0.7923,0
Neg_156,0.96204,0
Neg_1199,-0.8067,0
Neg_1091,-0.48912,0
Neg_2380,-0.90189,0
Neg_1193,-0.57068,0
Neg_2038,-0.34808,0
Neg_796,-1.25589,0
Neg_583,-1.05892,0
Neg_1399,0.04556,0
Neg_773,-0.96399,0
Neg_2320,-0.83714,0
Neg_2170,-1.09812,0
Neg_1443,-0.57038,0
Neg_1969,-0.23033,0
Neg_1220,-0.37632,0
Neg_1111,-0.68753,0
Neg_2065,-0.16608,0
Neg_1451,-0.56371,0
Neg_1328,-0.219,0
Neg_140,-0.25987,0
Neg_258,-0.39124,0
Neg_175,-0.26162,0
Neg_2922,-0.77201,0
Neg_577,0.21092,0
Neg_1641,-0.34674,0
Neg_758,-0.91537,0
Neg_2195,-0.91159,0
Neg_157,-0.33402,0
Neg_2325,-0.33529,0
Neg_181,-0.70398,0
Neg_2641,-0.86233,0
Neg_1505,-0.54427,0
Neg_2608,0.14814,0
Neg_2181,-0.40873,0
Neg_2798,-1.0233,0
Neg_924,-0.55577,0
Neg_1138,-0.83992,0
Neg_2880,1.63437,0
Neg_2670,-0.11298,0
Neg_925,-0.30565,0
Neg_230,0.49053,0
Neg_2071,0.30446,0
Neg_2650,1.00568,0
Neg_841,-0.15243,0
Neg_2054,-0.34998,0
Neg_146,-1.1656,0
Neg_162,-0.68069,0
Neg_990,-0.07517,0
Neg_2024,-0.604,0
Neg_155,-0.3115,0
Neg_1412,-0.23082,0
Neg_619,-0.83419,0
Neg_154,-0.26383,0
Neg_264,-0.88798,0
Neg_457,-1.27849,0
Neg_1529,-0.74616,0
Neg_1725,0.19077,0
Neg_582,-0.01821,0
Neg_2293,-0.1987,0
Neg_2023,-0.60976,0
Neg_1192,-0.84948,0
Neg_1702,-0.12077,0
Neg_989,-1.08772,0
Neg_856,-0.8517,0
Neg_2460,-0.04297,0
Neg_1967,-1.19121,0
Neg_1584,0.6188,0
Neg_909,-0.81973,0
Neg_517,-0.14337,0
Neg_2302,-0.44507,0
Neg_1633,-1.05473,0
Neg_2563,0.48376,0
Neg_2911,-0.79114,0
Neg_1261,0.18012,0
Neg_2493,-0.37864,0
Neg_1707,-1.00788,0
Neg_2035,-0.306,0
Neg_2507,-0.75817,0
Neg_2843,-0.83107,0
Neg_2279,-0.74118,0
Neg_633,-0.85604,0
Neg_1442,0.45869,0
Neg_1910,-0.39472,0
Neg_2307,-0.33408,0
Neg_1627,-0.87237,0
Neg_1043,-0.86183,0
Neg_851,-1.13808,0
Neg_1342,-0.45468,0
Neg_507,0.5428,0
Neg_2892,-0.99405,0
Neg_887,-0.29864,0
Neg_2177,-0.29367,0
Neg_2875,-0.10312,0
Neg_187,-0.87069,0
Neg_731,-0.12805,0
Neg_2878,-1.18848,0
Neg_1195,-0.18334,0
Neg_2134,-0.87531,0
Neg_209,-1.23354,0
Neg_2339,-0.38849,0
Neg_1950,-0.80235,0
Neg_1521,-0.35232,0
Neg_2328,0.10646,0
Neg_504,-0.34403,0
Neg_1415,-0.74077,0
Neg_1244,-0.72644,0
Neg_2317,0.62077,0
Neg_1759,-0.45103,0
Neg_1105,0.10217,0
Neg_1599,0.34607,0
Neg_349,-0.65612,0
Neg_2091,2.68794,0
Neg_2417,-0.44401,0
Neg_100,-1.02138,0
Neg_2420,1.14344,0
Neg_1970,-0.98835,0
Neg_893,-0.42463,0
Neg_2534,-0.90348,0
Neg_481,0.42368,0
Neg_1894,-0.49311,0
Neg_627,-0.81642,0
Neg_2523,-0.8134,0
Neg_1173,0.13952,0
Neg_2625,-0.75942,0
Neg_2452,0.24753,0
Neg_754,-0.22793,0
Neg_2294,-0.70903,0
Neg_2466,-1.14185,0
Neg_1017,-0.95097,0
Neg_539,-1.29238,0
Neg_2199,-0.99526,0
Neg_1739,-0.00674,0
Neg_1318,-1.04233,0
Neg_2842,-0.70095,0
Neg_1817,-0.55604,0
Neg_1427,-0.78186,0
Neg_60,-0.68035,0
Neg_1202,-0.69424,0
Neg_1417,-0.42884,0
Neg_1392,0.56498,0
Neg_1245,0.83594,0
Neg_1621,0.5074,0
Neg_2101,-0.85816,0
Neg_1662,-0.85356,0
Neg_967,-0.67441,0
Neg_1576,-0.38074,0
Neg_1044,-0.74128,0
Neg_2674,-0.62867,0
Neg_81,-0.83848,0
Neg_1408,-0.96816,0
Neg_1528,1.22624,0
Neg_2218,-0.9099,0
Neg_913,-0.78965,0
Neg_1553,-1.21642,0
Neg_1203,1.16149,0
Neg_2776,-0.04605,0
Neg_2133,0.64962,0
Neg_1961,-0.90577,0
Neg_1895,0.44932,0
Neg_2043,-1.15778,0
Neg_334,-1.27307,0
Neg_2174,-0.93048,0
Neg_1792,0.5566,0
Neg_1052,-0.12334,0
Neg_1327,-0.97781,0
Neg_2663,-0.70391,0
Neg_644,-0.76246,0
Neg_2092,-1.05711,0
Neg_559,-0.30326,0
Neg_487,-0.29998,0
Neg_2018,1.16641,0
Neg_1474,-0.80156,0
Neg_1264,-0.60294,0
Neg_884,1.06108,0
Neg_1191,-0.79444,0
Neg_1852,0.16345,0
Neg_786,-0.95117,0
Neg_1686,-0.94303,0
Neg_2755,-0.97058,0
Neg_2143,-0.0685,0
Neg_2619,-0.10521,0
Neg_1600,-1.08181,0
Neg_725,-0.2713,0
Neg_70,-0.30104,0
Neg_2340,-0.71822,0
Neg_1366,-0.39979,0
Neg_458,-0.77984,0
Neg_744,0.14072,0
Neg_2839,-0.14634,0
Neg_575,-0.44122,0
Neg_1839,-0.37579,0
Neg_2678,-0.58144,0
Neg_1204,0.05873,0
Neg_2351,0.03601,0
Neg_2899,-0.15809,0
Neg_2474,-0.95881,0
Neg_1760,-1.06499,0
Neg_369,0.50846,0
Neg_2710,0.73858,0
Neg_2852,-0.74068,0
Neg_1373,-0.54873,0
Neg_2807,0.538,0
Neg_543,-1.03283,0
Neg_1453,-0.29494,0
Neg_860,1.09957,0
Neg_223,0.02518,0
Neg_1842,-0.64558,0
Neg_1769,2.03026,0
Neg_2295,-0.41513,0
Neg_1598,-0.24471,0
Neg_642,-0.47659,0
Neg_2592,-0.94744,0
Neg_2426,-0.61902,0
Neg_1004,0.1489,0
Neg_2066,1.12879,0
Neg_1482,-0.11912,0
Neg_111,-0.87811,0
Neg_2546,-0.49218,0
Neg_2168,-0.68863,0
Neg_1605,-1.14123,0
Neg_2512,0.35912,0
Neg_93,1.27181,0
Neg_772,-0.35935,0
Neg_206,-0.24628,0
Neg_723,1.06541,0
Neg_1946,-0.00616,0
Neg_2284,0.3055,0
Neg_2267,-0.42727,0
Neg_778,-0.43617,0
Neg_87,-0.9904,0
Neg_2746,0.89463,0
Neg_1171,0.02624,0
Neg_1671,-0.6066,0
Neg_2416,0.7227,0
Neg_1935,-0.25863,0
Neg_2891,-0.4329,0
Neg_1354,-0.97107,0
Neg_763,0.13728,0
Neg_1222,-0.50374,0
Neg_371,-0.58041,0
Neg_1955,0.66906,0
Neg_2848,-0.02258,0
Neg_2766,-0.47495,0
Neg_2233,-1.04575,0
Neg_1833,-0.56975,0
Neg_1123,-0.26116,0
Neg_2809,0.23527,0
Neg_2194,-0.77103,0
Neg_2144,-0.67996,0
Neg_27,-0.62599,0
Neg_2559,0.13978,0
Neg_2373,0.1102,0
Neg_2161,-0.80333,0
Neg_1954,-0.47902,0
Neg_23,-0.73403,0
Neg_1075,-0.77301,0
Neg_2385,-0.84484,0
Neg_1821,-0.47249,0
Neg_2256,-0.28501,0
Neg_2171,-0.27036,0
Neg_921,-0.8015,0
Neg_832,3.01251,0
Neg_552,-0.44043,0
Neg_1002,-0.86111,0
Neg_123,-0.61047,0
Neg_204,-0.26512,0
Neg_375,0.80964,0
Neg_372,-0.36445,0
Neg_1287,-0.95651,0
Neg_2125,-0.01793,0
Neg_74,-0.68561,0
Neg_871,-1.10394,0
Neg_694,-0.82578,0
Neg_824,-1.21194,0
Neg_2063,0.0492,0
Neg_1031,-0.52617,0
Neg_332,-0.56439,0
Neg_1165,-0.52242,0
Neg_2186,-0.09898,0
Neg_1986,-0.407,0
Neg_2394,-0.23949,0
Neg_1379,-0.01959,0
Neg_2522,-0.52176,0
Neg_1899,0.04918,0
Neg_1322,-0.39488,0
Neg_2414,-0.23903,0
Neg_26,1.05096,0
Neg_1284,-0.75189,0
Neg_820,-0.16384,0
Neg_863,-0.65554,0
Neg_268,-0.67412,0
Neg_2153,1.45978,0
Neg_63,-1.17268,0
Neg_687,-0.36399,0
Neg_1297,-0.98612,0
Neg_1556,-1.02818,0
Neg_2455,-1.17583,0
Neg_1016,-0.86032,0
Neg_366,-1.0072,0
Neg_641,-0.16674,0
Neg_2874,-0.65039,0
Neg_948,0.14047,0
Neg_2780,-0.29113,0
Neg_760,-0.47815,0
Neg_1782,-0.39515,0
Neg_2735,-0.65024,0
Neg_705,0.36921,0
Neg_764,-1.10755,0
Neg_1582,0.84393,0
Neg_1061,0.06429,0
Neg_2183,-0.74438,0
Neg_1543,-0.43557,0
Neg_1964,-0.45676,0
Neg_1330,1.09751,0
Neg_2411,-0.00313,0
Neg_25,-0.58587,0
Neg_1463,-0.58741,0
Neg_1738,1.30884,0
Neg_2261,-0.32682,0
Neg_1416,0.06521,0
Neg_2389,-1.30569,0
Neg_2905,1.78959,0
Neg_1488,-0.9293,0
Neg_180,-0.52282,0
Neg_557,-1.29391,0
Neg_1595,-0.45383,0
Neg_1103,-0.39782,0
Neg_510,0.00882,0
Neg_2472,-0.33008,0
Neg_122,0.09576,0
Neg_2290,0.09417,0
Neg_2696,-0.88144,0
Neg_1289,0.04995,0
Neg_1936,-0.64676,0
Neg_2265,-1.10082,0
Neg_2555,-0.91216,0
Neg_1580,-0.07088,0
Neg_2082,-0.51375,0
Neg_1591,-1.08632,0
Neg_1470,-1.047,0
Neg_1509,-0.97123,0
Neg_77,0.00066,0
Neg_1247,-0.3259,0
Neg_2122,-0.70314,0
Neg_1953,-0.5511,0
Neg_2894,-0.71784,0
Neg_1260,-0.25298,0
Neg_2719,-0.47851,0
Neg_2111,-0.7476,0
Neg_1531,0.33969,0
Neg_1519,-1.01592,0
Neg_2540,0.4202,0
Neg_2113,-0.4246,0
Neg_1965,-0.70083,0
Neg_48,-0.64529,0
Neg_625,-0.88225,0
Neg_2721,0.62542,0
Neg_2716,-0.14323,0
Neg_1116,-0.46821,0
Neg_2714,-1.02546,0
Neg_729,-0.65637,0
Neg_770,-0.2691,0
Neg_1441,-0.3442,0
Neg_1629,-0.60789,0
Neg_65,-0.53483,0
Neg_2121,0.45639,0
Neg_271,0.00708,0
Neg_2572,-0.17384,0
Neg_2089,0.00814,0
Neg_655,-0.72917,0
Neg_806,0.01703,0
Neg_1034,-0.75461,0
Neg_2211,-1.12702,0
Neg_393,-0.89835,0
Neg_2684,-0.55004,0
Neg_2028,-0.63614,0
Neg_1695,-1.05808,0
Neg_1024,-0.47396,0
Neg_881,-0.4953,0
Neg_2862,-0.89464,0
Neg_632,-0.56791,0
Neg_665,-0.36982,0
Neg_1699,-0.36731,0
Neg_1752,-0.63448,0
Neg_1536,-0.93018,0
Neg_1132,-0.6336,0
Neg_692,-0.07992,0
Neg_2046,-0.59743,0
Neg_866,-0.99316,0
Neg_719,-0.46937,0
Neg_2407,-1.05941,0
Neg_668,-0.96968,0
Neg_2488,-0.24058,0
Neg_359,-1.04236,0
Neg_1168,1.06545,0
Neg_578,-0.93357,0
Neg_2655,0.26472,0
Neg_1419,-0.93982,0
Neg_426,-0.76128,0
Neg_1644,-0.26135,0
Neg_643,0.49117,0
Neg_1902,-0.06382,0
Neg_385,-0.25348,0
Neg_2361,-1.18689,0
Neg_907,-0.09623,0
Neg_399,-0.71715,0
Neg_1577,-0.58279,0
Neg_2127,-0.68042,0
Neg_73,-0.61654,0
Neg_2598,-0.30988,0
Neg_516,-0.20123,0
Neg_1466,-0.32848,0
Neg_672,-0.32369,0
Neg_630,-1.02775,0
Neg_39,0.32203,0
Neg_2465,0.06859,0
Neg_2722,-0.64101,0
Neg_2105,0.74921,0
Neg_1077,-0.53255,0
Neg_2550,-0.79636,0
Neg_1756,-0.25119,0
Neg_172,-0.27004,0
Neg_1428,-0.59663,0
Neg_797,-0.72302,0
Neg_2239,-0.74434,0
Neg_1268,-0.21354,0
Neg_112,-0.54093,0
Neg_2432,-0.41486,0
Neg_1624,-0.77804,0
Neg_1571,-0.01973,0
Neg_753,-0.8766,0
Neg_1875,0.18066,0
Neg_2353,-0.23751,0
Neg_1805,-0.72625,0
Neg_1530,-0.67027,0
Neg_357,-0.53433,0
Neg_695,-1.04891,0
Neg_551,-0.55103,0
Neg_2897,-0.01082,0
Neg_438,-0.34412,0
Neg_858,-0.82111,0
Neg_1072,-0.22184,0
Neg_698,-0.00345,0
Neg_2433,-0.20102,0
Neg_186,0.61877,0
Neg_1915,-1.04286,0
Neg_2470,-1.027,0
Neg_1547,0.54332,0
Neg_313,-0.7878,0
Neg_1232,-0.41408,0
Neg_2015,-0.45631,0
Neg_1413,-0.84567,0
Neg_1495,-0.84001,0
Neg_2297,-0.6443,0
Neg_416,-0.22757,0
Neg_1252,-0.6985,0
Neg_1013,-0.54587,0
Neg_1631,0.28085,0
Neg_874,-1.14697,0
Neg_1984,-0.04433,0
Neg_1431,-0.78225,0
Neg_505,0.78708,0
Neg_2401,-0.73952,0
Neg_2119,-0.22871,0
Neg_1685,-0.87994,0
Neg_2727,-0.59509,0
Neg_1640,-0.43845,0
Neg_1134,-0.38952,0
Neg_799,-0.92661,0
Neg_790,-0.42682,0
Neg_2135,-1.0363,0
Neg_2208,-0.23613,0
Neg_1475,-0.85456,0
Neg_1085,-0.05712,0
Neg_1713,-0.77897,0
Neg_309,-0.93413,0
Neg_1162,-0.90347,0
Neg_2075,-0.62928,0
Neg_1698,0.14156,0
Neg_518,1.08399,0
Neg_1163,-0.51452,0
Neg_1359,-0.08532,0
Neg_1119,-0.66823,0
Neg_2643,-0.71407,0
Neg_277,-0.75304,0
Neg_1587,-0.38384,0
Neg_2585,-0.52036,0
Neg_1060,-0.83834,0
Neg_330,-0.79228,0
Neg_1369,-0.72595,0
Neg_2785,-0.55271,0
Neg_2535,0.29018,0
Neg_1564,-1.1259,0
Neg_2036,0.05728,0
Neg_1200,-0.39151,0
Neg_1709,-1.17265,0
Neg_1329,-0.77707,0
Neg_32,-0.98208,0
Neg_776,-0.07197,0
Neg_437,-1.09968,0
Neg_2653,-0.30243,0
Neg_95,-0.64391,0
Neg_1757,-0.75981,0
Neg_780,0.48742,0
Neg_1804,-0.45017,0
Neg_1545,-0.24399,0
Neg_2797,-1.17612,0
Neg_430,-0.00803,0
Neg_1573,-0.4295,0
Neg_1378,-0.8572,0
Neg_473,-0.43726,0
Neg_649,-0.39693,0
Neg_524,-0.31279,0
Neg_1517,-0.32442,0
Neg_880,-0.74418,0
Neg_1693,-0.76552,0
Neg_1092,-0.94253,0
Neg_1226,-0.88636,0
Neg_246,-0.54421,0
Neg_442,-0.64372,0
Neg_2422,-0.86389,0
Neg_2661,-0.55638,0
Neg_2189,-0.45436,0
Neg_673,-0.35868,0
Neg_2244,-0.83474,0
Neg_613,-0.69216,0
Neg_1133,-0.68022,0
Neg_1919,-1.02131,0
Neg_1393,0.37623,0
Neg_1980,0.43342,0
Neg_195,-1.13488,0
Neg_2354,-0.30951,0
Neg_2388,-0.17886,0
Neg_1181,1.41418,0
Neg_1550,-0.38803,0
Neg_2158,-0.98848,0
Neg_2197,-0.08746,0
Neg_2274,-0.00658,0
Neg_2679,0.04724,0
Neg_1439,-1.05026,0
Neg_2281,-0.11264,0
Neg_2841,-0.02942,0
Neg_2266,-0.76669,0
Neg_571,-0.75442,0
Neg_1009,-0.6613,0
Neg_1655,-0.98089,0
Neg_1487,-0.20583,0
Neg_28,-0.30802,0
Neg_2509,-0.48887,0
Neg_2175,-0.08902,0
Neg_2232,-0.75623,0
Neg_201,0.43835,0
Neg_1333,-0.05705,0
Neg_2778,-0.64877,0
Neg_1704,-0.22806,0
Neg_2156,-0.84213,0
Neg_1706,0.50329,0
Neg_143,-1.01853,0
Neg_2595,-0.84713,0
Neg_166,-0.4429,0
Neg_2209,-0.28192,0
Neg_1608,-0.65936,0
Neg_1581,-0.15542,0
Neg_1609,-0.31609,0
Neg_865,-0.58231,0
Neg_666,-0.93866,0
Neg_1267,-0.49097,0
Neg_639,-0.82725,0
Neg_1590,-0.4241,0
Neg_1701,-0.07008,0
Neg_1093,-1.11695,0
Neg_752,-0.99651,0
Neg_1210,-0.40522,0
Neg_2603,-0.53564,0
Neg_463,0.16559,0
Neg_972,-0.45508,0
Neg_1224,1.81008,0
Neg_1027,-0.17769,0
Neg_2430,-0.32557,0
Neg_282,-0.72117,0
Neg_421,-0.84409,0
Neg_986,-0.48194,0
Neg_1349,-0.20903,0
Neg_495,-0.46617,0
Neg_2223,-0.13546,0
Neg_2245,-0.41561,0
Neg_522,-0.68626,0
Neg_490,-0.74206,0
Neg_153,-0.77045,0
Neg_1916,-0.72409,0
Neg_2569,-0.74084,0
Neg_1724,1.81724,0
Neg_220,-0.94758,0
Neg_573,2.23772,0
Neg_2008,-0.7018,0
Neg_2076,-0.86435,0
Neg_1440,1.17323,0
Neg_1258,-0.21088,0
Neg_2009,-0.86683,0
Neg_486,0.15059,0
Neg_555,-0.36231,0
Neg_232,0.59507,0
Neg_1407,-0.64624,0
Neg_637,-0.36887,0
Neg_2372,0.65542,0
Neg_338,-1.0526,0
Neg_192,-0.13006,0
Neg_1926,-0.40615,0
Neg_1337,-0.49762,0
Neg_2531,-0.34045,0
Neg_765,-0.01761,0
Neg_98,-0.85105,0
Neg_2026,-1.03926,0
Neg_1650,-0.68003,0
Neg_386,-0.30365,0
Neg_14,-0.72787,0
Neg_1660,-1.07854,0
Neg_2005,-0.45543,0
Neg_2292,-0.27619,0
Neg_117,0.25528,0
Neg_424,-0.2094,0
Neg_2444,-0.32061,0
Neg_1668,-0.4033,0
Neg_1025,0.00662,0
Neg_164,-0.09509,0
Neg_2016,-0.86145,0
Neg_2102,-0.70501,0
Neg_247,-0.84689,0
Neg_488,-0.43407,0
Neg_679,-1.19628,0
Neg_818,-0.63385,0
Neg_2499,-0.90008,0
Neg_1976,-1.06828,0
Neg_2906,-0.14252,0
Neg_1983,-0.78063,0
Neg_2100,-0.38802,0
Neg_2451,-0.24022,0
Neg_888,-0.23242,0
Neg_402,-1.17366,0
Neg_569,-0.06652,0
Neg_1480,-0.01941,0
Neg_2632,-0.80566,0
Neg_1799,-0.5984,0
Neg_1198,-0.83301,0
Neg_105,0.1507,0
Neg_536,-0.23606,0
Neg_382,-0.66696,0
Neg_2073,-0.43029,0
Neg_530,-0.88683,0
Neg_1566,-0.38853,0
Neg_1996,-0.44592,0
Neg_827,0.28944,0
Neg_800,-0.65358,0
Neg_1849,-0.72169,0
Neg_6,0.23058,0
Neg_174,-1.1896,0
Neg_2072,-0.2169,0
Neg_1934,-0.71634,0
Neg_615,0.83562,0
Neg_425,-0.8111,0
Neg_1646,-0.74122,0
Neg_738,-0.86276,0
Neg_1286,0.1739,0
Neg_963,-0.99933,0
Neg_2190,-0.94523,0
Neg_212,-0.39821,0
Neg_730,-0.08517,0
Neg_319,-0.27698,0
Neg_1401,-0.37234,0
Neg_1035,-0.83577,0
Neg_1190,-0.81878,0
Neg_1508,-0.2547,0
Neg_1653,-0.42373,0
Neg_2304,0.67725,0
Neg_1355,-0.14322,0
Neg_1434,-0.6678,0
Neg_2485,-0.29223,0
Neg_367,-1.06242,0
Neg_1625,-0.7622,0
Neg_2700,-1.30821,0
Neg_150,0.31032,0
Neg_30,-0.57469,0
Neg_452,-1.14812,0
Neg_905,0.03214,0
Neg_2519,-0.55267,0
Neg_1361,-0.23318,0
Neg_2014,-0.6261,0
Neg_2510,-1.158,0
Neg_2920,0.10559,0
Neg_1963,0.24536,0
Neg_311,-0.53303,0
Neg_134,-0.30295,0
Neg_194,-1.03727,0
Neg_947,-0.02926,0
Neg_1215,0.56409,0
Neg_882,-1.02242,0
Neg_1465,0.18976,0
Neg_1711,-1.31182,0
Neg_956,-0.68519,0
Neg_99,-0.83925,0
Neg_2313,-0.8895,0
Neg_1819,-1.05472,0
Neg_1891,-0.70132,0
Neg_119,-1.29947,0
Neg_2288,-0.29169,0
Neg_2253,-0.84057,0
Neg_2736,-1.16543,0
Neg_2730,-1.20595,0
Neg_2856,-0.94816,0
Neg_1186,-0.23914,0
Neg_850,0.22012,0
Neg_1774,-1.12662,0
Neg_1923,-0.15366,0
Neg_1266,-0.41408,0
Neg_652,-1.05925,0
Neg_1259,-0.48378,0
Neg_2822,1.11809,0
Neg_804,-0.86866,0
Neg_1565,-0.94936,0
Neg_1331,-0.40264,0
Neg_1375,-0.9915,0
Neg_1537,0.41877,0
Neg_304,-0.69948,0
Neg_1554,-0.11098,0
Neg_466,-0.3224,0
Neg_1562,1.29549,0
Neg_2565,0.05671,0
Neg_394,0.39516,0
Neg_2558,-0.65106,0
Neg_544,-0.52457,0
Neg_179,-0.65534,0
Neg_1057,0.29054,0
Neg_2837,-1.14041,0
Neg_1053,-0.55534,0
Neg_2283,0.09899,0
Neg_1612,-0.62642,0
Neg_700,-1.30137,0
Neg_2176,-0.92289,0
Neg_1761,0.38756,0
Neg_2213,-0.80423,0
Neg_1829,-0.12315,0
Neg_1338,-0.74229,0
Neg_1346,-0.71773,0
Neg_441,-1.02536,0
Neg_1743,-0.71439,0
Neg_2367,-0.51207,0
Neg_337,-1.15465,0
Neg_1371,-0.89663,0
Neg_2743,-0.84041,0
Neg_500,1.27351,0
Neg_408,-0.65236,0
Neg_2761,-0.87426,0
Neg_2584,-0.70532,0
Neg_142,-1.06815,0
Neg_225,0.41618,0
Neg_1476,-0.42667,0
Neg_1498,-0.66014,0
Neg_1385,-0.60378,0
Neg_2698,-1.15181,0
Neg_295,-0.62661,0
Neg_2362,-1.0471,0
Neg_867,-0.13129,0
Neg_1314,-0.37129,0
Neg_1398,-0.82236,0
Neg_817,-1.1384,0
Neg_1403,-0.49835,0
Neg_959,-0.30017,0
Neg_108,0.15416,0
Neg_2110,-0.50876,0
Neg_2117,-0.74228,0
Neg_2310,-0.46252,0
Neg_1813,1.0878,0
Neg_869,-0.86995,0
Neg_1682,-0.44689,0
Neg_902,-0.48795,0
Neg_1135,0.40075,0
Neg_485,0.1962,0
Neg_1645,-0.73727,0
Neg_221,-0.9044,0
Neg_838,-0.16895,0
Neg_2064,-0.91072,0
Neg_1339,-0.73605,0
Neg_2271,-0.01247,0
Neg_1951,-0.63725,0
Neg_1856,-0.11234,0
Neg_1003,-1.10359,0
Neg_1901,-0.61836,0
Neg_1563,-0.17275,0
Neg_2201,-0.67621,0
Neg_2575,-0.80705,0
Neg_1221,-0.82625,0
Neg_340,-0.76041,0
Neg_1074,0.20589,0
Neg_1374,0.9658,0
Neg_2571,-0.4128,0
Neg_1183,-1.04245,0
Neg_2870,-0.64332,0
Neg_1083,-0.52742,0
Neg_167,-0.88748,0
Neg_344,1.86205,0
Neg_1326,0.62019,0
Neg_1370,1.79857,0
Neg_2695,-0.41769,0
Neg_1058,-0.4394,0
Neg_1678,0.36417,0
Neg_610,0.18842,0
Neg_897,-0.94572,0
Neg_132,-0.75752,0
Neg_677,-0.21803,0
Neg_813,-0.27915,0
Neg_1019,-0.46853,0
Neg_828,-0.81757,0
Neg_1816,-0.43706,0
Neg_253,-0.98634,0
Neg_1690,-1.17819,0
Neg_467,-1.28186,0
Neg_1677,-0.24601,0
Neg_1184,-0.89119,0
Neg_2363,-0.47978,0
Neg_2801,1.0165,0
Neg_1607,-0.62562,0
Neg_2193,-0.29545,0
Neg_427,-1.08856,0
Neg_792,-1.02409,0
Neg_1150,-0.12553,0
Neg_1620,1.36312,0
Neg_329,2.15331,0
Neg_412,-0.02198,0
Neg_2107,0.03921,0
Neg_1347,-0.67739,0
Neg_2649,0.92934,0
Neg_1559,-0.89543,0
Neg_176,-0.01556,0
Neg_826,-1.08437,0
Neg_1461,1.62624,0
Neg_281,-0.79609,0
Neg_2733,0.14853,0
Neg_2492,-0.75105,0
Neg_623,-0.49505,0
Neg_2280,-0.63934,0
Neg_751,-1.0023,0
Neg_2711,-0.96413,0
Neg_844,-0.55927,0
Neg_2577,0.3433,0
Neg_1087,-0.94283,0
Neg_388,0.12809,0
Neg_670,-0.82609,0
Neg_1159,-0.26742,0
Neg_2772,-0.82842,0
Neg_1736,0.21535,0
Neg_339,-0.9694,0
Neg_2366,-0.96272,0
Neg_331,0.11521,0
Neg_1388,-0.31453,0
Neg_2112,-1.00811,0
Neg_1610,-0.80802,0
Neg_2146,-0.84061,0
Neg_525,-0.81585,0
Neg_2300,-0.27428,0
Neg_714,-1.15566,0
Neg_236,-0.56239,0
Neg_1515,1.85697,0
Neg_985,-0.64342,0
Neg_198,-0.39284,0
Neg_2591,0.21004,0
Neg_1102,-0.53762,0
Neg_1654,-0.87742,0
Neg_2167,-0.77791,0
Neg_1270,-0.18801,0
Neg_590,-1.03603,0
Neg_1115,-0.89242,0
Neg_2846,-0.86571,0
Neg_1838,0.05794,0
Neg_548,-0.28016,0
Neg_2526,-0.91549,0
Neg_1922,-0.96177,0
Neg_2471,-0.87213,0
Neg_1459,-0.63856,0
Neg_2356,-1.26854,0
Neg_801,-0.91295,0
Neg_553,-0.48807,0
Neg_1811,-0.26121,0
Neg_1158,-0.02815,0
Neg_391,-0.69485,0
Neg_269,1.21388,0
Neg_2109,-1.1974,0
Neg_1279,-0.03944,0
Neg_197,-0.99743,0
Neg_2312,-0.78064,0
Neg_1754,-0.98194,0
Neg_61,1.18157,0
Neg_587,-1.12365,0
Neg_35,-0.45407,0
Neg_1452,-1.00093,0
Neg_341,0.48031,0
Neg_709,-0.90022,0
Neg_1623,-0.31998,0
Neg_1835,0.86488,0
Neg_1499,-0.61529,0
Neg_2701,0.04227,0
Neg_185,-1.13522,0
Neg_532,-0.7944,0
Neg_1049,-0.38855,0
Neg_2203,-0.46452,0
Neg_351,-0.13895,0
Neg_1511,-0.67185,0
Neg_432,0.43089,0
Neg_1708,-0.54742,0
Neg_1616,-1.05178,0
Neg_316,0.74184,0
Neg_1845,0.88211,0
Neg_1042,-0.77476,0
Neg_2467,-0.17791,0
Neg_76,-0.63826,0
Neg_383,-0.11573,0
Neg_1783,-0.47418,0
Neg_2387,-1.11093,0
Neg_161,-0.76113,0
Neg_297,0.25477,0
Neg_1854,-0.2674,0
Neg_1749,0.85002,0
Neg_1467,0.07797,0
Neg_1234,0.9824,0
Neg_969,-0.20697,0
Neg_2061,-0.88607,0
Neg_241,-0.01597,0
Neg_350,-0.86312,0
Neg_124,-0.31528,0
Neg_2482,-0.50002,0
Neg_1086,-0.28496,0
Neg_2791,-0.18647,0
Neg_1879,-0.84706,0
Neg_1827,-1.09726,0
Neg_622,-0.50945,0
Neg_658,0.57447,0
Neg_791,-0.31095,0
Neg_1472,-0.68203,0
Neg_196,-1.20391,0
Neg_1282,-0.75399,0
Neg_944,-0.9205,0
Neg_2374,-0.97389,0
Neg_1523,-0.42275,0
Neg_883,-1.20848,0
Neg_498,0.0194,0
Neg_547,-0.15439,0
Neg_1867,-0.36365,0
Neg_2901,-0.98066,0
Neg_1209,-0.80657,0
Neg_663,0.42816,0
Neg_52,-1.22749,0
Neg_2436,0.13219,0
Neg_942,0.11184,0
Neg_2853,-0.86667,0
Neg_2596,-0.31228,0
Neg_2788,0.01828,0
Neg_1613,0.48686,0
Neg_376,-1.2617,0
Neg_1539,-0.97601,0
Neg_2129,-1.09196,0
Neg_1776,-1.07387,0
Neg_2748,-0.14161,0
Neg_2084,-0.67008,0
Neg_934,1.11293,0
Neg_2877,-0.48473,0
Neg_1288,-0.42051,0
Neg_2819,-1.12927,0
Neg_1930,1.50631,0
Neg_2505,-0.68086,0
Neg_1975,-0.93733,0
Neg_2331,-0.81399,0
Neg_1728,-0.92948,0
Neg_1310,-0.97337,0
Neg_852,-0.30338,0
Neg_2633,-0.20106,0
Neg_1747,-0.40468,0
Neg_812,-0.63728,0
Neg_2030,-0.96407,0
Neg_1551,-0.09179,0
Neg_1679,-0.56736,0
Neg_1249,-0.20717,0
Neg_243,-0.61993,0
Neg_2817,-0.01132,0
Neg_554,-0.51344,0
Neg_756,-0.80219,0
Neg_276,-0.7009,0
Neg_2656,0.03165,0
Neg_480,0.7173,0
Neg_1664,-0.79142,0
Neg_149,-0.54195,0
Neg_2104,-0.79462,0
Neg_657,-0.02471,0
Neg_946,-0.73094,0
Neg_2273,0.35588,0
Neg_550,-1.08485,0
Neg_2142,-0.03434,0
Neg_987,0.03762,0
Neg_207,-0.54057,0
Neg_1126,-1.02097,0
Neg_2865,0.0206,0
Neg_2504,0.06531,0
Neg_2,-0.34113,0
Neg_2607,-0.2976,0
Neg_137,-0.62072,0
Neg_1020,-0.13436,0
Neg_1755,-0.34913,0
Neg_1942,-0.52185,0
Neg_1684,3.06193,0
Neg_1807,-0.72635,0
Neg_2548,-0.81755,0
Neg_1931,-0.81268,0
Neg_368,-0.07886,0
NP01383,-0.94368,1
NP06615,0.864,1
NP07289,-0.9081,1
NP10706,2.40546,1
NP06413,0.67496,1
NP07002,2.88794,1
NP06013,1.59848,1
NP07905,0.2357,1
NP06037,2.69902,1
NP06312,1.95697,1
NP09289,-0.95688,1
NP01011,1.38083,1
NP01453,0.38681,1
NP06668,0.45586,1
NP02209,-0.74827,1
NP01806,-0.59186,1
NP09844,3.45173,1
NP02902,0.26181,1
NP01105,2.127,1
NP06071,0.86178,1
NP07560,0.07793,1
NP00803,4.63577,1
NP02175,0.47623,1
NP11065,-0.1239,1
NP06911,0.2227,1
NP04654,-0.53766,1
NP00357,-0.15779,1
NP05821,1.4449,1
NP09379,-0.64179,1
NP01973,-0.25035,1
NP10650,2.35894,1
NP09728,2.8275,1
NP11120,0.4992,1
NP08528,-1.05472,1
NP10951,1.12445,1
NP03962,-0.72453,1
NP05936,0.15506,1
NP08204,-0.13512,1
NP08996,-0.27373,1
NP07496,-0.67507,1
NP09370,-0.08375,1
NP07908,-0.73631,1
NP06403,0.41331,1
NP06054,-0.66239,1
NP04810,0.55752,1
NP11371,-0.7953,1
NP07837,-0.67427,1
NP09481,-0.27103,1
NP02239,2.47283,1
NP07453,0.50577,1
NP04764,-0.97079,1
NP04158,1.25902,1
NP06987,0.03588,1
NP01433,0.46242,1
NP04534,-0.11754,1
NP07086,1.12177,1
NP05516,0.07264,1
NP05063,-0.16468,1
NP07269,0.54407,1
NP02755,-1.03873,1
NP05160,-0.69426,1
NP06035,0.85132,1
NP09486,0.21755,1
NP11162,-0.72412,1
NP04918,-0.63487,1
NP02297,0.11353,1
NP04799,-0.64996,1
NP06246,-0.76793,1
NP06774,0.6551,1
NP05423,-0.14621,1
NP05932,0.34494,1
NP06294,-0.49285,1
NP02530,-1.09757,1
NP10595,-0.63326,1
NP03760,0.82705,1
NP09525,0.96567,1
NP08660,0.97198,1
NP07479,1.01019,1
NP07037,0.28727,1
NP07434,2.29784,1
NP09477,3.07462,1
NP06784,-1.00813,1
NP07355,-0.30857,1
NP06870,2.68907,1
NP09352,0.75943,1
NP07707,-1.02054,1
NP09784,-0.56362,1
NP01353,-1.15802,1
NP09887,-1.22742,1
NP04674,-0.91191,1
NP09161,-1.12798,1
NP05120,0.95084,1
NP05410,0.59259,1
NP09361,1.21123,1
NP09284,0.25297,1
NP08168,-0.62559,1
NP00761,0.81327,1
NP02104,0.74714,1
NP03207,1.89962,1
NP11365,-0.66521,1
NP02019,-1.3166,1
NP02207,0.01529,1
NP05328,-0.65665,1
NP04642,-0.4198,1
NP07101,0.48072,1
NP07414,0.15635,1
NP00909,0.18025,1
NP08937,1.28135,1
NP07140,0.36371,1
NP07351,0.75526,1
NP07928,-1.11543,1
NP09752,-0.06439,1
NP10729,0.94276,1
NP10907,2.51054,1
NP10303,-0.83653,1
NP03765,0.89517,1
NP09802,1.16873,1
NP03485,0.4565,1
NP02446,-0.27258,1
NP07268,0.84166,1
NP07668,-0.4556,1
NP04708,0.56699,1
NP05887,1.20433,1
NP09362,1.25532,1
NP01350,-0.69001,1
NP02533,0.56335,1
NP05110,-0.47545,1
NP04072,0.76119,1
NP06286,0.00352,1
NP05525,0.07866,1
NP08523,0.74051,1
NP09921,0.26976,1
NP07040,0.20835,1
NP01821,-0.8987,1
NP09789,0.71294,1
NP00034,-1.08858,1
NP07665,0.53666,1
NP06185,2.84918,1
NP07813,-0.87299,1
NP01054,-0.97363,1
NP09908,-0.86276,1
NP05451,-0.13195,1
NP08483,-0.43657,1
NP00352,-0.09631,1
NP03774,1.65337,1
NP06815,-0.82064,1
NP04705,0.9639,1
NP03766,-0.5703,1
NP11075,0.88206,1
NP04789,0.21892,1
NP09791,1.29498,1
NP06287,2.15794,1
NP08651,1.23391,1
NP06344,0.02865,1
NP07954,-0.18078,1
NP10623,0.25115,1
NP04197,0.0432,1
NP08666,0.86188,1
NP02281,0.67924,1
NP02028,-0.25913,1
NP05644,0.19178,1
NP02242,1.0614,1
NP07290,2.07848,1
NP04798,1.45281,1
NP06231,2.77505,1
NP07262,1.8555,1
NP07626,1.72242,1
NP08057,0.33303,1
NP06826,2.43367,1
NP07336,0.32811,1
NP04359,-0.43877,1
NP05295,0.34643,1
NP04666,-0.61992,1
NP06429,0.95712,1
NP07720,-0.74362,1
NP01893,0.15687,1
NP07432,0.37603,1
NP08838,1.38725,1
NP07048,2.87033,1
NP07092,1.23024,1
NP11347,-0.81615,1
NP03368,1.43308,1
NP06836,0.0322,1
NP09588,2.39341,1
NP07359,2.66834,1
NP05728,1.52464,1
NP02023,0.17679,1
NP03799,-0.54651,1
NP01356,-0.59947,1
NP08565,-1.21239,1
NP06625,1.58654,1
NP05092,1.3355,1
NP06869,1.29669,1
NP00041,-0.99465,1
NP06243,0.00957,1
NP11322,-0.67897,1
NP06806,-0.77298,1
NP06903,0.86892,1
NP10783,0.32171,1
NP02526,0.13064,1
NP09356,-0.88551,1
NP02520,0.54041,1
NP01819,-1.16316,1
NP06169,0.64085,1
NP01411,0.18916,1
NP01226,0.03566,1
NP01741,2.73164,1
NP07230,-0.81925,1
NP01768,-1.17664,1
NP10810,-0.50432,1
NP02079,0.97946,1
NP02177,0.08042,1
NP04276,-0.30997,1
NP08176,-0.74432,1
NP04628,0.02676,1
NP04221,-0.20453,1
NP01529,-1.02751,1
NP09265,0.49693,1
NP10292,-0.7978,1
NP02816,0.429,1
NP01352,-1.0529,1
NP08544,-0.22806,1
NP11369,-0.69311,1
NP06971,1.5707,1
NP03791,-0.80784,1
NP07383,4.41176,1
NP07439,2.61247,1
NP01250,-0.61125,1
NP01533,1.26538,1
NP05506,0.27715,1
NP08518,3.25164,1
NP07575,-0.14484,1
NP02125,-0.64753,1
NP09051,-0.80402,1
NP08487,0.94288,1
NP01898,0.25554,1
NP03523,-0.87797,1
NP07577,-0.42319,1
NP01295,-0.50664,1
NP02584,-0.84455,1
NP06557,1.12303,1
NP08704,1.46367,1
NP03762,0.24345,1
NP01775,-0.05644,1
NP06703,-0.36646,1
NP08253,-0.34725,1
NP06706,0.07482,1
NP09779,2.61977,1
NP06981,-0.0038,1
NP04814,0.33428,1
NP07571,-0.68968,1
NP06573,-0.32507,1
NP01420,-0.08533,1
NP08587,1.11829,1
NP03846,1.88661,1
NP09154,-0.42006,1
NP04206,-0.7241,1
NP05003,-0.13906,1
NP07241,-0.32056,1
NP07494,-0.72989,1
NP01247,-1.07251,1
NP07861,-0.26296,1
NP02789,0.35446,1
NP06857,0.5263,1
NP01386,-0.81344,1
NP06420,2.34976,1
NP08245,-0.82553,1
NP06575,-0.43304,1
NP07273,0.94246,1
NP06252,1.41339,1
NP09210,0.63708,1
NP07421,0.445,1
NP08446,1.06833,1
NP06432,-0.43517,1
NP09755,0.43213,1
NP04054,0.3601,1
NP00885,2.40558,1
NP03057,-0.24738,1
NP04287,-0.16503,1
NP07623,-0.70246,1
NP07387,2.92744,1
NP01494,-0.15469,1
NP05413,-0.94125,1
NP04195,-0.14243,1
NP03592,-0.62521,1
NP09722,0.18452,1
NP02008,-0.08354,1
NP02984,1.00114,1
NP05732,-0.30585,1
NP08167,-1.2278,1
NP06962,0.82963,1
NP01695,-0.21035,1
NP05218,-0.17542,1
NP04802,0.54605,1
NP06862,0.43477,1
NP03744,1.79955,1
NP08202,0.92992,1
NP05004,-0.80577,1
NP10833,2.24068,1
NP05208,0.35844,1
NP01752,1.96568,1
NP02251,-0.63791,1
NP09152,-0.34151,1
NP01292,0.24824,1
NP06275,1.91061,1
NP09386,-0.55366,1
NP07274,2.11072,1
NP07232,2.5404,1
NP08056,-0.10795,1
NP02561,-0.50782,1
NP07940,1.82316,1
NP02883,0.12362,1
NP08546,0.03539,1
NP05089,3.15494,1
NP03759,0.75968,1
NP06758,-0.01099,1
NP11314,-0.63611,1
NP03367,0.83134,1
NP09774,3.25437,1
NP01528,-0.10312,1
NP01731,1.5274,1
NP01535,-0.0605,1
NP04211,-0.87395,1
NP05642,-0.45357,1
NP05184,-0.04637,1
NP04629,-0.45529,1
NP06902,1.5209,1
NP06823,0.10764,1
NP09803,0.6212,1
NP01323,-0.4815,1
NP03420,0.81209,1
NP03500,0.31832,1
NP04372,-0.32048,1
NP00804,4.28922,1
NP00052,-0.43497,1
NP04822,-1.04595,1
NP04668,0.23634,1
NP04716,-0.49909,1
NP01901,2.79315,1
NP06751,0.49723,1
NP01483,-0.00117,1
NP01036,3.78503,1
NP01104,2.52387,1
NP06288,2.10743,1
NP04658,-0.75246,1
NP07081,2.40599,1
NP05991,1.96127,1
NP01733,2.2576,1
NP09655,1.84388,1
NP08571,-0.94564,1
NP10815,1.92095,1
NP06996,1.48535,1
NP00805,0.68906,1
NP06921,0.24277,1
NP06419,-0.24944,1
NP02694,2.04608,1
NP06307,1.06909,1
NP06406,-1.27374,1
NP05169,0.88787,1
NP05236,0.01295,1
NP05768,-0.41938,1
NP06636,-1.00994,1
NP08573,2.61719,1
NP08547,-0.89328,1
NP11283,-0.27605,1
NP08606,-0.25662,1
NP08081,0.82774,1
NP04273,1.53516,1
NP09580,1.61604,1
NP01484,-0.3829,1
NP01249,-0.18002,1
NP09891,0.03285,1
NP07407,0.51634,1
NP04362,-0.02039,1
NP05197,-1.23912,1
NP06313,-0.28375,1
NP00714,-0.22393,1
NP07718,0.01204,1
NP02640,0.68314,1
NP08455,1.24942,1
NP08580,-0.37998,1
NP09912,-0.24166,1
NP10736,-0.12844,1
NP08878,1.21543,1
NP06311,2.44162,1
NP07012,0.74441,1
NP08430,-0.17759,1
NP10370,-0.552,1
NP02602,-0.55801,1
NP02971,-0.41225,1
NP02108,0.69132,1
NP06879,0.82491,1
NP01248,-0.46108,1
NP11334,-0.61846,1
NP04384,0.34681,1
NP05921,-0.86531,1
NP02026,-0.27446,1
NP04052,0.78683,1
NP10757,1.62946,1
NP00032,-0.96281,1
NP06350,-0.68129,1
NP04300,-0.1828,1
NP07879,-1.24898,1
NP07628,-0.72124,1
NP10725,0.11862,1
NP04981,0.48215,1
NP07459,1.4029,1
NP04344,0.7679,1
NP00953,1.1426,1
NP06977,2.69223,1
NP01426,1.81107,1
NP04701,-1.0477,1
NP07826,-0.35683,1
NP06985,-0.06612,1
NP05220,0.69878,1
NP08261,1.8461,1
NP07074,0.95061,1
NP02467,1.55677,1
NP04788,-0.10873,1
NP06026,0.2015,1
NP07663,-0.083,1
NP05437,-0.36911,1
NP07412,-0.69074,1
NP11344,-1.12869,1
NP03637,-0.55811,1
NP04728,-0.45959,1
NP07812,0.1713,1
NP05024,0.63426,1
NP01709,1.09198,1
NP11285,-0.95158,1
NP07339,1.14399,1
NP11277,0.38944,1
NP07899,0.40676,1
NP07409,0.30673,1
NP07545,0.87398,1
NP06924,-0.90658,1
NP07075,0.40923,1
NP02817,-0.39479,1
NP02939,0.76902,1
NP01022,-0.30607,1
NP06306,0.48261,1
NP06666,1.40556,1
NP06871,2.80659,1
NP08549,-0.98551,1
NP06244,-0.06138,1
NP01990,-0.29658,1
NP01191,1.807,1
NP01499,-0.82777,1
NP02442,-0.27942,1
NP05191,-0.57108,1
NP01742,3.19425,1
NP06910,2.15112,1
NP06710,0.62039,1
NP04686,0.88117,1
NP07666,0.53391,1
NP10291,-0.8092,1
NP08767,1.3812,1
NP07348,-0.05039,1
NP07474,-0.70542,1
NP06622,2.18305,1
NP04635,-0.97987,1
NP10080,0.05694,1
NP03078,-0.66891,1
NP02599,0.27365,1
NP06785,0.00907,1
NP01571,1.36266,1
NP01568,-0.32486,1
NP05802,-0.56572,1
NP08617,2.40967,1
NP04231,-0.45376,1
NP04884,0.79622,1
NP02940,0.18487,1
NP01777,-0.64113,1
NP05394,1.35464,1
NP02547,-0.82361,1
NP07926,-0.32181,1
NP07909,0.14412,1
NP09535,1.06072,1
NP00792,0.86231,1
NP01299,-0.59556,1
NP11401,-0.66067,1
NP06352,0.14185,1
NP03786,-0.40237,1
NP06901,0.49404,1
NP11047,0.66793,1
NP09986,1.96475,1
NP08988,0.5452,1
NP09933,-0.80158,1
NP06304,-0.58266,1
NP07275,-0.4405,1
NP01865,0.97663,1
NP06569,2.56663,1
NP02884,-0.10082,1
NP00963,0.54669,1
NP07179,0.98536,1
NP09336,2.13353,1
NP10752,1.6732,1
NP04715,1.40535,1
NP09439,-0.91177,1
NP01359,-1.10256,1
NP07224,-0.49497,1
NP07167,2.89539,1
NP05478,0.66725,1
NP04711,1.61042,1
NP09658,1.26452,1
NP02007,0.06659,1
NP04352,-0.85294,1
NP05470,-0.87587,1
NP01290,1.58293,1
NP02074,0.28246,1
NP01735,3.67837,1
NP11305,-1.12737,1
NP07495,-0.70804,1
NP10593,-1.24118,1
NP03840,0.05209,1
NP00002,0.98338,1
NP10305,-0.24168,1
NP10274,-0.26001,1
NP05164,-0.33164,1
NP07609,-0.83723,1
NP11303,-1.16061,1
NP09756,-0.39689,1
NP02692,0.05869,1
NP02701,2.14431,1
NP04768,-0.4485,1
NP09527,3.21328,1
NP08706,1.1773,1
NP08540,0.49524,1
NP00936,-0.68923,1
NP05697,-0.96653,1
NP00648,1.12718,1
NP11033,0.94996,1
NP06167,-0.49601,1
NP08769,3.12589,1
NP04403,-0.34821,1
NP06568,0.71989,1
NP01734,-0.31587,1
NP10596,-0.6859,1
NP04653,-0.92432,1
NP05247,-0.01925,1
NP05117,-0.56859,1
NP00023,-0.29293,1
NP06906,2.73931,1
NP03639,-0.01415,1
NP09868,-1.00459,1
NP01674,0.58201,1
NP11020,0.56849,1
NP02603,0.16491,1
NP07633,1.00979,1
NP08511,3.63539,1
NP07054,-0.63579,1
NP07643,-0.46545,1
NP11179,-0.23649,1
NP01673,-0.12728,1
NP06966,1.59234,1
NP07418,-0.1814,1
NP09936,0.56129,1
NP04770,-0.54592,1
NP09132,-0.48693,1
NP08375,0.09684,1
NP01754,-0.12088,1
NP08312,1.4958,1
NP07670,-0.4698,1
NP01618,1.18366,1
NP06591,-0.51486,1
NP02843,0.00934,1
NP02646,2.21274,1
NP06872,0.15026,1
NP08429,0.1968,1
NP04293,0.40972,1
NP02027,-0.20841,1
NP07794,0.27019,1
NP07491,0.23285,1
NP06866,-0.79447,1
NP07941,1.83176,1
NP10923,2.7918,1
NP07443,0.25408,1
NP07634,-0.22165,1
NP01455,0.10884,1
NP10719,1.64602,1
NP00927,1.66221,1
NP10664,-0.65496,1
NP09364,2.92073,1
NP06632,0.67693,1
NP05107,-0.95213,1
NP05858,-0.97365,1
NP04088,-0.82118,1
NP07667,-0.14202,1
NP03469,2.90281,1
NP05651,-0.34239,1
NP09797,-0.50732,1
NP03273,2.52815,1
NP01808,-0.7826,1
NP07331,-0.16718,1
NP05131,-0.16372,1
NP01851,1.18598,1
NP08997,0.10523,1
NP09782,0.74124,1
NP00713,-0.65489,1
NP08201,0.37719,1
NP07511,1.24108,1
NP07051,-0.83451,1
NP09843,1.19388,1
NP01301,-0.35936,1
NP07261,0.65779,1
NP01252,0.48727,1
NP10814,0.02476,1
NP05401,2.40969,1
NP05188,-0.4966,1
NP10688,-0.3448,1
NP07238,-0.4913,1
NP03785,-0.8438,1
NP06943,-0.41269,1
NP05275,1.16684,1
NP03782,-0.24071,1
NP05179,0.89036,1
NP04067,1.74223,1
NP07362,0.28674,1
NP00912,0.75744,1
NP03507,0.45457,1
NP04632,0.10732,1
NP01046,-0.53685,1
NP10089,-0.41217,1
NP09045,-0.86724,1
NP01170,0.50969,1
NP02967,0.90496,1
NP01397,-0.70187,1
NP00067,-0.06229,1
NP09396,0.15659,1
NP06122,-0.93034,1
NP06750,-0.60303,1
NP04975,-0.58696,1
NP01480,-0.93279,1
NP03477,1.9973,1
NP06968,1.06882,1
NP06305,-0.26596,1
NP05151,-0.75673,1
NP06646,1.48592,1
NP07592,0.37628,1
NP10836,2.46976,1
NP10655,3.63968,1
NP10811,-0.49495,1
NP11290,-1.22056,1
NP08434,3.35647,1
NP01225,0.73481,1
NP09849,0.60264,1
NP03521,-0.36954,1
NP04836,-0.00571,1
NP04757,-0.49793,1
NP05800,1.86466,1
NP06140,1.33101,1
NP00578,0.00942,1
NP02794,-0.70493,1
NP01730,3.87766,1
NP06089,0.62452,1
NP08299,0.23774,1
NP11313,-0.65908,1
NP02909,-0.80866,1
NP07951,-0.76086,1
NP08778,0.07232,1
NP00899,0.54885,1
NP11107,-0.92326,1
NP01298,0.98675,1
NP03495,-0.65328,1
NP05812,2.54245,1
NP01756,2.13785,1
NP00790,0.50909,1
NP11255,-0.11255,1
NP04412,0.44957,1
NP03780,2.2612,1
NP06372,-1.0194,1
NP03668,0.56318,1
NP09711,2.19234,1
NP10371,-1.05941,1
NP06093,2.23049,1
NP06692,-0.66138,1
NP09506,1.71748,1
NP07891,0.59494,1
NP09358,-1.0598,1
NP05226,2.03219,1
NP09346,1.74237,1
NP01622,-0.12679,1
NP05957,2.04771,1
NP05059,-0.54511,1
NP10652,2.16239,1
NP11150,-1.0151,1
NP01293,0.6379,1
NP02527,-0.09916,1
NP01519,0.39712,1
NP07284,0.92215,1
NP04459,0.14202,1
NP04693,0.34054,1
NP03479,1.18426,1
NP02862,-0.46151,1
NP00755,-0.2131,1
NP07795,-0.37196,1
NP08588,0.40951,1
NP09316,0.99634,1
NP06331,-0.10491,1
NP06334,0.25727,1
NP04241,-0.21035,1
NP05126,-0.86556,1
NP01257,-0.04773,1
NP05476,-0.59349,1
NP11325,-0.68267,1
NP05685,1.24432,1
NP06421,0.34796,1
NP10632,0.33147,1
NP08234,1.67119,1
NP00816,4.24481,1
NP09425,0.54562,1
NP04226,-0.51542,1
NP05118,0.36457,1
NP06833,-0.7115,1
NP02512,-0.24125,1
NP07204,0.14428,1
NP07097,-0.71887,1
NP03243,1.54158,1
NP07647,-0.3736,1
NP02151,1.18464,1
NP05505,-0.71897,1
NP09430,0.09802,1
NP08550,-0.7283,1
NP05710,2.62764,1
NP04627,0.31296,1
NP05857,1.11005,1
NP02798,-0.24835,1
NP01463,0.02593,1
NP08440,0.2324,1
NP05125,-1.21553,1
NP02516,-0.60582,1
NP08488,-0.52959,1
NP07435,-0.02868,1
NP05161,-0.91068,1
NP01753,1.08017,1
NP07386,1.29556,1
NP01780,0.46175,1
NP02795,1.02288,1
NP06822,-0.93616,1
NP03585,1.37985,1
NP01787,0.00946,1
NP09754,-0.2035,1
NP10353,1.43928,1
NP06051,-0.19033,1
NP07544,0.62698,1
NP02590,-0.98994,1
NP08653,-0.21832,1
NP07126,-0.18837,1
NP05953,-0.08663,1
NP09299,1.65062,1
NP05755,0.71558,1
NP04443,0.6917,1
NP02567,-0.75605,1
NP01899,2.80304,1
NP06697,1.12406,1
NP02899,1.2428,1
NP11102,-0.57011,1
NP08577,1.01798,1
NP05163,-0.60328,1
NP07254,-0.08602,1
NP01737,3.80841,1
NP06997,0.11309,1
NP08773,1.44954,1
NP04758,0.12412,1
NP06993,4.06211,1
NP00915,0.46646,1
NP09273,0.3441,1
NP02146,-1.16264,1
NP04386,0.29919,1
NP01766,0.01323,1
NP09159,-0.93486,1
NP09213,0.38843,1
NP01354,1.63557,1
NP07938,0.24002,1
NP04053,1.29267,1
NP01335,-0.90498,1
NP08478,0.73662,1
NP06594,0.63422,1
NP04031,-1.14432,1
NP02947,1.26461,1
NP10278,-0.60164,1
NP01146,0.94554,1
NP06417,-0.11976,1
NP01304,-0.1527,1
NP01346,-1.09961,1
NP06649,0.72209,1
NP07354,0.78246,1
NP04997,0.25888,1
NP04093,1.15054,1
NP07814,-0.25787,1
NP01885,1.60172,1
NP00806,0.69258,1
NP00865,3.00581,1
NP09881,-0.91678,1
NP09311,3.38356,1
NP02017,-0.63309,1
NP08581,0.42659,1
NP09916,0.1886,1
NP06427,0.11614,1
NP00053,-0.1318,1
NP09298,1.36946,1
NP09909,-0.02298,1
NP09305,-0.27465,1
NP00055,-0.53239,1
NP07581,-0.50642,1
NP04791,-0.11158,1
NP10722,0.60809,1
NP01206,0.95761,1
NP10091,0.10904,1
NP09288,-0.99593,1
NP07572,1.60181,1
NP07044,3.55528,1
NP05097,-0.13577,1
NP02172,-0.84442,1
NP05452,-0.7821,1
NP07391,-0.15165,1
NP01524,2.17789,1
NP06691,1.00884,1
NP06044,0.82135,1
NP05496,-0.24238,1
NP09313,2.01071,1
NP06410,3.60664,1
NP07468,-0.07114,1
NP00035,-0.99629,1
NP05891,0.13555,1
NP05940,0.54644,1
NP06905,-0.35331,1
NP09733,3.14397,1
NP06576,-0.61133,1
NP05103,-1.07316,1
NP08976,0.12329,1
NP05219,-1.05311,1
NP03724,0.96206,1
NP07903,-0.32282,1
NP03808,-0.9198,1
NP09491,1.20022,1
NP08146,1.89446,1
NP00036,-1.06708,1
NP05199,-0.16473,1
NP03163,2.43918,1
NP04650,-0.13512,1
NP11008,-0.2079,1
NP07003,2.16126,1
NP00924,-0.36545,1
NP05839,-1.01591,1
NP05204,-0.30651,1
NP07579,-0.79917,1
NP09785,0.75896,1
NP09420,-0.53585,1
NP07631,0.29856,1
NP04964,1.45011,1
NP07116,1.92735,1
NP08515,3.027,1
NP08956,1.53158,1
NP02519,-0.23164,1
NP02016,-0.50521,1
NP10717,1.85604,1
NP10733,0.89622,1
NP07380,1.05366,1
NP07165,0.47548,1
NP02588,-0.6496,1
NP07446,2.25594,1
NP05203,-0.99211,1
NP06302,0.66528,1
NP02544,-1.08255,1
NP05885,-0.83458,1
NP07255,-0.63899,1
NP06984,-0.77797,1
NP06059,0.26912,1
NP06835,0.30866,1
NP08604,0.20501,1
NP09164,0.65504,1
NP11108,-0.3254,1
NP05096,-0.31337,1
NP04406,-0.64786,1
NP05890,1.03473,1
NP07464,0.96161,1
NP06418,2.38182,1
NP08246,-1.00377,1
NP04291,0.5663,1
NP07463,-0.51948,1
NP08426,1.4624,1
NP07447,-0.47472,1
NP07562,-0.61153,1
NP07080,2.51189,1
NP11340,-0.70527,1
NP01384,-0.89742,1
NP06184,2.05141,1
NP08799,0.87994,1
NP09363,1.02362,1
NP10995,4.13813,1
NP02542,1.64453,1
NP09790,0.91576,1
NP06660,0.55635,1
NP04630,-0.51761,1
NP05227,0.48285,1
NP08585,0.64024,1
NP07536,1.1222,1
NP05264,0.02775,1
NP01550,0.6511,1
NP02268,0.28246,1
NP03567,0.9537,1
NP07927,-0.72212,1
NP10821,1.09677,1
NP11378,-0.71827,1
NP01970,-0.67838,1
NP09878,-0.98549,1
NP09055,-0.17448,1
NP00501,-1.06297,1
NP09046,-0.75223,1
NP05709,-0.34261,1
NP07637,-0.12715,1
NP04702,-0.53379,1
NP04737,-0.40209,1
NP04841,0.10152,1
NP06128,-0.36326,1
NP05852,0.61817,1
NP01900,3.36912,1
NP06994,0.18104,1
NP04186,0.80111,1
NP01527,-0.90083,1
NP01909,2.54221,1
NP07415,2.08665,1
NP06792,0.09812,1
NP10974,3.42897,1
NP07583,-0.34519,1
NP07371,0.13538,1
NP01477,-0.73796,1
NP05189,-0.03181,1
NP04808,1.07937,1
NP06991,0.37131,1
NP07485,0.06863,1
NP10277,-0.53866,1
NP08602,-0.55379,1
NP09874,-0.49318,1
NP06988,0.12563,1
NP06963,-0.37918,1
NP04290,-0.14919,1
NP05529,0.54588,1
NP01800,-0.70372,1
NP02465,0.59082,1
NP06689,-1.00085,1
NP05538,-1.04416,1
NP06810,-1.12001,1
NP04840,-0.24185,1
NP01004,1.50132,1
NP04227,-0.17566,1
NP08698,1.33503,1
NP10275,-0.51105,1
NP02941,0.03943,1
NP02799,-0.71319,1
NP10758,1.63995,1
NP06864,1.12546,1
NP01531,-0.82499,1
NP03465,0.69109,1
NP07151,4.84838,1
NP08520,1.1257,1
NP06719,0.65569,1
NP01919,0.80159,1
NP07436,2.67893,1
NP07010,1.18189,1
NP07259,-0.8792,1
NP06892,3.59384,1
NP05664,-0.35308,1
NP06894,0.43918,1
NP01306,-0.45357,1
NP06720,-0.45706,1
NP06837,-0.41626,1
NP08806,0.84993,1
NP01749,1.36334,1
NP11205,-0.25024,1
NP09880,-0.42809,1
NP05123,-1.22941,1
NP10933,2.93909,1
NP05354,0.84318,1
NP01223,1.27757,1
NP01138,0.66058,1
NP05154,-0.48917,1
NP08526,-0.03116,1
NP09667,2.45831,1
NP06118,0.45103,1
NP05742,-0.2082,1
NP06677,-0.43584,1
NP11286,-0.94181,1
NP06301,-0.44816,1
NP04868,0.59739,1
NP01195,-0.68586,1
NP01284,0.05819,1
NP03373,0.49091,1
NP03428,-0.19998,1
NP04640,0.09249,1
NP02258,0.16557,1
NP01255,0.20242,1
NP07554,-0.21747,1
NP05090,-0.56765,1
NP07573,-0.68373,1
NP08244,-1.09837,1
NP09586,2.67245,1
NP11235,0.84421,1
NP07365,1.80099,1
NP01727,1.73026,1
NP03041,-0.17413,1
NP02492,-0.78795,1
NP01748,-0.5093,1
NP07444,-0.81301,1
NP04679,-0.25844,1
NP07252,-0.82427,1
NP07322,-0.22651,1
NP01651,1.20846,1
NP02102,-0.56604,1
NP07382,2.70967,1
NP04157,0.01568,1
NP05537,-0.66165,1
NP05939,0.69118,1
NP09635,1.61838,1
NP07011,2.58527,1
NP04746,-0.15061,1
NP01324,-1.08026,1
NP09694,0.2235,1
NP08579,-0.05442,1
NP01245,-0.48449,1
NP00064,0.78171,1
NP09599,1.7067,1
NP00786,-0.14643,1
NP09955,-0.88881,1
NP09419,-0.76358,1
NP11297,-1.13971,1
NP08659,-0.33292,1
NP04759,0.99425,1
NP02928,0.02446,1
NP06187,3.44083,1
NP07249,-0.46316,1
NP01211,-0.58224,1
NP00028,-1.24635,1
NP04778,0.44483,1
NP11356,-1.00157,1
NP10734,1.92558,1
NP07725,-1.08343,1
NP06332,-0.22804,1
NP09165,0.15656,1
NP05922,1.30188,1
NP02270,1.31334,1
NP08051,2.52202,1
NP02531,0.15877,1
NP07551,0.31159,1
NP06347,1.2363,1
NP06114,-0.00214,1
NP06967,3.18868,1
NP06952,-1.14471,1
NP05468,-0.76318,1
NP06353,-0.06192,1
NP04665,-0.70999,1
NP10778,1.46197,1
NP09418,-0.02878,1
NP01833,-0.20153,1
NP07912,-1.13048,1
NP04437,-0.12233,1
NP06830,0.16608,1
NP10703,1.95812,1
NP07278,-0.66903,1
NP10782,2.81904,1
NP11066,-0.73224,1
NP01282,0.54892,1
NP07559,-0.26289,1
NP04690,-0.18613,1
NP07966,-0.13453,1
NP03545,-0.60183,1
NP05174,2.05968,1
NP04915,0.37746,1
NP08009,0.01573,1
NP01501,-0.66691,1
NP10658,1.5308,1
NP01803,-0.5779,1
NP01675,2.28798,1
NP01773,-0.91405,1
NP10629,-0.92405,1
NP07403,-0.81194,1
NP00045,-0.40965,1
NP07590,2.13757,1
NP10820,-0.98358,1
NP06916,0.40656,1
NP02370,0.46735,1
NP00030,-0.92481,1
NP05094,0.05923,1
NP02705,0.50543,1
NP09876,-0.72939,1
NP01655,-0.83663,1
NP10801,2.16137,1
NP11368,-0.93014,1
NP04769,0.00575,1
NP06623,1.44824,1
NP09786,0.57061,1
NP04447,1.0526,1
NP03783,1.53758,1
NP08632,0.99598,1
NP04826,0.47454,1
NP07067,0.70959,1
NP07123,0.30751,1
NP01828,-0.96157,1
NP10797,3.23082,1
NP06831,1.25712,1
NP02828,1.94345,1
NP09348,0.05338,1
NP02809,-0.39754,1
NP02525,1.03732,1
NP04922,-0.66288,1
NP00889,2.30126,1
NP11361,-0.81186,1
NP04306,0.66625,1
NP09885,-0.16378,1
NP05937,-0.65362,1
NP01883,3.22871,1
NP04731,-0.10945,1
NP10649,-0.27786,1
NP11370,-0.99776,1
NP01013,1.61726,1
NP00866,2.04713,1
NP05267,1.17143,1
NP03801,-0.92886,1
NP06346,0.48521,1
NP09261,0.19594,1
NP02578,-0.69918,1
NP06426,0.60355,1
NP09795,-0.18986,1
NP06234,-0.73977,1
NP10348,1.25353,1
NP07400,-0.49515,1
NP04879,-0.94332,1
NP04371,-0.19198,1
NP07646,0.11276,1
NP04039,1.42298,1
NP03763,0.85517,1
NP05683,-0.98156,1
NP04303,-0.17539,1
NP05073,0.13151,1
NP09133,-0.34978,1
NP09042,-0.73919,1
NP02010,-0.90967,1
NP06873,0.69958,1
NP06593,1.44921,1
NP08671,-0.1478,1
NP04920,-0.47964,1
NP09041,-1.04444,1
NP09592,3.83191,1
NP03644,-0.0307,1
NP09069,-0.63918,1
NP07935,0.63784,1
NP05663,1.77188,1
NP05893,-0.68503,1
NP01822,-0.77874,1
NP07561,0.17882,1
NP07807,0.95405,1
NP06559,-0.25621,1
NP06934,-0.36198,1
NP05791,0.92396,1
NP06207,1.1719,1
NP05666,-0.76337,1
NP07406,3.67498,1
NP01813,-0.84148,1
NP09044,-1.16569,1
NP08271,0.93012,1
NP04229,-0.9727,1
NP05198,1.09783,1
NP07318,2.04851,1
NP10735,0.37561,1
NP09662,3.81757,1
NP07342,0.75667,1
NP07153,2.4241,1
NP07134,1.7396,1
NP05181,1.00907,1
NP01186,0.58915,1
NP08248,-1.24848,1
NP02917,0.21538,1
NP04646,-0.11897,1
NP07467,-0.42757,1
NP07096,-0.79556,1
NP11064,-0.86975,1
NP03761,0.80391,1
NP07155,-0.35663,1
NP06909,0.17251,1
NP08846,-0.09256,1
NP04940,1.11584,1
NP03800,-0.0988,1
NP08593,0.87905,1
NP02943,0.87375,1
NP02587,-0.85987,1
NP06657,-0.19339,1
NP09845,-0.42104,1
NP09888,0.14221,1
NP11399,-0.43986,1
NP07335,0.44405,1
NP01820,-0.84416,1
NP05185,1.17776,1
NP09901,1.72011,1
NP09899,0.01915,1
NP07177,2.35569,1
NP07968,2.22697,1
NP03028,0.97834,1
NP11069,1.15201,1
NP07138,0.38201,1
NP09927,-0.69449,1
NP06880,-0.10602,1
NP02061,-0.19946,1
NP07955,-0.14152,1
NP02234,-1.12767,1
NP04032,-0.58786,1
NP03458,-0.30001,1
NP03805,-0.23446,1
NP07021,-0.32184,1
NP07937,1.43635,1
NP02162,-0.20619,1
NP01817,-0.4245,1
NP09350,0.56536,1
NP07077,4.26432,1
NP11323,-0.5088,1
NP04783,0.04725,1
NP04803,-0.70905,1
NP06923,0.53192,1
NP04694,0.64117,1
NP01905,1.81028,1
NP07102,0.06795,1
NP04220,-0.39838,1
NP06794,-0.73087,1
NP06193,-0.94409,1
NP11352,-0.88133,1
NP07659,-0.32908,1
NP07217,2.22076,1
NP06221,-0.26135,1
NP02644,1.48686,1
NP04807,-0.79233,1
NP08519,4.00362,1
NP07423,-0.14119,1
NP03854,-0.86401,1
NP05739,0.00823,1
NP07825,1.65736,1
NP06922,1.99457,1
NP11149,0.23808,1
NP07969,2.33401,1
NP03476,0.52311,1
NP11398,-0.8071,1
NP06078,-0.94407,1
NP05764,0.61237,1
NP00850,3.85647,1
NP03810,-0.27561,1
NP07095,0.80033,1
NP05540,-0.88439,1
NP05514,0.19858,1
NP06895,0.21206,1
NP10723,2.34572,1
NP09536,-0.7136,1
NP00776,1.89146,1
NP03795,-1.104,1
NP09906,2.03187,1
NP11106,-1.10011,1
NP05789,0.94981,1
NP08721,1.12296,1
NP10756,3.19849,1
NP02949,0.14531,1
NP08551,-0.62867,1
NP11076,-0.16264,1
NP06084,-1.1427,1
NP04661,-0.56314,1
NP06696,0.31656,1
NP07706,-0.49735,1
NP09301,1.96117,1
NP05130,-0.38889,1
NP07932,0.66573,1
NP05743,-0.92344,1
NP07455,0.2736,1
NP10630,2.87219,1
NP04767,-0.62375,1
NP04424,0.47163,1
NP09415,0.01903,1
NP05023,0.76488,1
NP06998,1.14011,1
NP01307,-1.13221,1
NP08712,-0.32344,1
NP11360,-1.04939,1
NP05225,0.16346,1
NP07337,-0.63924,1
NP01339,-0.27065,1
NP11366,-0.36832,1
NP06570,1.35709,1
NP08080,0.41476,1
NP04210,-0.88749,1
NP01536,-0.79477,1
NP06072,0.77546,1
NP05037,-0.74007,1
NP07292,-0.07939,1
NP07808,0.70714,1
NP02911,0.05364,1
NP06400,-0.405,1
NP04286,0.58975,1
NP11078,-0.12259,1
NP11251,1.0302,1
NP06545,0.19908,1
NP09337,0.42527,1
NP07166,2.24116,1
NP07429,-1.04521,1
NP06898,2.1879,1
NP07272,-1.02765,1
NP03716,3.53563,1
NP07236,-0.02796,1
NP01400,-0.70538,1
NP06964,1.94461,1
NP06749,0.01726,1
NP04811,0.45351,1
NP04871,0.14503,1
NP05088,2.46571,1
NP09695,-0.61377,1
NP07591,1.10016,1
NP07242,-0.57731,1
NP07679,-0.6329,1
NP05172,0.84158,1
NP04180,1.23873,1
NP10812,-0.54719,1
NP06711,0.78122,1
NP05166,-0.65322,1
NP04870,-0.23177,1
NP09204,0.58231,1
NP09659,1.88137,1
NP05202,-0.03527,1
NP00048,-0.3092,1
NP07546,0.16344,1
NP01832,-0.27951,1
NP00037,-1.03805,1
NP05034,-0.77121,1
NP08700,1.71508,1
NP07017,-0.75785,1
NP03208,0.62319,1
NP03601,1.42822,1
NP03600,0.10805,1
NP06150,-0.6451,1
NP01244,-0.38634,1
NP09110,-0.34826,1
NP01724,0.92272,1
NP09018,-0.14412,1
NP00759,1.71115,1
NP10994,2.15003,1
NP03491,0.75532,1
NP02643,-0.49012,1
NP06920,0.64758,1
NP02813,-0.07345,1
NP09675,3.1472,1
NP08186,0.04009,1
NP09661,0.96451,1
NP06409,0.31401,1
NP10955,2.44201,1
NP07000,-0.50958,1
NP03950,-0.97414,1
NP06296,0.47465,1
NP09593,3.49099,1
NP07076,-0.03236,1
NP04651,-0.5835,1
NP05395,1.63893,1
NP09053,-0.65135,1
NP01746,3.63282,1
NP09714,2.79932,1
NP03828,0.5395,1
NP04274,-0.47322,1
NP04230,-0.49417,1
NP08949,0.10554,1
NP05159,-0.07497,1
NP09040,-0.96175,1
NP02109,-0.28858,1
NP04662,-0.89694,1
NP01801,-0.07623,1
NP00905,1.47546,1
NP08575,1.67699,1
NP07596,-0.3889,1
NP08465,1.42232,1
NP08609,2.29042,1
NP01678,-1.14215,1
NP09003,-1.144,1
NP06154,-0.80336,1
NP00784,2.17111,1
NP05724,0.13075,1
NP08959,0.97059,1
NP00060,0.61008,1
NP03480,1.78953,1
NP05036,1.17342,1
NP08679,0.16286,1
NP02539,-0.49026,1
NP09776,2.69584,1
NP05522,-0.14939,1
NP07490,-1.10282,1
NP09798,-0.19376,1
NP04657,-0.54821,1
NP02938,0.57301,1
NP02056,2.69455,1
NP07936,0.12432,1
NP05177,0.05267,1
NP05531,0.42798,1
NP04794,0.4514,1
NP02447,0.12169,1
NP05116,0.18018,1
NP06949,0.53942,1
NP04339,0.62253,1
NP02591,-1.09327,1
NP01862,-0.51748,1
NP04631,0.82938,1
NP06009,1.13026,1
NP07160,0.72607,1
NP09758,-0.75916,1
NP01518,-0.38132,1
NP11304,-1.29594,1
NP02691,3.06243,1
NP09929,0.16883,1
NP07013,-0.26537,1
NP03777,0.67856,1
NP00901,-0.6923,1
NP06728,-0.43165,1
NP07809,0.68548,1
NP05687,0.97398,1
NP04200,-1.04796,1
NP09106,0.84052,1
NP06707,0.59993,1
NP03587,-0.02512,1
NP02972,-0.1417,1
NP04949,-0.44762,1
NP00894,0.43099,1
NP11293,0.33926,1
NP01891,0.60325,1
NP01968,-0.83299,1
NP06844,0.74386,1
NP03887,-0.24381,1
NP07578,-0.27406,1
NP01924,0.90353,1
NP04279,-0.05348,1
NP10788,0.23722,1
NP07550,-0.79529,1
NP09414,0.15847,1
NP09440,1.18933,1
NP09285,-0.83344,1
NP04649,0.60499,1
NP09904,-0.68225,1
NP01077,-0.4669,1
NP06754,1.43505,1
NP00710,1.38345,1
NP02003,-0.48231,1
NP00768,0.90431,1
NP08906,1.12743,1
NP02924,-0.60271,1
NP10832,2.35115,1
NP07137,-0.67641,1
NP05534,-1.19209,1
NP07640,-0.13011,1
NP00817,1.60766,1
NP06889,0.9493,1
NP08461,2.5952,1
NP06551,4.0724,1
NP08512,2.83218,1
NP03756,3.95742,1
NP05838,0.21408,1
NP08586,0.97225,1
NP11375,-1.23002,1
NP07424,-0.73066,1
NP03768,1.56978,1
NP01068,-0.90692,1
NP09919,0.3967,1
NP06224,-0.86807,1
NP09052,-0.13233,1
NP09792,-0.93147,1
NP01969,-0.6095,1
NP06644,-0.06954,1
NP03788,0.06037,1
NP06170,-0.00082,1
NP08451,0.04915,1
NP05195,-0.88988,1
NP01253,-0.74926,1
NP09764,0.7572,1
NP01794,-0.99788,1
NP06199,1.17172,1
NP07027,-0.2551,1
NP05048,-0.63933,1
NP09355,-0.20801,1
NP08569,-0.60551,1
NP09948,-0.53722,1
NP01739,2.95289,1
NP06867,1.5599,1
NP02592,-0.64076,1
NP07063,1.14215,1
NP06411,0.36114,1
NP09353,-0.29628,1
NP08422,2.14224,1
NP01963,-0.83017,1
NP06023,1.53231,1
NP01795,-0.22234,1
NP10755,1.46319,1
NP03536,-0.51803,1
NP01357,0.18227,1
NP10350,-0.10882,1
NP04363,-0.91505,1
NP02596,-0.51896,1
NP06954,1.2033,1
NP08265,0.68951,1
NP08542,0.75551,1
NP04817,1.44617,1
NP04755,-0.67291,1
NP02645,-0.56338,1
NP08568,-0.68361,1
NP11395,-0.96903,1
NP03089,1.48595,1
NP06055,2.65923,1
NP10256,-0.78123,1
NP09683,0.91382,1
NP07030,-1.03831,1
NP11358,-0.96606,1
NP05020,0.79947,1
NP10383,-0.6785,1
NP04756,-1.03019,1
NP00800,2.43698,1
NP08622,-1.139,1
NP07196,1.51789,1
NP08262,-0.455,1
NP06079,3.23796,1
NP08454,0.24822,1
NP01178,2.07259,1
NP05536,-0.46444,1
NP06161,-0.95647,1
NP10819,0.7413,1
NP05843,1.45981,1
NP06165,1.38074,1
NP08458,2.91068,1
NP01784,0.21386,1
NP07687,-0.55561,1
NP09591,-0.54297,1
NP09590,3.21916,1
NP06235,-0.37425,1
NP06845,1.01513,1
NP09827,-1.29379,1
NP04734,0.07136,1
NP01409,1.72687,1
NP07493,-0.30929,1
NP09371,1.58786,1
NP05493,-0.12872,1
NP11362,-0.90938,1
NP05043,-0.51163,1
NP01743,1.11362,1
NP06299,0.93309,1
NP02344,0.64158,1
NP05105,-0.11186,1
NP04050,1.34235,1
NP07210,0.15969,1
NP04353,-1.0469,1
NP07705,-0.65861,1
NP03124,0.36893,1
NP07094,0.5847,1
NP01809,-1.02156,1
NP02244,2.72475,1
NP11284,-0.61527,1
NP10977,4.4654,1
NP07347,1.11202,1
NP07032,0.19562,1
NP09416,-0.78705,1
NP01649,1.39251,1
NP02696,-0.23377,1
NP06667,0.57563,1
NP05106,-0.68124,1
NP02684,-0.41305,1
NP11031,-0.08553,1
NP06690,0.57982,1
NP10594,-1.20588,1
NP09464,1.73476,1
NP03784,0.23063,1
NP10358,1.08753,1
NP05104,-0.76105,1
NP00353,-0.40135,1
NP05380,-0.08169,1
NP09149,-0.7037,1
NP05486,-0.71227,1
NP09475,0.22163,1
NP06548,-0.32381,1
NP07894,1.19018,1
NP06899,-0.87986,1
NP06989,1.9276,1
NP01474,-0.07249,1
NP01732,2.27636,1
NP07139,1.38066,1
NP08450,-0.63474,1
NP06693,-0.24862,1
NP03802,-0.83531,1
NP08669,-1.14924,1
NP09397,-0.62602,1
NP02020,-0.58818,1
NP05856,1.79379,1
NP06643,1.39827,1
NP08517,2.81881,1
NP02699,0.10682,1
NP04772,0.16164,1
NP04894,0.18145,1
NP02000,0.91104,1
NP10786,2.90642,1
NP05756,0.88317,1
NP06348,-0.67423,1
NP04175,-0.82922,1
NP07451,1.32825,1
NP04673,-0.52877,1
NP01621,0.45295,1
NP07115,2.04644,1
NP01728,1.48008,1
NP10827,3.42592,1
NP06945,0.47534,1
NP04304,-0.0517,1
NP04655,-0.81209,1
NP07907,-1.1089,1
NP08251,-0.39,1
NP08256,0.91045,1
NP08491,-0.24167,1
NP10627,1.58167,1
NP07384,-0.50471,1
NP02950,-0.68448,1
NP06329,-0.0378,1
NP09766,-0.54958,1
NP03418,0.22567,1
NP01193,1.50375,1
NP00954,0.01825,1
NP03522,0.3084,1
NP01393,-0.30819,1
NP08155,-0.96963,1
NP06793,-0.50514,1
NP11299,-0.78869,1
NP02846,0.86422,1
NP07240,0.66106,1
NP06550,2.4053,1
NP02650,-0.6651,1
NP01241,-0.42434,1
NP08994,0.70621,1
NP04671,-0.5985,1
NP07228,0.02932,1
NP09676,1.96918,1
NP07047,3.66618,1
NP10697,-0.6986,1
NP04795,-0.06444,1
NP11300,-0.44664,1
NP04834,0.35603,1
NP03456,1.22914,1
NP04813,0.53103,1
NP04667,0.25985,1
NP03106,1.23176,1
NP03090,-0.15419,1
NP05158,0.23828,1
NP10646,5.97717,1
NP04754,-0.68407,1
NP02521,0.01494,1
NP07906,0.44375,1
NP01430,-0.08839,1
NP01827,-0.32844,1
NP05207,-0.33968,1
NP05109,-0.45217,1
NP02573,-0.44789,1
NP07893,-0.72437,1
NP10031,1.24514,1
NP03832,0.3964,1
NP10352,0.40696,1
NP08259,3.46698,1
NP00939,0.02294,1
NP09866,-0.02155,1
NP10273,-0.64092,1
NP07222,2.17203,1
NP10269,-0.14502,1
NP07419,-0.57394,1
NP05322,-0.84821,1
NP01239,0.15724,1
NP01256,-0.94849,1
NP00775,0.20505,1
NP02550,-0.88962,1
NP07286,-0.16367,1
NP08656,1.49997,1
NP05411,0.56693,1
NP04479,0.1375,1
NP04765,0.48351,1
NP01729,1.80006,1
NP10597,-1.22708,1
NP08907,1.13977,1
NP01041,2.36334,1
NP01050,0.36304,1
NP06648,1.04769,1
NP06333,0.0955,1
NP06554,-0.04533,1
NP08694,0.08163,1
NP04355,-1.10963,1
NP11021,-0.264,1
NP05002,-0.13311,1
NP11073,-1.1255,1
NP02669,0.07542,1
NP06890,0.13493,1
NP11239,-0.22393,1
NP04043,0.21968,1
NP10148,-0.73647,1
NP11119,0.63827,1
NP07913,-1.23005,1
NP02015,1.55013,1
NP04348,-0.56874,1
NP06173,1.50403,1
NP03455,3.25964,1
NP07654,-0.28933,1
NP07426,-0.16498,1
NP07957,0.12783,1
NP07944,-0.68586,1
NP06195,-0.34704,1
NP11068,0.90134,1
NP11294,-0.44264,1
NP01619,0.12485,1
NP06053,-0.98739,1
NP04729,-0.21735,1
NP02523,1.55846,1
NP04354,-1.06692,1
NP08862,1.12182,1
NP05751,0.1051,1
NP05765,-0.6596,1
NP07320,1.73918,1
NP07442,2.49702,1
NP04846,0.74712,1
NP05818,-0.01913,1
NP07356,2.35596,1
NP07448,-0.83161,1
NP04933,-0.64185,1
NP02827,-0.3572,1
NP04057,1.50418,1
NP05694,3.34168,1
NP09360,1.51532,1
NP09740,2.52017,1
NP01198,0.1795,1
NP07343,3.88448,1
NP09002,0.21067,1
NP02969,-0.36907,1
NP04824,0.00935,1
NP01396,-0.39948,1
NP07148,1.64353,1
NP02543,-0.47019,1
NP04342,-0.3368,1
NP11252,0.78716,1
NP04284,-0.2481,1
NP04250,-0.19205,1
NP07332,-0.44053,1
NP08154,-0.31984,1
NP04916,-0.78044,1
NP07326,-0.04044,1
NP03858,-0.86823,1
NP04851,0.29678,1
NP03534,-0.91274,1
NP11301,-1.26321,1
NP00605,2.28543,1
NP00945,-0.12321,1
NP10896,1.25502,1
NP04294,0.89529,1
NP09869,-0.85809,1
NP06877,0.52652,1
NP04917,-0.36104,1
NP08467,0.09224,1
NP06326,0.36259,1
NP00874,4.88122,1
NP07901,-0.34204,1
NP01382,-1.17277,1
NP04367,-0.07196,1
NP08163,-0.2773,1
NP04641,-0.92051,1
NP11336,-1.20296,1
NP05758,0.90937,1
NP07469,0.41819,1
NP06292,0.22448,1
NP08296,3.12296,1
NP00359,-0.58666,1
NP11156,-1.23056,1
NP06049,2.76472,1
NP11007,3.51153,1
NP04706,-0.59445,1
NP05945,-0.33403,1
NP02005,-0.84818,1
NP01490,-0.29398,1
NP02962,1.5117,1
NP00769,1.80977,1
NP04041,1.01897,1
NP06855,1.23317,1
NP05007,-0.86788,1
NP08783,0.82696,1
NP06941,0.76117,1
NP04358,-0.9713,1
NP07352,1.58781,1
NP01021,1.02548,1
NP03518,-0.5978,1
NP01470,-1.10605,1
NP09767,2.53969,1
NP02029,-1.01144,1
NP08668,-0.13454,1
NP09772,3.1647,1
NP05502,0.7247,1
NP07246,1.02454,1
NP01863,0.86036,1
NP07964,-0.75131,1
NP02298,-0.93519,1
NP03193,-0.1959,1
NP09156,-0.76461,1
NP02129,2.07635,1
NP11005,-0.49856,1
NP02529,-0.43605,1
NP11292,-1.08584,1
NP08543,0.21395,1
NP09404,1.2852,1
NP06397,0.42726,1
NP09595,3.15467,1
NP04664,-0.9353,1
NP05740,-0.21907,1
NP02647,2.23133,1
NP03481,-0.49414,1
NP10947,3.62803,1
NP05886,0.09964,1
NP04648,-0.257,1
NP07512,0.77458,1
NP06658,0.67536,1
NP02160,-0.31804,1
NP00830,2.66568,1
NP04207,-0.7765,1
NP05087,-0.18209,1
NP07042,1.63059,1
NP08200,-0.15855,1
NP01317,1.00483,1
NP06115,-0.10761,1
NP04957,0.12106,1
NP09896,-1.10663,1
NP07736,-0.35922,1
NP09750,1.42139,1
NP01319,-0.87845,1
NP11127,-1.18043,1
NP04073,0.49288,1
NP08995,-0.34562,1
NP08152,0.02691,1
NP07360,-0.18666,1
NP07489,-0.81965,1
NP05067,0.07116,1
NP02702,-0.27361,1
NP01539,-0.3129,1
NP01385,-1.23777,1
NP04637,-0.24662,1
NP07182,2.40954,1
NP04691,-1.0505,1
NP11046,0.88018,1
NP09958,-0.97967,1
NP03830,0.28977,1
NP09264,-0.13038,1
NP05182,0.76335,1
NP05436,0.7572,1
NP09036,1.77053,1
NP07504,-0.21417,1
NP06371,-0.66268,1
NP06832,0.22285,1
NP11160,-0.96634,1
NP06753,0.20019,1
NP10739,3.4873,1
NP07257,1.29684,1
NP08578,0.22188,1
NP06050,-0.74116,1
NP08466,1.51349,1
NP07588,-0.14725,1
NP08263,1.50214,1
NP07195,1.33839,1
NP05143,0.25942,1
NP11350,-1.04599,1
NP01296,0.99776,1
NP11244,-0.79588,1
NP08162,-0.67034,1
NP05693,0.42508,1
NP09438,0.29571,1
NP03131,0.53275,1
NP05434,-1.26346,1
NP01511,2.33022,1
NP01892,1.35917,1
NP07207,1.84263,1
NP06166,0.92208,1
NP06047,-0.07183,1
NP06915,1.9698,1
NP08468,0.37923,1
NP04222,-0.34815,1
NP09853,-0.45263,1
NP00356,0.11389,1
NP09957,-0.79367,1
NP04792,0.8564,1
NP07456,0.8802,1
NP06186,-0.92264,1
NP08449,1.09597,1
NP08055,2.26415,1
NP11374,-0.98426,1
NP06683,-0.38317,1
NP06318,-0.75702,1
NP07739,0.51873,1
NP03687,0.57516,1
NP01410,0.58772,1
NP08504,0.95301,1
NP02524,0.13758,1
NP07020,0.45219,1
NP07525,0.68577,1
NP04020,-0.72388,1
NP08082,-0.2937,1
NP06874,1.29617,1
NP00712,0.40012,1
NP03837,0.52282,1
NP05696,-0.30387,1
NP10730,0.57158,1
NP06897,0.16499,1
NP05173,0.24858,1
NP07471,-0.30805,1
NP01347,-0.89656,1
NP07308,-0.70874,1
NP01810,-0.21931,1
NP07008,0.18877,1
NP08576,0.24386,1
NP08541,-0.08876,1
NP05134,0.12292,1
NP06046,-0.77226,1
NP04745,-0.19343,1
NP06888,-0.5267,1
NP05162,-0.33325,1
NP01398,-0.49779,1
NP00606,-0.06344,1
NP00664,0.81829,1
NP02159,-0.46396,1
NP05381,0.95906,1
NP02783,0.16047,1
NP04374,0.37125,1
NP06567,-0.3473,1
NP08811,-0.0222,1
NP01544,0.33895,1
NP01961,-0.91242,1
NP01209,2.14955,1
NP09872,-0.57327,1
NP01424,-0.49023,1
NP01418,0.30362,1
NP08496,0.99942,1
NP09799,-0.30291,1
NP07353,0.3531,1
NP07428,-0.73693,1
NP09338,0.48959,1
NP01786,-0.7792,1
NP04878,0.1774,1
NP08332,1.01792,1
NP10785,-0.38525,1
NP09246,1.17,1
NP04639,-0.63104,1
NP00887,1.98406,1
NP02484,-0.40522,1
NP07205,-0.41532,1
NP08962,0.30348,1
NP04959,0.13776,1
NP07334,0.63931,1
NP01722,-0.34982,1
NP04771,-0.74305,1
NP01471,-0.30259,1
NP06747,-0.60609,1
NP05144,-0.65058,1
NP05086,-0.77407,1
NP03421,0.61457,1
NP08619,-0.56353,1
NP07245,2.51778,1
NP11328,-0.60606,1
NP04796,0.97068,1
NP01758,1.17737,1
NP06868,-0.05734,1
NP02031,0.78235,1
NP06105,0.93949,1
NP08474,1.94228,1
NP08837,0.96499,1
NP06613,0.5939,1
NP07287,-0.66123,1
NP03423,1.2248,1
NP00599,0.43742,1
NP07330,0.0992,1
NP01879,-1.08151,1
NP06176,-0.84783,1
NP00281,1.32221,1
NP07600,-0.6062,1
NP07948,0.2474,1
NP06662,0.6031,1
NP01720,2.17614,1
NP02232,1.53465,1
NP05941,1.23341,1
NP09380,-0.86734,1
NP09368,0.78227,1
NP04720,0.27978,1
NP03234,-0.18528,1
NP07480,-0.16076,1
NP03533,-0.23539,1
NP02067,-0.54283,1
NP07171,1.08715,1
NP07625,-1.27256,1
NP09863,2.11619,1
NP03695,0.78301,1
NP04292,0.27389,1
NP01428,-0.361,1
NP10942,2.49688,1
NP07519,1.05736,1
NP07150,-0.9165,1
NP03043,-0.44137,1
NP07256,-0.56299,1
NP04468,-0.3845,1
NP03804,-0.11347,1
NP06405,-0.41159,1
NP05165,-0.90337,1
NP09028,0.53803,1
NP04404,-0.79921,1
NP08151,0.46132,1
NP09746,0.03001,1
NP05656,-0.66363,1
NP01405,0.95916,1
NP06222,2.02101,1
NP10737,5.05438,1
NP00756,0.50126,1
NP01358,-0.85552,1
NP10626,-0.17334,1
NP07461,1.58387,1
NP02624,-0.79513,1
NP01342,-0.81257,1
NP04051,1.71117,1
NP02450,0.31551,1
NP07018,0.09846,1
NP07481,-0.90238,1
NP02443,0.44945,1
NP01526,2.52865,1
NP02690,0.57742,1
NP05483,-0.52332,1
NP09781,0.08987,1
NP08476,2.07176,1
NP04713,0.65507,1
NP07529,0.73413,1
NP02103,0.23527,1
NP05325,-0.15572,1
NP07120,0.8086,1
NP04730,-0.21432,1
NP01534,0.82355,1
NP05895,-0.65942,1
NP00338,2.01104,1
NP08408,1.0156,1
NP00780,-0.23985,1
NP09877,1.7395,1
NP08552,-0.88019,1
NP07276,1.37862,1
NP01465,-0.77778,1
NP00910,-0.9948,1
NP07293,-0.07945,1
NP04784,-1.00913,1
NP02965,-0.8939,1
NP01243,-0.86129,1
NP01978,-0.74857,1
NP06978,0.34053,1
NP04313,0.76994,1
NP01251,-0.89021,1
NP03793,-1.0321,1
NP07799,-0.16824,1
NP06685,-0.1212,1
NP07185,0.18233,1
NP04961,-0.14618,1
NP06402,1.24798,1
NP03591,-0.51338,1
NP02013,-0.91121,1
NP04278,-0.06913,1
NP07497,-0.84752,1
NP09330,3.8208,1
NP11302,-0.57381,1
NP05269,-0.35629,1
NP07225,-0.77756,1
NP05894,-0.35341,1
NP03852,-0.29892,1
NP06428,0.36922,1
NP11032,0.14017,1
NP07001,-0.18371,1
NP08247,-1.15479,1
NP09038,-0.88096,1
NP09806,0.40272,1
NP09526,2.18171,1
NP04283,0.43098,1
NP07598,-0.44063,1
NP04700,0.05172,1
NP10978,1.8785,1
NP04299,-0.07603,1
NP07119,0.73566,1
NP04280,0.05742,1
NP09642,0.93488,1
NP04938,-0.21696,1
NP11177,0.24088,1
NP07219,1.59017,1
NP06986,1.70967,1
NP05908,0.22056,1
NP08170,-0.20321,1
NP07856,-0.77304,1
NP06139,1.03699,1
NP07796,0.42403,1
NP05167,-1.25502,1
NP05311,-0.51031,1
NP03254,2.78464,1
NP06891,4.55113,1
NP07379,1.21821,1
NP07248,1.22486,1
NP02900,-0.42517,1
NP07363,0.54053,1
NP10740,1.40127,1
NP07657,-0.27395,1
NP00757,-0.19266,1
NP03033,3.29295,1
NP05883,1.53582,1
NP05221,-0.47841,1
NP09401,1.27034,1
NP06328,-0.67809,1
NP00754,-0.2752,1
NP06912,2.00879,1
NP08264,1.14063,1
NP01719,-0.45157,1
NP00593,0.3825,1
NP03426,1.56544,1
NP02686,2.03866,1
NP07083,0.78843,1
NP02792,0.39114,1
NP05884,2.11665,1
NP09716,3.46026,1
NP03847,1.83191,1
NP09272,0.36707,1
NP09894,0.09476,1
NP10780,1.76737,1
NP11295,-0.12281,1
NP04094,0.72159,1
NP07341,0.61198,1
NP02829,0.31782,1
NP04932,-1.2603,1
NP11326,-1.07497,1
NP06337,0.49694,1
NP02961,-0.5267,1
NP09636,1.38323,1
NP07402,0.056,1
NP08469,1.22013,1
NP06104,1.38281,1
NP07817,-0.41649,1
NP07016,-0.36941,1
NP03849,-0.88713,1
NP04466,-0.21828,1
NP05498,-0.79504,1
NP02942,-0.44824,1
NP03369,0.66883,1
NP01402,-0.16523,1
NP11327,-0.92592,1
NP01723,-1.03775,1
NP09670,1.51762,1
NP00059,0.99343,1
NP06717,-0.2927,1
NP10792,3.26514,1
NP03543,1.44639,1
NP01008,0.80985,1
NP05149,-0.05684,1
NP00122,1.59123,1
NP05854,-0.10688,1
NP07488,0.40295,1
NP09985,-0.77587,1
NP04373,-0.52993,1
NP10895,1.7284,1
NP09928,-0.40153,1
NP01399,-0.40333,1
NP07118,-0.47111,1
NP01129,2.40521,1
NP05729,1.68086,1
NP04928,-0.39977,1
NP10704,1.67242,1
NP04986,-0.73058,1
NP05528,0.23757,1
NP06834,-0.05407,1
NP07028,0.1877,1
NP10355,-0.61699,1
NP04282,-0.02436,1
NP09897,0.02207,1
NP04148,-0.01782,1
NP04761,0.64891,1
NP07299,1.52334,1
NP05459,1.9067,1
NP07370,1.72752,1
NP00853,1.28644,1
NP04440,1.10607,1
NP09854,-0.38765,1
NP03569,1.26508,1
NP01804,-0.9693,1
NP11315,-0.94925,1
NP07296,-1.0786,1
NP01888,2.72106,1
NP09918,1.00606,1
NP05192,-0.34655,1
NP06327,0.86665,1
NP03532,-0.34721,1
NP11372,-0.74258,1
NP07404,0.69686,1
NP11359,-1.00415,1
NP05682,4.32024,1
NP00809,4.51348,1
NP03949,-0.23622,1
NP07121,0.61242,1
NP06878,0.37634,1
NP07078,4.02073,1
NP09310,0.42766,1
NP11316,-0.40838,1
NP01896,0.09284,1
NP00791,0.63237,1
NP06944,0.82539,1
NP07849,-0.24727,1
NP01738,1.81051,1
NP04238,-0.47921,1
NP09296,1.76829,1
NP05093,0.52294,1
NP05832,-0.88262,1
NP04022,-0.54743,1
NP04762,-0.22156,1
NP07350,1.62074,1
NP05698,-0.73289,1
NP11152,-1.18351,1
NP04697,0.08999,1
NP04844,0.87811,1
NP00902,0.08476,1
NP06048,-0.37441,1
NP11298,-1.03493,1
NP07552,-0.88528,1
NP09749,0.35674,1
NP05141,-0.71428,1
NP07427,0.02131,1
NP00626,0.66513,1
NP04766,-0.51072,1
NP06700,0.31011,1
NP09203,1.38917,1
NP08539,-0.05569,1
NP00764,-0.06628,1
NP02354,0.62534,1
NP06218,0.95436,1
NP01510,-0.64027,1
NP05240,1.66522,1
NP07142,1.42697,1
NP09054,-1.16125,1
NP06715,0.67818,1
NP09794,-0.61068,1
NP07566,1.23654,1
NP00025,-0.8821,1
NP05150,0.84879,1
NP03039,-0.08724,1
NP10647,0.31887,1
NP09924,-0.57291,1
NP05124,1.21473,1
NP07476,-0.35575,1
NP07304,0.11283,1
NP05327,-0.24191,1
NP07399,-0.77259,1
NP05200,-0.30151,1
NP06141,1.04502,1
NP04393,0.44097,1
NP02080,1.13465,1
NP03417,1.56304,1
NP04996,0.45596,1
NP06393,0.33781,1
NP09039,-0.55025,1
NP07004,0.05798,1
NP08275,2.51239,1
NP01017,1.18863,1
NP09800,-0.07755,1
NP04967,-0.76967,1
NP05524,0.43496,1
NP05942,0.21767,1
NP02025,-1.00409,1
NP08510,2.48771,1
NP02053,-0.02716,1
NP07393,0.17336,1
NP08983,-0.04905,1
NP02045,-0.11035,1
NP02193,0.14006,1
NP07319,0.04391,1
NP04461,0.12768,1
NP08331,0.9227,1
NP09410,1.35665,1
NP03770,0.63856,1
NP09762,1.46006,1
NP08049,-0.0409,1
NP01791,0.04751,1
NP07307,-0.58912,1
NP00908,-0.68053,1
NP06859,0.3012,1
NP04405,-0.67367,1
NP07636,0.15149,1
NP05201,0.02238,1
NP07543,0.35725,1
NP11355,-0.81621,1
NP09954,-1.15648,1
NP01965,-0.87045,1
NP03794,-1.21593,1
NP02966,1.22642,1
NP08052,-0.02347,1
NP01154,1.02368,1
NP09707,2.0237,1
NP07460,0.91977,1
NP05930,1.48414,1
NP02595,-0.63313,1
NP08445,0.59251,1
NP02486,-0.11739,1
NP11121,0.16023,1
NP04142,1.06586,1
NP11377,-1.08876,1
NP07085,1.3705,1
NP01190,1.15423,1
NP07258,0.87493,1
NP00788,2.22124,1
NP04633,-0.51197,1
NP02295,-0.36252,1
NP09048,-0.68924,1
NP07306,0.79432,1
NP08260,1.36769,1
NP06422,-0.17195,1
NP06698,-0.92969,1
NP09037,1.60686,1
NP09729,2.96974,1
NP08556,-1.14302,1
NP02824,0.74128,1
NP02851,0.35046,1
NP11376,-1.16132,1
NP04793,0.92624,1
NP02968,1.71657,1
NP11333,-0.65991,1
NP07711,-0.15933,1
NP06430,-0.31344,1
NP11324,-0.74033,1
NP07547,-0.10334,1
NP02240,0.86229,1
NP09349,2.1757,1
NP06499,0.52788,1
NP06092,2.22264,1
NP05914,-1.01095,1
NP11335,-0.96979,1
NP03841,0.36559,1
NP09528,-0.36755,1
NP04481,1.80714,1
NP05281,0.30531,1
NP06716,1.27793,1
NP03046,1.39743,1
NP11403,-0.5194,1
NP05477,-0.62923,1
NP07704,-0.34047,1
NP05180,0.73813,1
NP01182,2.24119,1
NP06679,-0.1649,1
NP08918,1.04456,1
NP08156,-0.08329,1
NP07537,-0.54162,1
NP10687,-0.10737,1
NP04876,-0.3365,1
NP03462,0.28616,1
NP02933,-0.55473,1
NP06162,0.7435,1
NP05888,0.65234,1
NP11166,-0.74436,1
NP06191,0.00903,1
NP06130,-0.04129,1
NP03749,-0.80333,1
NP02648,0.52723,1
NP10718,-0.02216,1
NP10806,2.05608,1
NP04960,0.02342,1
NP07430,2.19697,1
NP00026,-0.85247,1
NP10659,1.61368,1
NP09400,1.06132,1
NP10796,1.19767,1
NP05622,-0.57592,1
NP11238,0.20634,1
NP03178,0.8858,1
NP04900,-0.0847,1
NP01325,-0.70231,1
NP00760,-0.92639,1
NP07549,0.43511,1
NP10882,0.70475,1
NP09893,5.19455,1
NP05570,1.55861,1
NP03551,0.4771,1
NP10753,1.62346,1
NP00062,0.17589,1
NP09804,0.34462,1
NP06702,-0.02249,1
NP05168,-0.55596,1
NP07482,1.38171,1
NP09903,-0.68539,1
NP06858,0.10392,1
NP03210,-0.41835,1
NP04366,0.29959,1
NP05767,-0.20931,1
NP07517,0.57278,1
NP03590,1.60746,1
NP06361,0.12125,1
NP04189,0.02077,1
NP11341,-0.47349,1
NP06395,0.66942,1
NP01967,-0.36819,1
NP02024,-0.47492,1
NP05122,-0.52691,1
NP01530,-0.58865,1
NP07154,2.22155,1
NP03483,-0.32648,1
NP01609,0.51694,1
NP02261,-0.3783,1
NP06272,0.41726,1
NP01370,0.25396,1
NP06876,0.36853,1
NP03571,-0.26376,1
NP06992,2.50083,1
NP02823,1.00338,1
NP03798,0.21097,1
NP04797,1.58886,1
NP00748,0.93566,1
NP04698,0.6312,1
NP04382,0.62859,1
NP01926,0.27596,1
NP07235,0.98194,1
NP03410,0.92256,1
NP06917,0.49354,1
NP04877,-0.05096,1
NP09009,-0.35312,1
NP06745,-0.25474,1
NP07338,0.03724,1
NP01890,2.34803,1
NP03116,-0.93763,1
NP07627,-0.72119,1
NP03850,1.93577,1
NP09207,1.38256,1
NP07374,1.81147,1
NP11067,-0.96252,1
NP00040,-0.82208,1
NP03748,0.48429,1
NP07070,1.25173,1
NP07970,0.17294,1
NP07477,-0.19993,1
NP06340,1.36622,1
NP08627,1.00734,1
NP08707,1.76902,1
NP04905,-0.42827,1
NP09340,0.29694,1
NP05186,0.74489,1
NP00962,-0.5707,1
NP08614,0.57325,1
NP00911,0.73534,1
NP00990,-0.33528,1
NP01188,3.77285,1
NP03843,0.79767,1
NP09900,-0.37468,1
NP08249,-1.24085,1
NP02263,-0.6614,1
NP00919,-0.53108,1
NP07473,0.30408,1
NP09342,1.77163,1
NP05108,-0.47821,1
NP04965,-0.68858,1
NP09309,-0.08703,1
NP05820,1.85038,1
NP07582,-0.71234,1
NP05030,-0.3867,1
NP06953,1.73078,1
NP07009,-0.40335,1
NP04832,0.35751,1
NP02685,-0.21295,1
NP05113,-0.43617,1
NP10732,-1.03204,1
NP10373,-0.60648,1
NP05684,-0.07822,1
NP05487,0.09441,1
NP06536,2.23326,1
NP04217,-0.38936,1
NP07518,0.80768,1
NP03424,1.02673,1
NP04860,0.45619,1
NP08545,0.60068,1
NP06398,0.84541,1
NP04801,-0.59783,1
NP00925,1.1614,1
NP09898,-0.52297,1
NP10943,2.22659,1
NP00014,-0.19104,1
NP08079,0.4545,1
NP06113,-0.44936,1
NP06355,0.01334,1
NP04952,-0.872,1
NP09429,0.00169,1
NP04977,-0.73926,1
NP03676,-0.40279,1
NP04634,-0.61404,1
NP01567,-0.41335,1
NP01326,-0.98725,1
NP06983,1.01405,1
NP09473,0.46624,1
NP01677,-1.07237,1
NP06851,1.0665,1
NP10759,1.51924,1
NP09911,-0.71643,1
NP07049,-1.18149,1
NP04205,-0.37705,1
NP10321,-0.35384,1
NP06153,-0.85549,1
NP07719,-0.35444,1
NP08658,1.18264,1
NP04804,-0.08909,1
NP06423,1.59389,1
NP01394,-1.07483,1
NP10945,2.50942,1
NP04370,-0.23866,1
NP04457,-0.15353,1
NP04717,-0.0362,1
NP02312,0.28843,1
NP01321,-1.09615,1
NP02461,0.49488,1
NP06699,-0.48922,1
NP06412,0.39979,1
NP01016,1.414,1
NP05091,0.1966,1
NP11309,-1.00043,1
NP00890,0.35317,1
NP07381,2.51822,1
NP11072,0.66363,1
NP04156,0.97029,1
NP07959,0.72653,1
NP05228,-0.96516,1
NP05828,-0.34136,1
NP01661,1.12759,1
NP06621,0.28961,1
NP06547,1.94137,1
NP00597,-0.0926,1
NP01355,-1.03448,1
NP07364,1.75567,1
NP04243,-0.45758,1
NP05183,1.77533,1
NP05826,-0.92055,1
NP10867,1.80695,1
NP10837,0.34026,1
NP04346,0.34427,1
NP00871,2.06063,1
NP06538,2.94343,1
NP11245,-0.9571,1
NP02006,-0.94098,1
NP06211,-0.28973,1
NP01515,0.17392,1
NP02522,-0.7283,1
NP09359,1.02539,1
NP07041,1.21919,1
NP06936,0.96199,1
NP06314,1.15268,1
NP07848,-0.36676,1
NP07961,-0.84398,1
NP00875,3.55452,1
NP01478,-0.07699,1
NP06653,0.70919,1
NP02687,0.43997,1
NP06125,1.67048,1
NP08140,0.8879,1
NP04644,-0.55364,1
NP04703,-0.78201,1
NP01500,-0.56512,1
NP06705,0.3214,1
NP09434,0.01036,1
NP06908,0.42859,1
NP05140,-0.37094,1
NP06335,2.59545,1
NP07978,0.86692,1
NP03430,1.45511,1
NP06975,-0.38625,1
NP05213,0.5407,1
NP06795,0.17928,1
NP04645,-0.75997,1
NP05692,-0.06213,1
NP06856,0.26045,1
NP00815,4.68785,1
NP06670,0.87616,1
NP01320,-0.7542,1
NP09369,-0.84649,1
NP07025,-0.7153,1
NP04455,-0.76515,1
NP07072,1.48558,1
NP06036,1.15491,1
NP01811,-0.61219,1
NP07125,-0.25047,1
NP06052,0.72832,1
NP05001,0.35147,1
NP07396,0.58276,1
NP11158,0.25763,1
NP01203,0.1852,1
NP04179,1.99279,1
NP07131,-0.71554,1
NP03588,0.21975,1
NP00818,2.6523,1
NP09780,-0.09919,1
NP03758,2.8246,1
NP02101,0.28453,1
NP01493,-0.25047,1
NP09633,-0.92096,1
NP07960,-0.61347,1
NP06188,3.34917,1
NP01131,4.53876,1
NP03546,-1.15767,1
NP08456,-0.38292,1
NP03714,0.48448,1
NP02169,-0.38486,1
NP03070,0.0309,1
NP04066,-0.13388,1
NP01156,1.77765,1
NP07641,-0.52804,1
NP06325,2.06425,1
NP06875,0.73683,1
NP06407,0.56215,1
NP02973,0.07446,1
NP08405,1.51681,1
NP05114,-0.32512,1
NP07678,-0.699,1
NP01174,4.99873,1
NP05282,-0.59766,1
NP06729,2.22993,1
NP03641,1.83286,1
NP08616,0.3961,1
NP05778,2.91033,1
NP06972,0.36099,1
NP05075,-0.17421,1
NP05132,-0.28682,1
NP03422,1.22213,1
NP06786,-0.38537,1
NP04935,-0.87051,1
NP04992,-0.28844,1
NP00950,-0.17279,1
NP01660,2.44079,1
NP08145,1.71816,1
NP02149,0.80194,1
NP04710,-0.21673,1
NP05119,-1.1418,1
NP09793,-0.95474,1
NP09616,-0.56233,1
NP05935,2.85725,1
NP08509,4.11898,1
NP07440,0.24755,1
NP07411,-0.10076,1
NP08229,2.07292,1
NP01246,-1.05231,1
NP07367,0.2423,1
