,TM_tend,y
Neg_446,-0.59126,0
Neg_2228,-1.29019,0
Neg_2386,-1.38589,0
Neg_2835,1.89586,0
Neg_2149,-0.93968,0
Neg_2248,-0.82801,0
Neg_2739,0.2497,0
Neg_2580,0.40691,0
Neg_2765,-1.32269,0
Neg_939,-0.42372,0
Neg_1859,0.74969,0
Neg_1088,-1.07975,0
Neg_448,0.53766,0
Neg_2831,-1.10805,0
Neg_358,0.04111,0
Neg_2287,-0.32776,0
Neg_2597,1.11036,0
Neg_2648,-0.64082,0
Neg_152,-1.2624,0
Neg_2086,0.63358,0
Neg_966,0.22911,0
Neg_2081,-0.62214,0
Neg_2579,0.07277,0
Neg_542,-0.96814,0
Neg_270,-0.13479,0
Neg_447,2.63784,0
Neg_2242,-0.0555,0
Neg_1615,-0.44849,0
Neg_103,-0.35754,0
Neg_1048,-1.133,0
Neg_628,-0.77088,0
Neg_2169,1.17191,0
Neg_599,-0.56139,0
Neg_2490,0.4913,0
Neg_62,-0.6566,0
Neg_1129,-0.51904,0
Neg_190,2.06244,0
Neg_1522,-0.00228,0
Neg_165,0.29439,0
Neg_1152,-0.88425,0
Neg_217,0.17268,0
Neg_1140,-0.44915,0
Neg_2378,-0.34214,0
Neg_1569,-0.31766,0
Neg_662,-1.23008,0
Neg_688,1.72424,0
Neg_541,1.29364,0
Neg_624,-0.12804,0
Neg_2108,-0.47394,0
Neg_2808,-0.94101,0
Neg_2794,-0.93551,0
Neg_2286,0.16281,0
Neg_373,-0.77048,0
Neg_2612,-0.75306,0
Neg_937,0.23716,0
Neg_1345,-0.25744,0
Neg_2671,-0.39502,0
Neg_2855,0.46376,0
Neg_279,-0.67075,0
Neg_706,0.32483,0
Neg_2921,-0.86589,0
Neg_994,-0.10861,0
Neg_2453,-0.55956,0
Neg_2074,-0.46911,0
Neg_1803,-0.73578,0
Neg_653,0.67236,0
Neg_1943,0.25328,0
Neg_1283,-1.11475,0
Neg_1383,-0.80846,0
Neg_325,-0.73918,0
Neg_2702,-1.31392,0
Neg_2180,-0.69328,0
Neg_585,0.60077,0
Neg_2047,-0.47804,0
Neg_2392,-0.32197,0
Neg_919,1.50009,0
Neg_2566,-0.13898,0
Neg_404,0.79216,0
Neg_953,-0.66917,0
Neg_1257,-0.56924,0
Neg_1680,-1.09752,0
Neg_1098,4.11109,0
Neg_1404,0.22582,0
Neg_79,-0.1173,0
Neg_2483,0.10175,0
Neg_2866,1.70755,0
Neg_133,0.19317,0
Neg_1514,0.79078,0
Neg_1790,-0.46733,0
Neg_2219,-1.38696,0
Neg_2758,-0.10661,0
Neg_621,0.32342,0
Neg_904,1.70261,0
Neg_736,-0.93914,0
Neg_431,-1.00392,0
Neg_2469,-0.43047,0
Neg_2895,0.02263,0
Neg_202,-0.39907,0
Neg_478,0.98948,0
Neg_1929,-0.70635,0
Neg_1179,-0.78216,0
Neg_116,-0.48791,0
Neg_2854,0.53216,0
Neg_2229,0.06833,0
Neg_301,2.06397,0
Neg_2264,-0.03324,0
Neg_58,-0.28322,0
Neg_37,0.2336,0
Neg_1299,1.0356,0
Neg_2238,1.50683,0
Neg_1065,-1.13637,0
Neg_2393,-0.05007,0
Neg_1063,-0.33999,0
Neg_2681,0.20425,0
Neg_1206,-0.1722,0
Neg_926,-0.51061,0
Neg_1834,1.78605,0
Neg_219,-0.1566,0
Neg_1051,-0.71303,0
Neg_2732,0.4107,0
Neg_22,2.57876,0
Neg_2672,-0.54343,0
Neg_1925,-0.89745,0
Neg_1046,1.59443,0
Neg_2602,-1.38454,0
Neg_2626,-0.74528,0
Neg_664,-0.34467,0
Neg_1033,-0.51335,0
Neg_1541,-0.57286,0
Neg_352,-1.35897,0
Neg_2763,1.36095,0
Neg_2198,-0.47448,0
Neg_260,0.54485,0
Neg_743,-0.81195,0
Neg_1798,1.23429,0
Neg_805,-0.35486,0
Neg_2446,-0.32931,0
Neg_1456,0.70609,0
Neg_853,1.44096,0
Neg_1866,-0.2975,0
Neg_1972,-0.69834,0
Neg_1250,-0.12725,0
Neg_2893,0.04439,0
Neg_415,-0.22639,0
Neg_2440,0.55807,0
Neg_1947,-0.76858,0
Neg_2296,-1.3628,0
Neg_1491,-1.27485,0
Neg_1592,-0.53554,0
Neg_833,-1.22449,0
Neg_2254,1.5019,0
Neg_2786,1.077,0
Neg_1307,-0.01551,0
Neg_1022,0.0505,0
Neg_2289,-0.21238,0
Neg_2564,-1.19511,0
Neg_1131,-0.80506,0
Neg_2814,-1.06826,0
Neg_2346,-0.83029,0
Neg_2538,0.62582,0
Neg_503,1.0302,0
Neg_614,-0.50476,0
Neg_2227,0.03348,0
Neg_1977,-0.89079,0
Neg_1151,-0.3858,0
Neg_2315,-0.26585,0
Neg_1180,-0.69491,0
Neg_308,0.20935,0
Neg_1426,-1.07076,0
Neg_12,-1.39211,0
Neg_506,-0.17264,0
Neg_136,-0.94953,0
Neg_378,0.45208,0
Neg_2058,-0.53603,0
Neg_2336,-0.66925,0
Neg_2220,-1.11846,0
Neg_262,-1.33104,0
Neg_1888,0.86318,0
Neg_2552,-0.73441,0
Neg_1340,-0.32684,0
Neg_1753,1.07187,0
Neg_941,-0.78466,0
Neg_689,-0.664,0
Neg_403,-0.93062,0
Neg_2524,-0.77233,0
Neg_1006,-0.72457,0
Neg_89,1.00837,0
Neg_1956,0.96611,0
Neg_2723,-0.86348,0
Neg_34,-0.31496,0
Neg_757,0.43222,0
Neg_1170,0.21105,0
Neg_1405,-0.83961,0
Neg_1634,-0.05045,0
Neg_835,-0.19738,0
Neg_1809,-1.17648,0
Neg_296,-0.33894,0
Neg_1989,-1.06674,0
Neg_636,-0.5013,0
Neg_1350,0.23085,0
Neg_160,-0.57754,0
Neg_1524,-1.05402,0
Neg_836,-0.85489,0
Neg_1885,-1.02158,0
Neg_1723,-0.63645,0
Neg_1139,-0.75341,0
Neg_531,-0.44312,0
Neg_131,-0.79312,0
Neg_226,-0.19103,0
Neg_2031,-1.23091,0
Neg_1050,-0.18169,0
Neg_2215,0.52716,0
Neg_1008,0.92612,0
Neg_755,-0.05522,0
Neg_1309,1.69611,0
Neg_1348,-0.89658,0
Neg_2829,-0.37084,0
Neg_1281,-0.3966,0
Neg_2879,-0.64632,0
Neg_2182,-1.1993,0
Neg_513,1.61629,0
Neg_2222,-1.25162,0
Neg_2348,-1.2579,0
Neg_549,1.28106,0
Neg_2669,1.18056,0
Neg_1248,0.16175,0
Neg_19,-0.28904,0
Neg_1763,-1.43672,0
Neg_2832,-0.51659,0
Neg_1992,-0.92233,0
Neg_2675,-0.1859,0
Neg_203,-0.34676,0
Neg_2314,-0.56598,0
Neg_460,-0.77401,0
Neg_248,-1.07223,0
Neg_418,-0.62427,0
Neg_1007,-1.20641,0
Neg_2178,-0.83208,0
Neg_537,-1.35065,0
Neg_97,-0.86673,0
Neg_1719,0.33984,0
Neg_1777,-0.30441,0
Neg_771,-0.47949,0
Neg_2070,-0.34287,0
Neg_1418,-0.37604,0
Neg_1167,-1.30258,0
Neg_2477,-0.69135,0
Neg_715,-0.78213,0
Neg_616,-0.47751,0
Neg_558,0.11571,0
Neg_64,0.2586,0
Neg_1316,0.50814,0
Neg_1507,-0.24815,0
Neg_1101,-1.11032,0
Neg_1796,-1.1488,0
Neg_1223,-0.8943,0
Neg_538,-0.02441,0
Neg_302,-0.79561,0
Neg_200,-0.82227,0
Neg_1730,-0.52942,0
Neg_876,-1.25699,0
Neg_326,0.82883,0
Neg_1436,-1.37576,0
Neg_727,-0.81044,0
Neg_1831,-0.61786,0
Neg_900,0.26751,0
Neg_1637,-0.67229,0
Neg_2635,0.23273,0
Neg_2454,-0.74656,0
Neg_1216,-0.36712,0
Neg_2191,-0.35565,0
Neg_1275,-0.09496,0
Neg_2151,-0.99563,0
Neg_1402,2.022,0
Neg_717,-0.31531,0
Neg_1862,-1.17483,0
Neg_158,0.13217,0
Neg_1740,0.12576,0
Neg_1424,-0.7168,0
Neg_943,1.55434,0
Neg_1688,-0.30641,0
Neg_148,-0.49091,0
Neg_2796,-1.01341,0
Neg_1887,0.13482,0
Neg_2811,-0.95088,0
Neg_859,-0.90542,0
Neg_2155,-0.66087,0
Neg_2045,-1.43454,0
Neg_1104,0.06545,0
Neg_2638,-0.72255,0
Neg_962,-0.65173,0
Neg_2828,-0.64002,0
Neg_1944,-0.32184,0
Neg_523,1.99192,0
Neg_1319,0.37164,0
Neg_562,-1.40186,0
Neg_2456,-0.78712,0
Neg_1500,0.37421,0
Neg_1913,0.44216,0
Neg_286,0.0523,0
Neg_2871,-0.01094,0
Neg_456,-0.977,0
Neg_984,0.7398,0
Neg_1837,-0.07985,0
Neg_2617,-1.30097,0
Neg_139,0.06734,0
Neg_1815,-0.26105,0
Neg_1157,-0.13636,0
Neg_1317,-0.0491,0
Neg_2405,-0.36305,0
Neg_45,-0.98712,0
Neg_1797,-0.94665,0
Neg_2769,-0.8152,0
Neg_1390,-0.66053,0
Neg_1018,-0.85127,0
Neg_602,-1.11703,0
Neg_182,-1.00196,0
Neg_1056,0.67224,0
Neg_2567,-0.49992,0
Neg_849,-0.27974,0
Neg_2338,0.86949,0
Neg_422,-0.8924,0
Neg_1421,0.20096,0
Neg_2439,-0.34228,0
Neg_563,0.00489,0
Neg_1622,0.55479,0
Neg_1578,-0.22404,0
Neg_1939,-0.55449,0
Neg_163,-0.75002,0
Neg_287,1.41251,0
Neg_787,-0.13613,0
Neg_1846,-0.48503,0
Neg_1280,-1.53696,0
Neg_1918,0.19548,0
Neg_999,0.5087,0
Neg_314,-0.80358,0
Neg_2192,-0.88724,0
Neg_605,-0.78152,0
Neg_413,0.79153,0
Neg_1861,-0.57569,0
Neg_342,2.98717,0
Neg_398,-0.90128,0
Neg_96,-1.046,0
Neg_1924,0.74418,0
Neg_592,1.18999,0
Neg_1985,0.2307,0
Neg_1045,-0.32597,0
Neg_2542,0.79721,0
Neg_2165,-0.62883,0
Neg_1526,-0.60516,0
Neg_2709,-0.41787,0
Neg_2230,-0.42979,0
Neg_2137,-0.19825,0
Neg_2068,-0.30985,0
Neg_2163,-0.03253,0
Neg_2247,-0.60566,0
Neg_529,-0.67918,0
Neg_936,-0.61475,0
Neg_2418,-1.0784,0
Neg_2487,-0.07823,0
Neg_703,0.85486,0
Neg_1742,-0.67538,0
Neg_305,-0.80756,0
Neg_1078,-0.32517,0
Neg_1672,-1.24437,0
Neg_2568,-0.16938,0
Neg_1911,-0.6552,0
Neg_2397,-0.94971,0
Neg_992,-1.29487,0
Neg_1161,-0.04379,0
Neg_2581,0.16267,0
Neg_701,-0.51556,0
Neg_464,-0.88556,0
Neg_1692,-0.06293,0
Neg_774,0.0464,0
Neg_2620,-1.32342,0
Neg_979,-1.46594,0
Neg_2827,-1.09595,0
Neg_2729,-0.08976,0
Neg_2277,0.10684,0
Neg_1632,-0.77765,0
Neg_2756,2.27897,0
Neg_1898,-0.92522,0
Neg_1391,-0.28377,0
Neg_1059,-0.52076,0
Neg_1746,-0.64292,0
Neg_1847,-0.38266,0
Neg_1490,-0.58053,0
Neg_450,3.10358,0
Neg_1448,-0.39035,0
Neg_2410,-0.0731,0
Neg_1301,-0.602,0
Neg_696,-0.38984,0
Neg_2757,-0.21233,0
Neg_815,-0.78451,0
Neg_890,-0.30088,0
Neg_2049,-1.11015,0
Neg_634,-0.63411,0
Neg_1241,-0.53741,0
Neg_1265,-0.08093,0
Neg_1145,-0.9117,0
Neg_364,1.77069,0
Neg_2428,-0.19719,0
Neg_2873,-0.95432,0
Neg_2762,-0.55719,0
Neg_1932,-0.44945,0
Neg_218,0.21503,0
Neg_1471,-0.95215,0
Neg_211,-0.41932,0
Neg_88,-0.39867,0
Neg_1800,-0.87339,0
Neg_1995,-0.41096,0
Neg_2231,0.29615,0
Neg_1090,0.16207,0
Neg_1457,0.01739,0
Neg_795,0.01122,0
Neg_1614,0.68475,0
Neg_732,-1.39219,0
Neg_2025,-0.27084,0
Neg_2088,-0.16061,0
Neg_2527,-0.57423,0
Neg_2021,-0.80641,0
Neg_2570,0.36641,0
Neg_215,-0.24211,0
Neg_2516,-1.11066,0
Neg_1712,-1.44406,0
Neg_2010,-0.67174,0
Neg_1285,0.23433,0
Neg_2834,-0.48053,0
Neg_2013,0.13296,0
Neg_945,-1.35727,0
Neg_1787,-1.05856,0
Neg_935,-0.17742,0
Neg_2099,-0.26764,0
Neg_2179,-0.28549,0
Neg_2726,-0.56944,0
Neg_1484,-0.90217,0
Neg_2381,-0.55751,0
Neg_1458,-0.98433,0
Neg_216,0.64133,0
Neg_2725,0.55684,0
Neg_406,-0.96608,0
Neg_1363,-0.75309,0
Neg_1311,-0.55757,0
Neg_1149,3.02101,0
Neg_1218,-0.23215,0
Neg_1597,-0.67093,0
Neg_2745,-0.31213,0
Neg_1477,-0.80516,0
Neg_2803,0.57398,0
Neg_104,0.1467,0
Neg_1900,-0.72289,0
Neg_2586,-1.12762,0
Neg_2050,-1.01254,0
Neg_1069,2.41861,0
Neg_336,-0.52689,0
Neg_2260,-0.88036,0
Neg_1733,-0.49774,0
Neg_1555,0.80679,0
Neg_2329,0.67256,0
Neg_1878,0.66221,0
Neg_1893,-0.88626,0
Neg_1716,-0.5125,0
Neg_2322,0.89001,0
Neg_101,-1.03016,0
Neg_16,-0.32853,0
Neg_31,-0.21049,0
Neg_240,1.15067,0
Neg_1117,-1.19783,0
Neg_2262,-0.04458,0
Neg_2861,-0.51693,0
Neg_1225,-0.50559,0
Neg_261,-0.49381,0
Neg_609,0.09631,0
Neg_1352,-0.38682,0
Neg_733,1.56159,0
Neg_2593,-0.28507,0
Neg_2259,0.40074,0
Neg_1785,-0.60229,0
Neg_847,-0.84841,0
Neg_684,-1.244,0
Neg_1411,-0.79179,0
Neg_680,0.05009,0
Neg_502,-0.40768,0
Neg_1097,-0.085,0
Neg_1826,-0.82642,0
Neg_702,-0.89096,0
Neg_1626,-1.31618,0
Neg_2358,-0.27802,0
Neg_1026,-0.39593,0
Neg_82,-1.03004,0
Neg_509,-0.24338,0
Neg_1235,-1.14228,0
Neg_2118,-0.00932,0
Neg_1303,-0.63087,0
Neg_72,-0.72006,0
Neg_1147,0.24913,0
Neg_2437,1.40872,0
Neg_1770,-1.13424,0
Neg_177,-0.16881,0
Neg_978,-0.07318,0
Neg_724,2.05471,0
Neg_1766,-0.18963,0
Neg_868,-1.37008,0
Neg_1825,-0.67067,0
Neg_2020,-0.81401,0
Neg_1628,-0.09622,0
Neg_892,-1.15233,0
Neg_2692,1.15999,0
Neg_512,-0.31842,0
Neg_2128,-1.19861,0
Neg_1647,0.89232,0
Neg_2419,1.59102,0
Neg_2659,-0.08242,0
Neg_1214,-0.78609,0
Neg_411,0.25996,0
Neg_2321,-0.43284,0
Neg_1384,0.75966,0
Neg_1489,-1.25174,0
Neg_2666,-0.62527,0
Neg_1905,-0.98735,0
Neg_55,0.12372,0
Neg_1178,0.53566,0
Neg_2369,-0.05746,0
Neg_1,-0.25637,0
Neg_1999,1.81955,0
Neg_1883,-0.87251,0
Neg_1643,1.39516,0
Neg_2885,2.31667,0
Neg_1786,-1.09394,0
Neg_1933,-0.80578,0
Neg_814,-0.01395,0
Neg_1593,0.36318,0
Neg_1298,-0.29734,0
Neg_285,-0.65032,0
Neg_2792,0.29629,0
Neg_2154,-1.07446,0
Neg_1689,-1.469,0
Neg_603,0.12093,0
Neg_1021,0.36379,0
Neg_1820,-0.30162,0
Neg_222,-1.1671,0
Neg_256,1.47613,0
Neg_704,-0.23806,0
Neg_144,-0.98962,0
Neg_2067,-1.19807,0
Neg_1406,-0.13595,0
Neg_2616,-0.02847,0
Neg_648,0.31271,0
Neg_2774,-0.48701,0
Neg_292,-0.63857,0
Neg_2667,-0.30875,0
Neg_257,-0.36103,0
Neg_1768,-1.4306,0
Neg_2249,-0.53416,0
Neg_779,-1.25595,0
Neg_2513,-0.93699,0
Neg_2425,-1.11754,0
Neg_2272,-0.27211,0
Neg_361,-0.32249,0
Neg_1745,2.47663,0
Neg_2902,-0.53722,0
Neg_808,-0.29336,0
Neg_407,-0.87355,0
Neg_191,-0.75142,0
Neg_1737,-0.97857,0
Neg_1001,-1.37394,0
Neg_2120,-0.65764,0
Neg_960,-0.85082,0
Neg_1356,-1.29022,0
Neg_1764,1.32069,0
Neg_901,0.37938,0
Neg_2556,-1.26334,0
Neg_303,-1.12236,0
Neg_654,-0.55391,0
Neg_251,-1.05334,0
Neg_1958,-0.91624,0
Neg_2857,-1.04261,0
Neg_1824,-0.92301,0
Neg_9,1.19062,0
Neg_1397,-0.7779,0
Neg_1841,0.19949,0
Neg_1197,-0.27829,0
Neg_1357,-0.97017,0
Neg_2898,-1.44331,0
Neg_2132,1.19047,0
Neg_647,-0.25142,0
Neg_2646,0.78685,0
Neg_476,-0.6012,0
Neg_231,-0.26695,0
Neg_451,-1.19579,0
Neg_1073,1.28376,0
Neg_7,-0.52552,0
Neg_1877,-0.65643,0
Neg_2912,-0.20032,0
Neg_1968,-0.24012,0
Neg_2590,0.07934,0
Neg_2781,-1.12146,0
Neg_940,1.8081,0
Neg_459,-1.01284,0
Neg_1657,-0.31593,0
Neg_2544,0.14492,0
Neg_2345,-0.9374,0
Neg_2406,-0.82629,0
Neg_2060,-1.0677,0
Neg_2697,0.16132,0
Neg_1979,-0.80097,0
Neg_875,1.40088,0
Neg_798,-0.61189,0
Neg_2520,0.88675,0
Neg_2252,-1.2173,0
Neg_1502,-0.50652,0
Neg_2316,-0.97382,0
Neg_2282,-0.84107,0
Neg_2664,-0.92416,0
Neg_1274,2.4036,0
Neg_1290,-0.05718,0
Neg_299,-0.53626,0
Neg_2528,-0.90854,0
Neg_1387,-1.30656,0
Neg_13,-0.54352,0
Neg_586,-0.61182,0
Neg_1691,-0.47887,0
Neg_629,-1.41432,0
Neg_1089,-0.93823,0
Neg_2884,-0.48573,0
Neg_2610,-1.38214,0
Neg_470,-0.70485,0
Neg_1649,0.46937,0
Neg_1177,-0.63166,0
Neg_2447,0.90797,0
Neg_10,0.79501,0
Neg_2623,-0.49925,0
Neg_265,2.47324,0
Neg_273,2.0665,0
Neg_2305,0.16911,0
Neg_915,-0.146,0
Neg_1945,-0.70339,0
Neg_961,-0.95854,0
Neg_2662,-0.37357,0
Neg_1146,-0.8275,0
Neg_1137,-0.0287,0
Neg_41,-0.3524,0
Neg_1496,-0.39637,0
Neg_2270,-1.16556,0
Neg_1721,-0.85336,0
Neg_2196,-0.0562,0
Neg_1988,-0.68396,0
Neg_2464,-1.24297,0
Neg_521,-0.95476,0
Neg_1062,-0.213,0
Neg_899,-0.44518,0
Neg_374,-0.99864,0
Neg_2106,0.35327,0
Neg_3,-0.91942,0
Neg_405,0.99923,0
Neg_1873,-0.81075,0
Neg_2506,-0.57367,0
Neg_2777,-0.68849,0
Neg_762,-0.85695,0
Neg_401,0.02311,0
Neg_1801,2.01648,0
Neg_2863,-0.61867,0
Neg_2412,-0.1404,0
Neg_1094,-1.17554,0
Neg_1795,-0.40444,0
Neg_1144,-1.40193,0
Neg_1201,-0.47027,0
Neg_2435,-0.25868,0
Neg_252,-0.39718,0
Neg_2676,-0.47773,0
Neg_322,0.67799,0
Neg_1525,-0.80711,0
Neg_1228,-0.36219,0
Neg_2042,-0.75147,0
Neg_2308,-0.6551,0
Neg_2157,-0.91634,0
Neg_2159,-0.68997,0
Neg_2734,-0.11017,0
Neg_1207,0.03353,0
Neg_120,-0.15537,0
Neg_2631,-0.49388,0
Neg_595,-1.14819,0
Neg_993,-0.34286,0
Neg_1596,1.16871,0
Neg_2868,-0.06661,0
Neg_579,0.77314,0
Neg_1663,0.14229,0
Neg_1040,0.44445,0
Neg_2240,-0.89861,0
Neg_2349,-1.3101,0
Neg_2207,-0.86609,0
Neg_1153,1.0183,0
Neg_580,0.70543,0
Neg_2390,0.56001,0
Neg_1683,0.16361,0
Neg_2601,-0.17576,0
Neg_2888,-0.62602,0
Neg_1121,-0.07472,0
Neg_2688,-1.05119,0
Neg_1493,0.76786,0
Neg_1272,-1.10077,0
Neg_1242,-0.51068,0
Neg_1292,1.17877,0
Neg_2398,-0.78603,0
Neg_1990,0.49334,0
Neg_2241,2.5617,0
Neg_508,-1.04492,0
Neg_307,-0.68852,0
Neg_2448,-0.7121,0
Neg_600,-0.78616,0
Neg_601,-0.94903,0
Neg_1217,0.07406,0
Neg_839,0.58056,0
Neg_682,-0.00109,0
Neg_2187,-0.48835,0
Neg_2821,-0.74168,0
Neg_2789,-1.22341,0
Neg_169,0.36424,0
Neg_320,-1.09012,0
Neg_2889,-0.87225,0
Neg_17,-0.22919,0
Neg_1714,-1.30365,0
Neg_2605,0.83178,0
Neg_1527,-0.38635,0
Neg_83,-0.05719,0
Neg_2246,-0.84162,0
Neg_114,0.95751,0
Neg_1808,0.00358,0
Neg_958,2.41563,0
Neg_2093,-0.60457,0
Neg_1561,-1.4952,0
Neg_1870,-0.57649,0
Neg_1335,-0.75001,0
Neg_1574,-0.76755,0
Neg_2188,-0.74429,0
Neg_608,0.41459,0
Neg_1240,-0.32155,0
Neg_2628,-0.77758,0
Neg_1855,-1.43968,0
Neg_1793,-0.3596,0
Neg_2263,-0.42712,0
Neg_2400,0.38209,0
Neg_1583,0.60307,0
Neg_410,1.94976,0
Neg_2849,-0.16836,0
Neg_1389,-0.87141,0
Neg_130,-0.34553,0
Neg_2784,-1.21302,0
Neg_2759,0.24029,0
Neg_2148,1.71395,0
Neg_2886,-0.43841,0
Neg_903,-0.57393,0
Neg_2844,-0.2863,0
Neg_1071,-0.23555,0
Neg_2491,1.12655,0
Neg_2731,0.44421,0
Neg_1497,-0.4065,0
Neg_2096,-1.06855,0
Neg_2234,-0.77152,0
Neg_263,-1.15901,0
Neg_2409,0.55714,0
Neg_171,0.21882,0
Neg_2185,0.11694,0
Neg_1630,-0.68768,0
Neg_239,0.08047,0
Neg_933,-0.15399,0
Neg_2276,-0.73766,0
Neg_2707,-0.25895,0
Neg_1971,2.18929,0
Neg_293,1.05653,0
Neg_766,-0.73517,0
Neg_1208,-0.05969,0
Neg_1076,-0.87916,0
Neg_2860,-0.68022,0
Neg_2048,0.81512,0
Neg_837,0.97179,0
Neg_2085,-1.03548,0
Neg_1812,-0.57161,0
Neg_659,-0.64933,0
Neg_2775,-0.81022,0
Neg_807,-0.88425,0
Neg_379,-0.62733,0
Neg_683,-0.5113,0
Neg_2124,-0.50336,0
Neg_1239,-1.11567,0
Neg_1478,0.27805,0
Neg_711,-0.70267,0
Neg_1422,-0.09954,0
Neg_2642,-0.53608,0
Neg_2243,-1.36735,0
Neg_419,-0.13861,0
Neg_2335,0.02937,0
Neg_708,-0.81266,0
Neg_2224,-0.89907,0
Neg_75,-1.0599,0
Neg_1927,0.07605,0
Neg_396,-1.19171,0
Neg_2062,-0.72215,0
Neg_1758,-0.38225,0
Neg_1696,-0.98051,0
Neg_1938,-0.84844,0
Neg_2212,-0.8391,0
Neg_491,0.02558,0
Neg_857,-0.69101,0
Neg_2686,-0.48152,0
Neg_2549,-0.69675,0
Neg_465,-1.21521,0
Neg_214,0.31964,0
Neg_1450,-0.67651,0
Neg_2311,-0.93868,0
Neg_566,-0.85951,0
Neg_1468,-0.38832,0
Neg_324,-0.63748,0
Neg_1106,-1.42286,0
Neg_1455,-0.40542,0
Neg_1775,-0.80058,0
Neg_2533,-0.54961,0
Neg_84,-0.20882,0
Neg_2087,1.05084,0
Neg_454,-0.63526,0
Neg_1320,-0.62455,0
Neg_534,-1.39637,0
Neg_2600,-0.70269,0
Neg_2303,-0.04469,0
Neg_1332,-0.58364,0
Neg_1096,0.01333,0
Neg_278,-1.03846,0
Neg_2916,0.33714,0
Neg_365,-0.73585,0
Neg_929,-0.59019,0
Neg_955,-0.65304,0
Neg_1510,0.51511,0
Neg_974,-0.20814,0
Neg_2768,-0.54385,0
Neg_1142,2.13998,0
Neg_1174,-0.51993,0
Neg_848,-0.22621,0
Neg_991,-0.74644,0
Neg_565,-0.75382,0
Neg_1973,-0.32638,0
Neg_1172,0.05952,0
Neg_2450,-0.00972,0
Neg_2795,-0.96424,0
Neg_33,-1.23174,0
Neg_2216,-0.95732,0
Neg_2359,2.82762,0
Neg_515,-0.39354,0
Neg_208,-0.90134,0
Neg_2503,0.12641,0
Neg_2396,-0.26489,0
Neg_1670,1.05158,0
Neg_8,-1.23234,0
Neg_1802,-1.10725,0
Neg_1617,-0.84414,0
Neg_1353,-0.66486,0
Neg_917,-0.73826,0
Neg_1912,-0.64915,0
Neg_2647,-1.16379,0
Neg_2682,-0.41822,0
Neg_1130,0.753,0
Neg_1914,0.02882,0
Neg_1659,-0.04696,0
Neg_1233,-1.45164,0
Neg_2379,-0.36711,0
Neg_1832,-1.06425,0
Neg_1156,-1.12423,0
Neg_2258,-0.20543,0
Neg_461,0.41521,0
Neg_1432,-0.85679,0
Neg_1840,-0.51132,0
Neg_51,-0.09823,0
Neg_2078,-0.61751,0
Neg_1658,-0.78442,0
Neg_1291,-0.8184,0
Neg_2421,-1.35517,0
Neg_1107,-1.10548,0
Neg_57,-0.38036,0
Neg_56,-0.06941,0
Neg_1535,1.42013,0
Neg_728,-0.39484,0
Neg_612,0.26961,0
Neg_1789,0.42251,0
Neg_2923,0.69455,0
Neg_998,-0.97272,0
Neg_2027,1.14961,0
Neg_1120,-0.58505,0
Neg_938,0.10679,0
Neg_1639,-0.28689,0
Neg_1380,-1.06224,0
Neg_995,-1.0934,0
Neg_274,0.70553,0
Neg_1731,0.03193,0
Neg_1423,-0.03131,0
Neg_1720,-0.8087,0
Neg_1176,-1.33134,0
Neg_298,0.12084,0
Neg_1494,0.03784,0
Neg_2041,-0.59083,0
Neg_2033,-0.55899,0
Neg_1010,-0.19754,0
Neg_964,-0.07789,0
Neg_735,-0.62871,0
Neg_245,0.06165,0
Neg_317,-1.07516,0
Neg_1277,-0.25352,0
Neg_213,-0.97504,0
Neg_109,0.90675,0
Neg_1604,0.55614,0
Neg_2004,-0.17703,0
Neg_1848,-0.18202,0
Neg_1998,-0.42604,0
Neg_968,-0.12713,0
Neg_1860,-1.22322,0
Neg_854,-0.08209,0
Neg_229,-1.1444,0
Neg_397,-0.50483,0
Neg_1864,0.30328,0
Neg_2553,0.0337,0
Neg_1504,-0.03799,0
Neg_2824,-1.04422,0
Neg_20,0.65872,0
Neg_1594,0.12185,0
Neg_2657,-0.4516,0
Neg_1823,-1.40629,0
Neg_2352,-1.19016,0
Neg_675,-0.72068,0
Neg_38,0.61657,0
Neg_2630,1.734,0
Neg_1313,-1.06554,0
Neg_2083,-0.41318,0
Neg_224,0.37046,0
Neg_1271,-1.26268,0
Neg_2404,1.10202,0
Neg_91,-0.31506,0
Neg_2318,-0.63959,0
Neg_2034,0.03678,0
Neg_2914,0.20765,0
Neg_2749,-0.40486,0
Neg_1143,-1.1196,0
Neg_80,-1.12747,0
Neg_289,0.54641,0
Neg_1262,0.42852,0
Neg_2269,0.37218,0
Neg_922,-1.345,0
Neg_1843,-0.27009,0
Neg_40,-0.06059,0
Neg_1771,-0.29817,0
Neg_1068,-0.58539,0
Neg_1857,-1.26705,0
Neg_635,-0.58189,0
Neg_2908,0.09316,0
Neg_2651,-0.47646,0
Neg_781,-1.1164,0
Neg_574,-0.43127,0
Neg_151,-0.70022,0
Neg_356,0.40688,0
Neg_1012,-0.06675,0
Neg_455,-0.64692,0
Neg_2395,0.09956,0
Neg_173,-0.9011,0
Neg_1744,-0.71174,0
Neg_1127,-1.1615,0
Neg_872,-1.36134,0
Neg_556,-0.20082,0
Neg_1872,-1.11499,0
Neg_1175,-1.29563,0
Neg_2738,-1.26737,0
Neg_2341,1.60918,0
Neg_2539,-0.95116,0
Neg_2859,1.08015,0
Neg_106,-0.83146,0
Neg_453,-0.81959,0
Neg_1396,-0.39998,0
Neg_2665,-0.02286,0
Neg_2357,-0.60243,0
Neg_1937,-1.15962,0
Neg_2673,-0.42433,0
Neg_693,-0.60641,0
Neg_769,-0.49085,0
Neg_2833,0.36261,0
Neg_2773,1.24236,0
Neg_1447,-0.34854,0
Neg_29,-1.11222,0
Neg_489,-1.1837,0
Neg_2545,-0.6897,0
Neg_1306,-0.70027,0
Neg_617,2.49509,0
Neg_1372,-0.50526,0
Neg_2481,-0.16432,0
Neg_1908,-1.13627,0
Neg_1981,2.16767,0
Neg_906,-0.59188,0
Neg_1425,-0.24412,0
Neg_846,0.38662,0
Neg_2611,0.06183,0
Neg_1230,2.26714,0
Neg_1906,-0.56899,0
Neg_2554,-0.00466,0
Neg_348,-1.37944,0
Neg_477,0.74717,0
Neg_67,-0.45083,0
Neg_2639,-0.70914,0
Neg_2012,-0.93792,0
Neg_1028,-1.08618,0
Neg_1874,-0.55739,0
Neg_1109,-0.24449,0
Neg_2529,0.91974,0
Neg_2141,-1.03966,0
Neg_2462,-0.49421,0
Neg_2011,-0.73724,0
Neg_377,-0.19565,0
Neg_90,-0.46894,0
Neg_1506,0.89382,0
Neg_767,0.3551,0
Neg_434,1.33196,0
Neg_1460,0.36267,0
Neg_1666,-0.592,0
Neg_126,-0.35957,0
Neg_2668,-0.76456,0
Neg_1674,-0.1176,0
Neg_2140,-1.14932,0
Neg_323,1.58349,0
Neg_2514,-0.45687,0
Neg_598,0.02745,0
Neg_2337,-0.99545,0
Neg_497,-1.33798,0
Neg_2693,-0.93702,0
Neg_1651,-1.1396,0
Neg_2347,-0.49082,0
Neg_68,-0.31292,0
Neg_318,0.96318,0
Neg_2441,0.8343,0
Neg_2136,-0.43828,0
Neg_870,-1.1055,0
Neg_699,-0.98212,0
Neg_1726,-0.82805,0
Neg_1325,-0.60553,0
Neg_2002,0.13861,0
Neg_519,-0.71024,0
Neg_199,-0.33646,0
Neg_471,-0.80915,0
Neg_1673,-0.20407,0
Neg_272,-0.56437,0
Neg_118,-0.32283,0
Neg_135,-1.24522,0
Neg_2502,-1.25298,0
Neg_2787,0.47355,0
Neg_546,-0.24304,0
Neg_127,-0.68366,0
Neg_1784,1.14022,0
Neg_439,0.20273,0
Neg_535,-0.44355,0
Neg_227,-1.0247,0
Neg_2299,-0.77621,0
Neg_2627,1.31755,0
Neg_1982,0.27487,0
Neg_1382,-0.25619,0
Neg_2090,-0.78518,0
Neg_1532,-0.33932,0
Neg_527,-1.33915,0
Neg_11,0.09471,0
Neg_1246,-0.61702,0
Neg_2525,-0.48892,0
Neg_2818,-1.00555,0
Neg_1920,1.88557,0
Neg_918,-0.8493,0
Neg_102,-0.16229,0
Neg_2621,0.88244,0
Neg_1585,0.06645,0
Neg_266,-0.68919,0
Neg_710,-0.90736,0
Neg_712,0.16466,0
Neg_24,1.25552,0
Neg_170,-0.53918,0
Neg_721,-0.69391,0
Neg_1365,0.24869,0
Neg_1735,-1.21894,0
Neg_954,-0.02494,0
Neg_1993,-0.22673,0
Neg_1652,-0.97284,0
Neg_2306,-0.67788,0
Neg_2479,-0.91943,0
Neg_423,-0.4305,0
Neg_2799,-0.1346,0
Neg_822,-0.61033,0
Neg_931,-0.25312,0
Neg_2497,-0.43955,0
Neg_2925,0.24828,0
Neg_267,-1.09937,0
Neg_242,-0.54997,0
Neg_233,-0.71674,0
Neg_1868,-1.34967,0
Neg_2032,-0.61595,0
Neg_2720,-0.00177,0
Neg_2343,-0.79033,0
Neg_2055,-1.05618,0
Neg_2624,-0.48745,0
Neg_745,-0.83514,0
Neg_2850,0.58479,0
Neg_1483,2.2149,0
Neg_2708,0.2855,0
Neg_2131,-0.34545,0
Neg_440,0.52685,0
Neg_793,-1.22088,0
Neg_2000,-1.02737,0
Neg_328,-0.08072,0
Neg_2022,-0.42789,0
Neg_1676,0.24187,0
Neg_47,-0.41334,0
Neg_889,-1.08661,0
Neg_2715,-0.2271,0
Neg_2214,-0.61716,0
Neg_1579,-0.18756,0
Neg_878,1.7593,0
Neg_2103,-0.93212,0
Neg_1114,0.27937,0
Neg_681,0.13739,0
Neg_346,-0.98506,0
Neg_2532,-0.45177,0
Neg_1669,-0.08476,0
Neg_949,-0.34908,0
Neg_1081,-0.653,0
Neg_501,-0.59124,0
Neg_2079,-1.22644,0
Neg_2360,-0.6289,0
Neg_1492,0.25654,0
Neg_1400,2.90206,0
Neg_840,0.22513,0
Neg_1343,0.13063,0
Neg_1169,0.38187,0
Neg_1095,-0.7783,0
Neg_2160,0.04929,0
Neg_1886,-1.24714,0
Neg_462,0.49765,0
Neg_1618,0.15901,0
Neg_1638,-1.01955,0
Neg_335,-1.16727,0
Neg_2543,0.5728,0
Neg_1503,0.97661,0
Neg_2634,-0.27229,0
Neg_1295,-0.81391,0
Neg_1778,-0.49584,0
Neg_1420,-0.89172,0
Neg_2915,-0.91191,0
Neg_823,-0.28517,0
Neg_1675,-1.09461,0
Neg_589,-0.4411,0
Neg_1481,-1.33798,0
Neg_2342,-0.16092,0
Neg_1054,-0.74844,0
Neg_2098,-0.82335,0
Neg_2847,-0.98013,0
Neg_2645,-0.21527,0
Neg_1236,1.5817,0
Neg_1108,-0.36665,0
Neg_2375,1.058,0
Neg_1516,-0.80802,0
Neg_1038,-0.74979,0
Neg_2217,0.29641,0
Neg_2728,-0.4359,0
Neg_1386,1.45933,0
Neg_1513,-0.79786,0
Neg_816,-0.55197,0
Neg_2754,-0.66449,0
Neg_363,-1.19688,0
Neg_2326,0.70636,0
Neg_2442,-0.55872,0
Neg_2080,-0.26817,0
Neg_1213,-1.07071,0
Neg_2687,-0.24526,0
Neg_1636,2.68991,0
Neg_1037,0.91587,0
Neg_36,-1.45448,0
Neg_1469,0.23297,0
Neg_1928,-0.0546,0
Neg_916,-1.02596,0
Neg_1155,-0.9783,0
Neg_2793,-0.55619,0
Neg_2052,0.62603,0
Neg_1029,-0.57697,0
Neg_2685,-0.4028,0
Neg_280,0.05698,0
Neg_2924,-0.13197,0
Neg_1552,0.2491,0
Neg_2150,-0.00676,0
Neg_1454,-0.78127,0
Neg_1438,0.0433,0
Neg_2910,0.4848,0
Neg_2210,-0.94481,0
Neg_284,0.08516,0
Neg_2162,-0.77361,0
Neg_740,-1.2399,0
Neg_1850,1.85984,0
Neg_2864,0.56032,0
Neg_2319,-1.01312,0
Neg_2530,-0.70631,0
Neg_2094,0.92385,0
Neg_321,0.69963,0
Neg_2126,-0.153,0
Neg_15,-0.53711,0
Neg_1360,0.10097,0
Neg_2640,-0.50672,0
Neg_1251,-0.47703,0
Neg_830,-0.21407,0
Neg_782,-1.0177,0
Neg_2913,-0.75754,0
Neg_794,-0.92433,0
Neg_1435,-1.21692,0
Neg_520,0.10757,0
Neg_4,-0.97756,0
Neg_228,-1.26096,0
Neg_977,-0.11596,0
Neg_618,-0.59138,0
Neg_1278,-1.13088,0
Neg_1858,-0.90625,0
Neg_479,-0.76235,0
Neg_957,0.36052,0
Neg_2917,-0.91131,0
Neg_1765,-0.97271,0
Neg_1991,0.10934,0
Neg_526,0.69328,0
Neg_1715,-0.86275,0
Neg_722,0.14853,0
Neg_747,0.67187,0
Neg_2498,0.44169,0
Neg_2636,0.22442,0
Neg_1015,2.00528,0
Neg_785,-1.14989,0
Neg_560,1.77835,0
Neg_1254,0.29011,0
Neg_1430,1.32763,0
Neg_1253,-0.68478,0
Neg_2909,0.33916,0
Neg_1540,-1.07618,0
Neg_997,0.27506,0
Neg_2812,0.36229,0
Neg_2694,0.18482,0
Neg_420,-0.74102,0
Neg_92,-0.1862,0
Neg_1822,-0.51408,0
Neg_678,-0.64322,0
Neg_952,-1.02532,0
Neg_1067,-0.19166,0
Neg_1023,0.65434,0
Neg_94,0.14874,0
Neg_1575,0.5627,0
Neg_2350,0.24404,0
Neg_2445,-0.69919,0
Neg_2226,-0.01893,0
Neg_568,-1.15218,0
Neg_2515,-1.15769,0
Neg_1334,-0.82357,0
Neg_930,0.62142,0
Neg_354,2.54829,0
Neg_2604,-0.19016,0
Neg_69,-1.13018,0
Neg_2782,-0.77953,0
Neg_1205,-0.39854,0
Neg_1269,-0.76149,0
Neg_1188,-0.33912,0
Neg_2705,-0.2476,0
Neg_2896,-0.20335,0
Neg_2890,-0.97539,0
Neg_2813,-1.26231,0
Neg_483,0.63403,0
Neg_2333,1.69386,0
Neg_1243,-0.58151,0
Neg_2268,0.45369,0
Neg_2001,-0.15497,0
Neg_783,-0.55717,0
Neg_1611,-0.28868,0
Neg_2424,1.81505,0
Neg_472,0.29462,0
Neg_1791,-0.878,0
Neg_645,-0.33514,0
Neg_1781,-1.23022,0
Neg_205,-0.90681,0
Neg_2771,0.01673,0
Neg_1957,-0.11517,0
Neg_2408,1.33123,0
Neg_2298,0.64128,0
Neg_2301,0.18656,0
Neg_2235,-1.04994,0
Neg_2056,-0.96135,0
Neg_803,0.37746,0
Neg_2461,0.83652,0
Neg_1185,-1.54007,0
Neg_1794,-1.50452,0
Neg_970,0.49473,0
Neg_1479,-0.76412,0
Neg_775,-0.44954,0
Neg_748,-0.20664,0
Neg_1293,-0.34759,0
Neg_2907,-0.45755,0
Neg_626,-0.51417,0
Neg_1211,-1.02655,0
Neg_2029,-0.83958,0
Neg_2484,-0.85757,0
Neg_737,-1.43075,0
Neg_2637,-1.21473,0
Neg_493,-1.42034,0
Neg_1851,1.26542,0
Neg_275,-1.03268,0
Neg_606,-0.69559,0
Neg_1681,1.41034,0
Neg_861,-0.89089,0
Neg_2800,-0.50061,0
Neg_390,0.02486,0
Neg_950,1.63191,0
Neg_2285,2.43959,0
Neg_1066,-0.19305,0
Neg_1485,-0.81147,0
Neg_2718,-0.07976,0
Neg_107,1.25062,0
Neg_2560,-0.9007,0
Neg_1520,0.59824,0
Neg_951,-0.443,0
Neg_2753,-0.00995,0
Neg_2737,-0.87096,0
Neg_2449,-1.32901,0
Neg_1538,-0.72927,0
Neg_1588,-0.11034,0
Neg_1070,-1.40059,0
Neg_1907,-1.44439,0
Neg_1444,0.95522,0
Neg_2536,-0.58949,0
Neg_1336,0.21827,0
Neg_1125,-0.81746,0
Neg_1238,-0.20964,0
Neg_2438,-0.45684,0
Neg_2869,-0.17195,0
Neg_734,-0.70888,0
Neg_2747,-0.36254,0
Neg_2767,-0.80435,0
Neg_347,-0.19099,0
Neg_1890,-1.17322,0
Neg_2457,-1.03828,0
Neg_2919,-0.64221,0
Neg_2764,-0.95384,0
Neg_834,-0.91791,0
Neg_1570,0.07726,0
Neg_2750,-0.43499,0
Neg_290,-1.03149,0
Neg_862,-1.1048,0
Neg_2654,-0.73063,0
Neg_597,-0.67895,0
Neg_353,0.41037,0
Neg_2500,-0.89361,0
Neg_1446,-0.02477,0
Neg_842,-0.11823,0
Neg_53,-0.1201,0
Neg_291,-0.53386,0
Neg_1687,-0.69161,0
Neg_809,-0.81698,0
Neg_2858,-0.31684,0
Neg_1779,-1.15552,0
Neg_2114,-0.39512,0
Neg_327,1.84902,0
Neg_249,-0.64937,0
Neg_514,-0.11342,0
Neg_894,1.39993,0
Neg_1154,0.60763,0
Neg_1974,-0.98439,0
Neg_607,1.18209,0
Neg_1464,-1.03047,0
Neg_2840,-0.01299,0
Neg_2251,-0.71839,0
Neg_2517,-0.16369,0
Neg_1853,-0.81829,0
Neg_1312,-0.79298,0
Neg_2838,2.47186,0
Neg_1722,0.60798,0
Neg_2116,-0.55742,0
Neg_2327,-1.37834,0
Neg_1128,-0.8386,0
Neg_1231,-0.95834,0
Neg_2384,-0.1804,0
Neg_713,-1.27568,0
Neg_2475,-0.63515,0
Neg_545,-0.86296,0
Neg_1732,-0.98119,0
Neg_1703,-1.37241,0
Neg_2537,-0.90832,0
Neg_1601,1.09035,0
Neg_238,-0.0817,0
Neg_2704,1.82374,0
Neg_2652,-0.22882,0
Neg_1700,-0.99074,0
Neg_2744,-0.42103,0
Neg_43,-0.95051,0
Neg_235,-0.62664,0
Neg_1433,-0.92011,0
Neg_1473,-0.75731,0
Neg_1047,-1.10601,0
Neg_2221,-0.96471,0
Neg_691,1.65813,0
Neg_128,-0.32159,0
Neg_1952,-0.6141,0
Neg_2059,-0.62967,0
Neg_661,-0.00715,0
Neg_1100,1.35646,0
Neg_2458,-0.92222,0
Neg_983,-0.3089,0
Neg_2250,1.051,0
Neg_674,-0.41274,0
Neg_2825,0.32711,0
Neg_445,1.38951,0
Neg_640,-1.0988,0
Neg_1903,-0.59418,0
Neg_671,-0.11432,0
Neg_2147,-0.90292,0
Neg_475,1.67645,0
Neg_1302,-0.88681,0
Neg_2077,-0.10703,0
Neg_2040,-0.12607,0
Neg_2660,1.4179,0
Neg_2166,-1.14623,0
Neg_2376,-1.10745,0
Neg_1962,-1.36021,0
Neg_1000,-0.6802,0
Neg_250,-1.40862,0
Neg_1718,0.24047,0
Neg_750,-1.42716,0
Neg_1014,-0.34882,0
Neg_2399,-0.59268,0
Neg_561,-0.59275,0
Neg_1762,-0.27055,0
Neg_1449,-0.42376,0
Neg_237,-0.90707,0
Neg_345,-0.73277,0
Neg_2511,-1.32531,0
Neg_2097,-1.18688,0
Neg_1966,0.09565,0
Neg_255,1.1768,0
Neg_2365,0.15832,0
Neg_1987,2.10829,0
Neg_2805,1.39758,0
Neg_2904,-1.34651,0
Neg_2872,-1.01459,0
Neg_2355,-0.3391,0
Neg_576,0.67592,0
Neg_2459,0.08339,0
Neg_971,-0.87227,0
Neg_898,0.30834,0
Neg_928,-0.87529,0
Neg_2823,-0.2547,0
Neg_2364,-0.77091,0
Neg_2806,0.33406,0
Neg_1871,-0.15929,0
Neg_50,0.27928,0
Neg_2496,-0.06701,0
Neg_1030,0.61431,0
Neg_1978,-0.5247,0
Neg_669,0.28558,0
Neg_1341,0.91436,0
Neg_843,-0.14079,0
Neg_761,-0.32029,0
Neg_988,2.61453,0
Neg_2255,-0.42278,0
Neg_2557,-0.93271,0
Neg_2677,2.7065,0
Neg_18,0.27535,0
Neg_315,-1.10288,0
Neg_1741,0.52509,0
Neg_2578,-0.94406,0
Neg_389,0.36943,0
Neg_210,-0.97349,0
Neg_2427,0.55177,0
Neg_2323,-1.2922,0
Neg_2007,-0.70675,0
Neg_891,-1.29971,0
Neg_387,-0.39913,0
Neg_741,0.14884,0
Neg_362,0.02007,0
Neg_1212,-0.76542,0
Neg_2057,-0.64832,0
Neg_468,-0.02889,0
Neg_2468,-0.02318,0
Neg_873,0.04278,0
Neg_1079,-1.33057,0
Neg_1710,-0.39385,0
Neg_482,2.30224,0
Neg_121,-1.03294,0
Neg_2172,0.03543,0
Neg_1897,-0.30044,0
Neg_2690,-0.58302,0
Neg_42,-1.14096,0
Neg_1748,-0.41231,0
Neg_620,1.43216,0
Neg_2881,-0.12505,0
Neg_188,-0.98299,0
Neg_184,-0.89368,0
Neg_584,-0.31448,0
Neg_2423,-0.94461,0
Neg_2699,-1.15158,0
Neg_147,-0.98047,0
Neg_1376,0.14093,0
Neg_2589,-0.40714,0
Neg_2501,-0.21122,0
Neg_288,-0.88449,0
Neg_982,-1.05314,0
Neg_511,-0.90208,0
Neg_1308,0.15049,0
Neg_125,-0.77859,0
Neg_564,-0.34394,0
Neg_2039,-0.41234,0
Neg_1237,-0.77514,0
Neg_749,-0.82191,0
Neg_189,-0.24256,0
Neg_2815,2.13343,0
Neg_2573,-0.80149,0
Neg_911,0.07043,0
Neg_2225,-0.62154,0
Neg_591,-0.6117,0
Neg_428,0.11797,0
Neg_739,-0.19278,0
Neg_449,2.21538,0
Neg_1358,-0.74225,0
Neg_707,-0.02086,0
Neg_1196,0.20439,0
Neg_1113,-1.44693,0
Neg_1437,-1.03945,0
Neg_996,0.27613,0
Neg_2480,-0.32301,0
Neg_2324,0.63239,0
Neg_2391,0.52264,0
Neg_1084,-0.64339,0
Neg_1194,-0.27361,0
Neg_908,-0.73924,0
Neg_638,-1.47641,0
Neg_2741,0.01019,0
Neg_1368,-0.82448,0
Neg_1005,0.26175,0
Neg_2790,-1.01825,0
Neg_1572,-0.54449,0
Neg_1734,1.19228,0
Neg_435,-0.87845,0
Neg_409,1.43113,0
Neg_436,-0.28526,0
Neg_1409,0.1613,0
Neg_1603,-0.48411,0
Neg_2900,1.29132,0
Neg_469,-0.30298,0
Neg_395,0.35915,0
Neg_2006,-1.02925,0
Neg_2138,-0.24714,0
Neg_1534,0.35786,0
Neg_726,-0.4683,0
Neg_2658,-0.60023,0
Neg_885,-0.52068,0
Neg_1364,-1.20895,0
Neg_2867,-0.11957,0
Neg_1869,-1.05115,0
Neg_429,-0.66584,0
Neg_1518,0.75027,0
Neg_2431,-1.09363,0
Neg_788,0.28094,0
Neg_2574,-1.36217,0
Neg_1548,-0.4495,0
Neg_1959,-0.0312,0
Neg_1124,-0.05963,0
Neg_1324,0.51307,0
Neg_1533,2.10105,0
Neg_2429,0.72784,0
Neg_2123,-1.0141,0
Neg_384,0.29278,0
Neg_2551,0.22388,0
Neg_380,-1.0123,0
Neg_1697,-0.00371,0
Neg_2382,-0.20537,0
Neg_193,-0.54166,0
Neg_392,-1.22626,0
Neg_1136,-0.90156,0
Neg_2371,0.01716,0
Neg_910,-0.82139,0
Neg_656,-0.6909,0
Neg_718,-1.27459,0
Neg_400,-0.28975,0
Neg_742,1.60152,0
Neg_1273,-0.91011,0
Neg_2830,-1.04414,0
Neg_567,-1.39928,0
Neg_588,-1.01994,0
Neg_183,-0.09762,0
Neg_2770,-0.288,0
Neg_864,0.04518,0
Neg_2883,2.34822,0
Neg_2689,-0.95454,0
Neg_1381,0.19069,0
Neg_829,0.62101,0
Neg_2495,0.235,0
Neg_1148,-1.06897,0
Neg_819,1.41185,0
Neg_2683,0.38132,0
Neg_1304,-0.42291,0
Neg_932,-0.33044,0
Neg_2003,-1.11857,0
Neg_1512,-1.16884,0
Neg_789,-0.3847,0
Neg_1705,0.46798,0
Neg_360,0.32297,0
Neg_2473,-0.11745,0
Neg_1567,-0.06843,0
Neg_2582,1.40121,0
Neg_980,0.79165,0
Neg_2740,-0.5523,0
Neg_1041,-0.89105,0
Neg_2713,-0.50115,0
Neg_593,-0.07072,0
Neg_1882,1.25803,0
Neg_2760,0.74591,0
Neg_1296,-0.42219,0
Neg_784,1.30382,0
Neg_2205,2.20162,0
Neg_981,-0.86175,0
Neg_115,-0.05312,0
Neg_499,-0.31358,0
Neg_877,0.07796,0
Neg_594,-0.54767,0
Neg_596,-0.03136,0
Neg_156,-0.47429,0
Neg_1199,1.26342,0
Neg_1091,-0.54876,0
Neg_2380,-1.38751,0
Neg_1193,-0.53317,0
Neg_2038,-0.00626,0
Neg_796,0.02394,0
Neg_583,-0.10037,0
Neg_1399,0.11245,0
Neg_773,-0.80154,0
Neg_2320,-0.21962,0
Neg_2170,-0.45607,0
Neg_1443,-1.27506,0
Neg_1969,-0.22693,0
Neg_1220,-1.26785,0
Neg_1111,-0.93846,0
Neg_2065,-1.07503,0
Neg_1451,-0.86149,0
Neg_1328,-0.71029,0
Neg_140,-0.52968,0
Neg_258,-1.46548,0
Neg_175,-1.09231,0
Neg_2922,1.23942,0
Neg_577,-0.35058,0
Neg_1641,-0.53041,0
Neg_758,-0.85707,0
Neg_2195,-0.03704,0
Neg_157,-0.86632,0
Neg_2325,-1.00962,0
Neg_181,-0.672,0
Neg_2641,-0.27032,0
Neg_1505,-0.76505,0
Neg_2608,-0.71006,0
Neg_2181,-1.04036,0
Neg_2798,-1.28064,0
Neg_924,-0.13796,0
Neg_1138,-1.51327,0
Neg_2880,0.00755,0
Neg_2670,-0.80023,0
Neg_925,-0.42813,0
Neg_230,-0.52569,0
Neg_2071,0.4361,0
Neg_2650,-0.20702,0
Neg_841,-0.47301,0
Neg_2054,0.34462,0
Neg_146,-1.06638,0
Neg_162,0.54148,0
Neg_990,0.21031,0
Neg_2024,-0.44351,0
Neg_155,-0.3081,0
Neg_1412,-0.95143,0
Neg_619,-0.8281,0
Neg_154,-0.55513,0
Neg_264,-1.17601,0
Neg_457,-0.57785,0
Neg_1529,-0.85026,0
Neg_1725,0.98944,0
Neg_582,-0.70064,0
Neg_2293,-0.94586,0
Neg_2023,-1.12785,0
Neg_1192,0.89654,0
Neg_1702,-0.95359,0
Neg_989,-0.58115,0
Neg_856,0.16636,0
Neg_2460,0.06638,0
Neg_1967,-1.01137,0
Neg_1584,-0.86309,0
Neg_909,-0.15872,0
Neg_517,-0.73495,0
Neg_2302,-0.33536,0
Neg_1633,0.94495,0
Neg_2563,1.08583,0
Neg_2911,-0.79251,0
Neg_1261,2.30443,0
Neg_2493,-0.99599,0
Neg_1707,-1.12693,0
Neg_2035,-1.04605,0
Neg_2507,-0.46276,0
Neg_2843,-0.76001,0
Neg_2279,-0.02464,0
Neg_633,0.3977,0
Neg_1442,-0.06633,0
Neg_1910,0.10652,0
Neg_2307,-0.80581,0
Neg_1627,-0.53478,0
Neg_1043,-1.30655,0
Neg_851,0.46901,0
Neg_1342,-1.11192,0
Neg_507,-1.01808,0
Neg_2892,-0.64872,0
Neg_887,-1.31857,0
Neg_2177,1.54491,0
Neg_2875,0.00387,0
Neg_187,-0.25999,0
Neg_731,-0.5106,0
Neg_2878,0.20848,0
Neg_1195,0.38972,0
Neg_2134,-0.87422,0
Neg_209,-0.96402,0
Neg_2339,-0.95065,0
Neg_1950,-0.87347,0
Neg_1521,-0.34259,0
Neg_2328,0.84607,0
Neg_504,-0.49071,0
Neg_1415,-0.83716,0
Neg_1244,-0.77871,0
Neg_2317,0.1729,0
Neg_1759,0.00856,0
Neg_1105,-0.06961,0
Neg_1599,0.73852,0
Neg_349,0.42689,0
Neg_2091,-0.51124,0
Neg_2417,-0.02211,0
Neg_100,0.52342,0
Neg_2420,-0.33185,0
Neg_1970,-0.96923,0
Neg_893,-0.61161,0
Neg_2534,0.20326,0
Neg_481,-0.73885,0
Neg_1894,-0.89868,0
Neg_627,0.28121,0
Neg_2523,-0.47824,0
Neg_1173,-0.62925,0
Neg_2625,-0.95954,0
Neg_2452,-0.93553,0
Neg_754,-1.10222,0
Neg_2294,1.59157,0
Neg_2466,-0.33534,0
Neg_1017,-0.78917,0
Neg_539,-1.0653,0
Neg_2199,-0.45155,0
Neg_1739,-0.55075,0
Neg_1318,1.39774,0
Neg_2842,-0.5223,0
Neg_1817,-0.4373,0
Neg_1427,0.29861,0
Neg_60,0.10273,0
Neg_1202,-1.3835,0
Neg_1417,-0.06836,0
Neg_1392,0.3638,0
Neg_1245,0.34557,0
Neg_1621,0.5542,0
Neg_2101,-1.03575,0
Neg_1662,0.45877,0
Neg_967,-0.91724,0
Neg_1576,-0.5009,0
Neg_1044,0.01443,0
Neg_2674,-0.58926,0
Neg_81,-0.34132,0
Neg_1408,-0.2833,0
Neg_1528,0.82059,0
Neg_2218,-0.78024,0
Neg_913,-0.85871,0
Neg_1553,0.94684,0
Neg_1203,2.66169,0
Neg_2776,0.40293,0
Neg_2133,-0.11516,0
Neg_1961,-0.2084,0
Neg_1895,0.52175,0
Neg_2043,-0.79884,0
Neg_334,-0.9357,0
Neg_2174,-1.27791,0
Neg_1792,0.77182,0
Neg_1052,0.01447,0
Neg_1327,-0.94498,0
Neg_2663,0.31993,0
Neg_644,-0.43419,0
Neg_2092,-0.54146,0
Neg_559,0.04838,0
Neg_487,-0.81104,0
Neg_2018,0.13613,0
Neg_1474,0.09055,0
Neg_1264,-1.47053,0
Neg_884,0.11059,0
Neg_1191,-0.04068,0
Neg_1852,-0.90601,0
Neg_786,-1.10139,0
Neg_1686,0.09015,0
Neg_2755,-1.22584,0
Neg_2143,-0.67476,0
Neg_2619,1.78424,0
Neg_1600,-0.67152,0
Neg_725,-0.4779,0
Neg_70,-0.95408,0
Neg_2340,-0.74889,0
Neg_1366,0.75844,0
Neg_458,-1.09598,0
Neg_744,-0.79159,0
Neg_2839,-1.25258,0
Neg_575,0.74961,0
Neg_1839,-1.31363,0
Neg_2678,-0.98899,0
Neg_1204,-0.90642,0
Neg_2351,1.06039,0
Neg_2899,-0.547,0
Neg_2474,-0.64314,0
Neg_1760,-1.04948,0
Neg_369,-0.25654,0
Neg_2710,0.65688,0
Neg_2852,-0.72802,0
Neg_1373,-1.12976,0
Neg_2807,-0.33949,0
Neg_543,-0.83179,0
Neg_1453,-0.49366,0
Neg_860,-0.11991,0
Neg_223,0.65708,0
Neg_1842,-0.52621,0
Neg_1769,-1.43311,0
Neg_2295,0.50724,0
Neg_1598,-0.44593,0
Neg_642,-0.65742,0
Neg_2592,-0.4758,0
Neg_2426,-1.25526,0
Neg_1004,-0.75831,0
Neg_2066,1.10989,0
Neg_1482,-0.05209,0
Neg_111,-1.03302,0
Neg_2546,-0.69354,0
Neg_2168,-0.06536,0
Neg_1605,-1.11187,0
Neg_2512,-0.03201,0
Neg_93,-0.1319,0
Neg_772,-0.4231,0
Neg_206,0.07539,0
Neg_723,-0.51416,0
Neg_1946,-0.27118,0
Neg_2284,0.1266,0
Neg_2267,-1.0576,0
Neg_778,-0.31034,0
Neg_87,-0.89058,0
Neg_2746,1.58396,0
Neg_1171,-0.15611,0
Neg_1671,-0.47162,0
Neg_2416,1.46157,0
Neg_1935,-0.4686,0
Neg_2891,-0.29069,0
Neg_1354,-0.50631,0
Neg_763,0.75748,0
Neg_1222,-0.79666,0
Neg_371,-1.3635,0
Neg_1955,0.09474,0
Neg_2848,-0.68369,0
Neg_2766,-0.72816,0
Neg_2233,-0.71571,0
Neg_1833,-1.16842,0
Neg_1123,-0.6603,0
Neg_2809,-0.93089,0
Neg_2194,-0.67599,0
Neg_2144,0.04797,0
Neg_27,-0.07575,0
Neg_2559,0.5417,0
Neg_2373,0.58436,0
Neg_2161,-0.96197,0
Neg_1954,-0.72576,0
Neg_23,0.17973,0
Neg_1075,-0.41064,0
Neg_2385,-1.04288,0
Neg_1821,-0.85277,0
Neg_2256,-0.86617,0
Neg_2171,-0.96591,0
Neg_921,-0.10302,0
Neg_832,-0.43012,0
Neg_552,-0.78345,0
Neg_1002,-1.0772,0
Neg_123,-1.15039,0
Neg_204,-0.15417,0
Neg_375,0.89104,0
Neg_372,-0.80689,0
Neg_1287,-0.56334,0
Neg_2125,0.00338,0
Neg_74,-0.50063,0
Neg_871,-0.26961,0
Neg_694,-0.99339,0
Neg_824,-0.86059,0
Neg_2063,-0.86555,0
Neg_1031,-1.42269,0
Neg_332,-0.75492,0
Neg_1165,0.35224,0
Neg_2186,0.76103,0
Neg_1986,-1.44426,0
Neg_2394,0.21525,0
Neg_1379,-0.24991,0
Neg_2522,0.84451,0
Neg_1899,-0.23913,0
Neg_1322,-0.13619,0
Neg_2414,-0.25737,0
Neg_26,1.03914,0
Neg_1284,-0.5973,0
Neg_820,-1.18427,0
Neg_863,-1.29674,0
Neg_268,-0.16806,0
Neg_2153,-0.52742,0
Neg_63,0.19826,0
Neg_687,-1.25365,0
Neg_1297,0.63187,0
Neg_1556,-0.98439,0
Neg_2455,-0.65474,0
Neg_1016,-0.16615,0
Neg_366,-1.50295,0
Neg_641,1.48092,0
Neg_2874,-0.82312,0
Neg_948,-0.57591,0
Neg_2780,-0.45421,0
Neg_760,-0.24428,0
Neg_1782,-0.39319,0
Neg_2735,0.89692,0
Neg_705,-0.99383,0
Neg_764,-0.73039,0
Neg_1582,1.22779,0
Neg_1061,-0.73435,0
Neg_2183,-0.09334,0
Neg_1543,-0.20017,0
Neg_1964,-0.39442,0
Neg_1330,0.62755,0
Neg_2411,-0.7593,0
Neg_25,-0.64418,0
Neg_1463,-1.48814,0
Neg_1738,-0.0952,0
Neg_2261,-0.83678,0
Neg_1416,-0.66963,0
Neg_2389,-1.09367,0
Neg_2905,0.0697,0
Neg_1488,-0.74454,0
Neg_180,-0.85278,0
Neg_557,-0.80026,0
Neg_1595,-0.86543,0
Neg_1103,0.05111,0
Neg_510,-0.61109,0
Neg_2472,-0.89525,0
Neg_122,-0.95816,0
Neg_2290,0.82291,0
Neg_2696,-0.06283,0
Neg_1289,0.79432,0
Neg_1936,-0.56822,0
Neg_2265,2.24745,0
Neg_2555,1.39167,0
Neg_1580,-0.64255,0
Neg_2082,0.09153,0
Neg_1591,-0.83805,0
Neg_1470,0.45558,0
Neg_1509,-0.98925,0
Neg_77,2.30031,0
Neg_1247,-1.22347,0
Neg_2122,-0.87038,0
Neg_1953,-0.42667,0
Neg_2894,-1.01825,0
Neg_1260,-0.24025,0
Neg_2719,-0.78593,0
Neg_2111,-0.37228,0
Neg_1531,0.14978,0
Neg_1519,-0.23474,0
Neg_2540,1.57173,0
Neg_2113,0.2862,0
Neg_1965,-0.81678,0
Neg_48,-1.24823,0
Neg_625,-0.6301,0
Neg_2721,-0.52132,0
Neg_2716,-1.33253,0
Neg_1116,-0.49225,0
Neg_2714,-0.69797,0
Neg_729,-0.45938,0
Neg_770,-0.7412,0
Neg_1441,0.90017,0
Neg_1629,-0.34548,0
Neg_65,-0.97495,0
Neg_2121,-0.51979,0
Neg_271,-0.30739,0
Neg_2572,-0.44456,0
Neg_2089,-0.64617,0
Neg_655,-1.26815,0
Neg_806,1.20511,0
Neg_1034,-0.53589,0
Neg_2211,0.30018,0
Neg_393,0.33051,0
Neg_2684,-0.14804,0
Neg_2028,-0.74935,0
Neg_1695,-0.56181,0
Neg_1024,2.09562,0
Neg_881,-0.07578,0
Neg_2862,-0.28808,0
Neg_632,2.57435,0
Neg_665,-0.94001,0
Neg_1699,-0.97938,0
Neg_1752,-0.39038,0
Neg_1536,0.5692,0
Neg_1132,-0.32118,0
Neg_692,-0.29886,0
Neg_2046,-0.88486,0
Neg_866,0.33209,0
Neg_719,-0.55533,0
Neg_2407,-1.00109,0
Neg_668,-0.01405,0
Neg_2488,-0.67269,0
Neg_359,-1.19047,0
Neg_1168,-0.89938,0
Neg_578,-1.19846,0
Neg_2655,-0.27932,0
Neg_1419,-0.007,0
Neg_426,-1.27138,0
Neg_1644,1.20241,0
Neg_643,1.34406,0
Neg_1902,-0.26251,0
Neg_385,-0.07033,0
Neg_2361,-0.48898,0
Neg_907,-0.49539,0
Neg_399,-0.43471,0
Neg_1577,-0.73747,0
Neg_2127,0.194,0
Neg_73,-0.65331,0
Neg_2598,-0.633,0
Neg_516,-0.25402,0
Neg_1466,0.32596,0
Neg_672,0.7347,0
Neg_630,0.18204,0
Neg_39,0.49452,0
Neg_2465,-0.25897,0
Neg_2722,-0.78873,0
Neg_2105,-0.00292,0
Neg_1077,0.22743,0
Neg_2550,-0.15995,0
Neg_1756,1.67251,0
Neg_172,-0.39145,0
Neg_1428,0.52936,0
Neg_797,-0.27255,0
Neg_2239,-1.1702,0
Neg_1268,1.44036,0
Neg_112,-0.52798,0
Neg_2432,-0.45461,0
Neg_1624,0.45335,0
Neg_1571,0.83547,0
Neg_753,0.05785,0
Neg_1875,-0.90997,0
Neg_2353,-0.57174,0
Neg_1805,-1.12686,0
Neg_1530,-1.10634,0
Neg_357,-0.50797,0
Neg_695,-0.52903,0
Neg_551,-0.24491,0
Neg_2897,-0.3375,0
Neg_438,-0.85918,0
Neg_858,-0.90893,0
Neg_1072,0.02079,0
Neg_698,-0.39166,0
Neg_2433,0.85951,0
Neg_186,-1.28972,0
Neg_1915,-0.12887,0
Neg_2470,2.00545,0
Neg_1547,-0.10329,0
Neg_313,-0.85904,0
Neg_1232,-0.70805,0
Neg_2015,-0.3407,0
Neg_1413,0.41545,0
Neg_1495,-0.09974,0
Neg_2297,-0.54537,0
Neg_416,0.03022,0
Neg_1252,-0.46324,0
Neg_1013,-0.7118,0
Neg_1631,1.15596,0
Neg_874,-0.98336,0
Neg_1984,0.23742,0
Neg_1431,2.14223,0
Neg_505,1.29732,0
Neg_2401,-0.81052,0
Neg_2119,-1.10517,0
Neg_1685,-0.11812,0
Neg_2727,-0.51127,0
Neg_1640,-0.13485,0
Neg_1134,0.20912,0
Neg_799,-0.87072,0
Neg_790,-0.55905,0
Neg_2135,-1.01922,0
Neg_2208,-0.47287,0
Neg_1475,-0.13195,0
Neg_1085,-0.85731,0
Neg_1713,-1.50205,0
Neg_309,-0.45466,0
Neg_1162,-0.61219,0
Neg_2075,-0.14199,0
Neg_1698,-0.84264,0
Neg_518,0.36496,0
Neg_1163,1.30006,0
Neg_1359,-0.07904,0
Neg_1119,0.12541,0
Neg_2643,-1.27209,0
Neg_277,-1.01473,0
Neg_1587,-0.91759,0
Neg_2585,-0.12771,0
Neg_1060,-1.09435,0
Neg_330,-0.02212,0
Neg_1369,-0.57962,0
Neg_2785,-1.28813,0
Neg_2535,0.00183,0
Neg_1564,-1.1111,0
Neg_2036,-0.01635,0
Neg_1200,-0.70452,0
Neg_1709,-1.10759,0
Neg_1329,-1.30499,0
Neg_32,-1.16905,0
Neg_776,-0.96357,0
Neg_437,-0.41812,0
Neg_2653,-0.67627,0
Neg_95,1.2134,0
Neg_1757,-0.78584,0
Neg_780,-0.54794,0
Neg_1804,-0.97103,0
Neg_1545,-0.84989,0
Neg_2797,-1.21323,0
Neg_430,0.24367,0
Neg_1573,0.37987,0
Neg_1378,-0.1439,0
Neg_473,-0.10708,0
Neg_649,-0.29915,0
Neg_524,-1.20948,0
Neg_1517,-0.85869,0
Neg_880,-0.07453,0
Neg_1693,-0.62959,0
Neg_1092,-1.12315,0
Neg_1226,-0.61402,0
Neg_246,-1.08902,0
Neg_442,-1.53922,0
Neg_2422,-0.97754,0
Neg_2661,-0.99414,0
Neg_2189,-1.1797,0
Neg_673,-1.04579,0
Neg_2244,-0.15389,0
Neg_613,0.09293,0
Neg_1133,0.48494,0
Neg_1919,-0.47326,0
Neg_1393,0.88787,0
Neg_1980,0.48912,0
Neg_195,0.07861,0
Neg_2354,-0.03529,0
Neg_2388,-0.01209,0
Neg_1181,0.60336,0
Neg_1550,-0.21497,0
Neg_2158,0.42073,0
Neg_2197,-1.00717,0
Neg_2274,-0.78623,0
Neg_2679,-0.65204,0
Neg_1439,-0.91135,0
Neg_2281,-0.18042,0
Neg_2841,2.7818,0
Neg_2266,-0.79572,0
Neg_571,-0.46686,0
Neg_1009,-0.37595,0
Neg_1655,0.56623,0
Neg_1487,-0.35941,0
Neg_28,-1.1108,0
Neg_2509,-1.14505,0
Neg_2175,-0.50059,0
Neg_2232,-1.39599,0
Neg_201,0.88132,0
Neg_1333,-1.13614,0
Neg_2778,-0.13608,0
Neg_1704,-0.6306,0
Neg_2156,-0.19323,0
Neg_1706,0.8835,0
Neg_143,-1.1749,0
Neg_2595,-0.06187,0
Neg_166,0.58205,0
Neg_2209,0.74499,0
Neg_1608,-0.81078,0
Neg_1581,-0.7431,0
Neg_1609,-0.72493,0
Neg_865,-1.18358,0
Neg_666,-1.06168,0
Neg_1267,1.12701,0
Neg_639,0.68342,0
Neg_1590,-1.23408,0
Neg_1701,0.18791,0
Neg_1093,-0.63397,0
Neg_752,-1.15451,0
Neg_1210,-0.59628,0
Neg_2603,-1.03088,0
Neg_463,-1.38992,0
Neg_972,-0.07671,0
Neg_1224,1.5427,0
Neg_1027,-1.08877,0
Neg_2430,-0.93083,0
Neg_282,-0.92074,0
Neg_421,-0.84045,0
Neg_986,0.03058,0
Neg_1349,0.23168,0
Neg_495,-1.24884,0
Neg_2223,-0.25522,0
Neg_2245,0.67436,0
Neg_522,0.38661,0
Neg_490,-0.73384,0
Neg_153,-0.73646,0
Neg_1916,-0.08073,0
Neg_2569,-0.41075,0
Neg_1724,-0.14321,0
Neg_220,1.65208,0
Neg_573,1.76789,0
Neg_2008,0.242,0
Neg_2076,-0.97515,0
Neg_1440,-0.10013,0
Neg_1258,-1.06139,0
Neg_2009,0.41073,0
Neg_486,-0.90728,0
Neg_555,-0.69396,0
Neg_232,1.37252,0
Neg_1407,0.38518,0
Neg_637,-0.33755,0
Neg_2372,1.39899,0
Neg_338,-0.79598,0
Neg_192,-0.70548,0
Neg_1926,0.22753,0
Neg_1337,-0.46898,0
Neg_2531,-0.92608,0
Neg_765,-1.07152,0
Neg_98,-0.26386,0
Neg_2026,-0.38034,0
Neg_1650,-1.18333,0
Neg_386,-0.11912,0
Neg_14,0.72509,0
Neg_1660,-0.73319,0
Neg_2005,-0.52351,0
Neg_2292,-0.79634,0
Neg_117,-0.5427,0
Neg_424,0.07135,0
Neg_2444,-0.06017,0
Neg_1668,-1.39531,0
Neg_1025,0.19322,0
Neg_164,-0.97039,0
Neg_2016,-0.65421,0
Neg_2102,-0.44655,0
Neg_247,0.00803,0
Neg_488,0.87839,0
Neg_679,-0.77938,0
Neg_818,-0.20637,0
Neg_2499,0.70998,0
Neg_1976,-0.43727,0
Neg_2906,-0.83288,0
Neg_1983,1.27354,0
Neg_2100,-0.55938,0
Neg_2451,-1.18993,0
Neg_888,-1.16667,0
Neg_402,-0.77816,0
Neg_569,-1.53336,0
Neg_1480,-0.76587,0
Neg_2632,-0.78236,0
Neg_1799,-1.47435,0
Neg_1198,-0.50177,0
Neg_105,2.69933,0
Neg_536,-0.36408,0
Neg_382,0.7241,0
Neg_2073,-0.52606,0
Neg_530,-0.71077,0
Neg_1566,-0.07307,0
Neg_1996,1.57855,0
Neg_827,-0.11398,0
Neg_800,-0.35624,0
Neg_1849,-1.00607,0
Neg_6,0.43463,0
Neg_174,-0.79075,0
Neg_2072,1.61594,0
Neg_1934,-0.68631,0
Neg_615,-0.61469,0
Neg_425,-0.73793,0
Neg_1646,-0.35852,0
Neg_738,1.66604,0
Neg_1286,2.71709,0
Neg_963,-0.60999,0
Neg_2190,-0.80444,0
Neg_212,1.11868,0
Neg_730,0.27508,0
Neg_319,-0.99195,0
Neg_1401,-1.25658,0
Neg_1035,-0.22186,0
Neg_1190,-0.84472,0
Neg_1508,-0.9298,0
Neg_1653,-0.97096,0
Neg_2304,-0.28274,0
Neg_1355,0.36168,0
Neg_1434,-0.17317,0
Neg_2485,-0.95246,0
Neg_367,0.58059,0
Neg_1625,-0.27524,0
Neg_2700,0.42173,0
Neg_150,-1.10531,0
Neg_30,0.14033,0
Neg_452,-0.18879,0
Neg_905,-0.84964,0
Neg_2519,0.72969,0
Neg_1361,-0.13669,0
Neg_2014,-1.05667,0
Neg_2510,1.06872,0
Neg_2920,0.88493,0
Neg_1963,2.06042,0
Neg_311,-0.3299,0
Neg_134,-1.03988,0
Neg_194,0.27432,0
Neg_947,-0.21335,0
Neg_1215,-0.43148,0
Neg_882,-0.18735,0
Neg_1465,-0.3918,0
Neg_1711,0.46696,0
Neg_956,-0.32326,0
Neg_99,-0.51323,0
Neg_2313,-0.9817,0
Neg_1819,-0.954,0
Neg_1891,0.15598,0
Neg_119,-1.24565,0
Neg_2288,0.45559,0
Neg_2253,0.09303,0
Neg_2736,-0.44058,0
Neg_2730,-1.33052,0
Neg_2856,-0.24827,0
Neg_1186,-0.87164,0
Neg_850,-0.6294,0
Neg_1774,-0.14586,0
Neg_1923,1.07306,0
Neg_1266,-0.72567,0
Neg_652,-1.03568,0
Neg_1259,-0.42418,0
Neg_2822,-0.0147,0
Neg_804,0.47482,0
Neg_1565,0.32312,0
Neg_1331,2.7169,0
Neg_1375,-0.37917,0
Neg_1537,1.98614,0
Neg_304,0.28676,0
Neg_1554,-0.07571,0
Neg_466,0.32913,0
Neg_1562,-0.53705,0
Neg_2565,-0.317,0
Neg_394,-0.95844,0
Neg_2558,0.81011,0
Neg_544,-0.72479,0
Neg_179,0.25703,0
Neg_1057,-0.59998,0
Neg_2837,1.14404,0
Neg_1053,-0.90689,0
Neg_2283,-1.01235,0
Neg_1612,-0.43298,0
Neg_700,-0.73281,0
Neg_2176,0.33658,0
Neg_1761,-0.84975,0
Neg_2213,0.01788,0
Neg_1829,0.39103,0
Neg_1338,1.11317,0
Neg_1346,-0.7962,0
Neg_441,0.70388,0
Neg_1743,-1.35942,0
Neg_2367,-0.78491,0
Neg_337,1.74848,0
Neg_1371,-1.54245,0
Neg_2743,1.37265,0
Neg_500,-0.10044,0
Neg_408,-0.41221,0
Neg_2761,-1.32794,0
Neg_2584,-0.79043,0
Neg_142,-0.74824,0
Neg_225,0.05372,0
Neg_1476,0.70429,0
Neg_1498,-0.67076,0
Neg_1385,1.37721,0
Neg_2698,-1.19802,0
Neg_295,-0.96277,0
Neg_2362,0.62424,0
Neg_867,0.02823,0
Neg_1314,-0.51836,0
Neg_1398,-0.63119,0
Neg_817,-1.26368,0
Neg_1403,-0.88796,0
Neg_959,-0.53922,0
Neg_108,1.42594,0
Neg_2110,0.75228,0
Neg_2117,-0.09111,0
Neg_2310,0.52183,0
Neg_1813,-0.58969,0
Neg_869,-0.3777,0
Neg_1682,-1.3982,0
Neg_902,-1.19242,0
Neg_1135,-0.71166,0
Neg_485,1.10535,0
Neg_1645,-1.09168,0
Neg_221,-0.68023,0
Neg_838,-0.05465,0
Neg_2064,-1.09783,0
Neg_1339,-0.79092,0
Neg_2271,-0.7708,0
Neg_1951,-1.34661,0
Neg_1856,-0.96476,0
Neg_1003,-1.30564,0
Neg_1901,-0.51485,0
Neg_1563,-1.21692,0
Neg_2201,-0.59933,0
Neg_2575,0.07374,0
Neg_1221,0.84262,0
Neg_340,0.40507,0
Neg_1074,0.90915,0
Neg_1374,1.41714,0
Neg_2571,-0.83512,0
Neg_1183,-0.79193,0
Neg_2870,-0.92691,0
Neg_1083,0.50462,0
Neg_167,1.98908,0
Neg_344,0.86264,0
Neg_1326,0.34611,0
Neg_1370,-1.01559,0
Neg_2695,-1.25639,0
Neg_1058,1.1611,0
Neg_1678,0.75616,0
Neg_610,-0.0134,0
Neg_897,-0.15576,0
Neg_132,-0.05418,0
Neg_677,1.96295,0
Neg_813,-1.31771,0
Neg_1019,-1.18751,0
Neg_828,-0.98701,0
Neg_1816,0.40204,0
Neg_253,-0.88108,0
Neg_1690,-0.00364,0
Neg_467,-0.51398,0
Neg_1677,-0.01956,0
Neg_1184,-0.37905,0
Neg_2363,-1.32896,0
Neg_2801,-0.6957,0
Neg_1607,-1.01062,0
Neg_2193,-0.34318,0
Neg_427,-0.61341,0
Neg_792,-0.70435,0
Neg_1150,0.71277,0
Neg_1620,4.14334,0
Neg_329,2.08551,0
Neg_412,-0.53829,0
Neg_2107,-0.78096,0
Neg_1347,-0.79826,0
Neg_2649,-0.36462,0
Neg_1559,-0.91646,0
Neg_176,-0.71252,0
Neg_826,-1.04552,0
Neg_1461,0.75323,0
Neg_281,1.59068,0
Neg_2733,-0.08943,0
Neg_2492,-0.30496,0
Neg_623,-0.69111,0
Neg_2280,-1.10441,0
Neg_751,-0.24503,0
Neg_2711,0.11481,0
Neg_844,1.17394,0
Neg_2577,0.21079,0
Neg_1087,-1.10186,0
Neg_388,-0.99568,0
Neg_670,-0.97319,0
Neg_1159,-1.16784,0
Neg_2772,-0.79169,0
Neg_1736,0.81744,0
Neg_339,-0.93146,0
Neg_2366,-1.02975,0
Neg_331,0.24203,0
Neg_1388,-0.35919,0
Neg_2112,-0.87979,0
Neg_1610,-0.49756,0
Neg_2146,-0.84653,0
Neg_525,-0.69911,0
Neg_2300,-0.71634,0
Neg_714,-1.08635,0
Neg_236,-0.99853,0
Neg_1515,0.6786,0
Neg_985,-0.36738,0
Neg_198,0.30806,0
Neg_2591,0.59203,0
Neg_1102,-1.174,0
Neg_1654,0.23379,0
Neg_2167,0.03849,0
Neg_1270,0.81205,0
Neg_590,-0.70266,0
Neg_1115,-0.56285,0
Neg_2846,0.32063,0
Neg_1838,-0.10038,0
Neg_548,-0.64923,0
Neg_2526,-0.97564,0
Neg_1922,-0.4554,0
Neg_2471,0.49634,0
Neg_1459,-0.9321,0
Neg_2356,-0.94605,0
Neg_801,0.26412,0
Neg_553,0.08886,0
Neg_1811,-1.49711,0
Neg_1158,-0.5118,0
Neg_391,0.66156,0
Neg_269,-1.026,0
Neg_2109,-0.67092,0
Neg_1279,-0.59642,0
Neg_197,0.15662,0
Neg_2312,-0.00999,0
Neg_1754,-0.35978,0
Neg_61,0.2676,0
Neg_587,-0.73993,0
Neg_35,-0.45756,0
Neg_1452,1.4533,0
Neg_341,-1.39704,0
Neg_709,-0.0705,0
Neg_1623,-0.31617,0
Neg_1835,-0.10995,0
Neg_1499,-0.18244,0
Neg_2701,1.97978,0
Neg_185,-0.14627,0
Neg_532,1.5981,0
Neg_1049,-1.22056,0
Neg_2203,-0.73872,0
Neg_351,-0.95245,0
Neg_1511,-1.44398,0
Neg_432,-1.11712,0
Neg_1708,-0.00355,0
Neg_1616,-1.3711,0
Neg_316,0.82128,0
Neg_1845,1.50829,0
Neg_1042,-1.3294,0
Neg_2467,-1.03708,0
Neg_76,0.16647,0
Neg_383,0.24607,0
Neg_1783,0.115,0
Neg_2387,-0.96495,0
Neg_161,-0.1731,0
Neg_297,-0.78709,0
Neg_1854,-0.37026,0
Neg_1749,0.89374,0
Neg_1467,-1.11326,0
Neg_1234,1.26604,0
Neg_969,-1.05983,0
Neg_2061,0.59012,0
Neg_241,0.54996,0
Neg_350,-1.01354,0
Neg_124,-0.22823,0
Neg_2482,-0.02359,0
Neg_1086,0.62859,0
Neg_2791,-1.12585,0
Neg_1879,-1.14179,0
Neg_1827,-0.0737,0
Neg_622,-0.18789,0
Neg_658,-0.9942,0
Neg_791,-0.11883,0
Neg_1472,-1.34451,0
Neg_196,-1.32685,0
Neg_1282,-0.43145,0
Neg_944,-1.11647,0
Neg_2374,-0.45864,0
Neg_1523,-1.11967,0
Neg_883,-0.24261,0
Neg_498,-0.43383,0
Neg_547,0.17424,0
Neg_1867,-1.11557,0
Neg_2901,-0.93125,0
Neg_1209,-1.22484,0
Neg_663,-1.38645,0
Neg_52,-0.08773,0
Neg_2436,-0.27112,0
Neg_942,0.111,0
Neg_2853,-0.97844,0
Neg_2596,-1.47918,0
Neg_2788,0.03631,0
Neg_1613,-1.17089,0
Neg_376,-1.2272,0
Neg_1539,1.11958,0
Neg_2129,-0.9044,0
Neg_1776,-0.19502,0
Neg_2748,0.73085,0
Neg_2084,-0.3563,0
Neg_934,0.1539,0
Neg_2877,-0.53876,0
Neg_1288,-0.56208,0
Neg_2819,-0.09631,0
Neg_1930,-0.6131,0
Neg_2505,0.92769,0
Neg_1975,0.30408,0
Neg_2331,2.30657,0
Neg_1728,0.38687,0
Neg_1310,-0.40642,0
Neg_852,-1.12055,0
Neg_2633,-0.70722,0
Neg_1747,0.13288,0
Neg_812,-0.01492,0
Neg_2030,-1.00234,0
Neg_1551,0.05564,0
Neg_1679,-0.98478,0
Neg_1249,-0.4945,0
Neg_243,-0.64354,0
Neg_2817,-0.8756,0
Neg_554,-0.59384,0
Neg_756,-0.35883,0
Neg_276,-0.70559,0
Neg_2656,-0.5422,0
Neg_480,1.76948,0
Neg_1664,-1.19215,0
Neg_149,-1.08929,0
Neg_2104,-0.47004,0
Neg_657,-1.44338,0
Neg_946,-0.97858,0
Neg_2273,0.65999,0
Neg_550,-0.07959,0
Neg_2142,-0.51514,0
Neg_987,-0.24424,0
Neg_207,0.06198,0
Neg_1126,0.77988,0
Neg_2865,-1.20565,0
Neg_2504,0.10554,0
Neg_2,-0.09997,0
Neg_2607,-0.84151,0
Neg_137,0.30479,0
Neg_1020,-0.48838,0
Neg_1755,0.49197,0
Neg_1942,-0.94939,0
Neg_1684,1.6525,0
Neg_1807,-0.23176,0
Neg_2548,-0.49367,0
Neg_1931,-0.77767,0
Neg_368,0.26507,0
NP01383,-0.89871,1
NP06615,-1.00727,1
NP07289,-0.71801,1
NP10706,0.4343,1
NP06413,-0.70156,1
NP07002,0.2506,1
NP06013,1.28205,1
NP07905,1.51856,1
NP06037,1.60712,1
NP06312,0.9426,1
NP09289,0.35273,1
NP01011,-0.68092,1
NP01453,1.54784,1
NP06668,0.24607,1
NP02209,-0.91581,1
NP01806,0.62646,1
NP09844,0.09733,1
NP02902,2.94592,1
NP01105,3.05718,1
NP06071,1.54166,1
NP07560,-0.79178,1
NP00803,0.08833,1
NP02175,0.2601,1
NP11065,-0.69714,1
NP06911,0.4753,1
NP04654,-1.13054,1
NP00357,0.93097,1
NP05821,-0.83961,1
NP09379,-0.07984,1
NP01973,-0.72894,1
NP10650,2.27442,1
NP09728,-0.54752,1
NP11120,-0.6248,1
NP08528,-0.15719,1
NP10951,0.63064,1
NP03962,0.00113,1
NP05936,-0.2203,1
NP08204,-0.44941,1
NP08996,-0.39062,1
NP07496,-0.95428,1
NP09370,0.25153,1
NP07908,2.90808,1
NP06403,-0.26168,1
NP06054,1.98344,1
NP04810,0.54534,1
NP11371,-0.15533,1
NP07837,0.04559,1
NP09481,-0.63081,1
NP02239,1.13622,1
NP07453,0.95421,1
NP04764,0.41985,1
NP04158,-0.62554,1
NP06987,-0.35782,1
NP01433,0.6176,1
NP04534,-0.06808,1
NP07086,2.09568,1
NP05516,-0.06664,1
NP05063,-0.38806,1
NP07269,0.50155,1
NP02755,-0.27823,1
NP05160,-0.73119,1
NP06035,1.90641,1
NP09486,0.34423,1
NP11162,-0.20441,1
NP04918,-0.78897,1
NP02297,2.5848,1
NP04799,0.6099,1
NP06246,0.48091,1
NP06774,0.62457,1
NP05423,0.16168,1
NP05932,-0.84251,1
NP06294,-0.70485,1
NP02530,3.17905,1
NP10595,-0.46812,1
NP03760,-0.22525,1
NP09525,-0.3694,1
NP08660,-1.28479,1
NP07479,0.55481,1
NP07037,-1.09555,1
NP07434,0.59368,1
NP09477,0.24895,1
NP06784,0.48314,1
NP07355,-0.74066,1
NP06870,1.53754,1
NP09352,-0.11838,1
NP07707,-0.05962,1
NP09784,-0.63411,1
NP01353,-0.64793,1
NP09887,-1.2331,1
NP04674,-0.07555,1
NP09161,-1.18817,1
NP05120,-0.79941,1
NP05410,0.59135,1
NP09361,0.78915,1
NP09284,2.46364,1
NP08168,0.94968,1
NP00761,0.74336,1
NP02104,-0.87647,1
NP03207,2.19426,1
NP11365,-0.82614,1
NP02019,0.10934,1
NP02207,-0.94453,1
NP05328,-1.52648,1
NP04642,-0.27312,1
NP07101,0.02058,1
NP07414,-1.23579,1
NP00909,1.50853,1
NP08937,0.65127,1
NP07140,0.05232,1
NP07351,0.75611,1
NP07928,-0.61662,1
NP09752,1.22676,1
NP10729,0.60366,1
NP10907,-0.67616,1
NP10303,-0.24551,1
NP03765,-0.13144,1
NP09802,1.30545,1
NP03485,3.31613,1
NP02446,-0.17738,1
NP07268,0.07507,1
NP07668,0.28327,1
NP04708,0.17282,1
NP05887,0.63803,1
NP09362,0.67729,1
NP01350,-1.48126,1
NP02533,2.72134,1
NP05110,-0.16092,1
NP04072,-0.03629,1
NP06286,1.60008,1
NP05525,1.12089,1
NP08523,1.49147,1
NP09921,-0.48835,1
NP07040,-0.42241,1
NP01821,0.37301,1
NP09789,1.27873,1
NP00034,-0.05094,1
NP07665,-0.303,1
NP06185,0.15933,1
NP07813,0.31235,1
NP01054,0.43822,1
NP09908,1.03264,1
NP05451,-0.68645,1
NP08483,1.76143,1
NP00352,0.24864,1
NP03774,-0.26598,1
NP06815,-0.17269,1
NP04705,-0.85706,1
NP03766,-0.84669,1
NP11075,0.10422,1
NP04789,0.76669,1
NP09791,1.48195,1
NP06287,-0.31273,1
NP08651,2.04362,1
NP06344,0.75329,1
NP07954,1.80595,1
NP10623,0.16771,1
NP04197,0.75283,1
NP08666,0.00229,1
NP02281,-0.10013,1
NP02028,-0.58685,1
NP05644,1.27323,1
NP02242,-0.25862,1
NP07290,0.05709,1
NP04798,1.30512,1
NP06231,1.58379,1
NP07262,-1.10615,1
NP07626,2.54681,1
NP08057,2.75627,1
NP06826,0.01099,1
NP07336,0.2414,1
NP04359,0.31235,1
NP05295,-0.87547,1
NP04666,-0.40761,1
NP06429,0.80845,1
NP07720,0.95989,1
NP01893,0.68529,1
NP07432,-0.1518,1
NP08838,0.72385,1
NP07048,0.21793,1
NP07092,-0.68744,1
NP11347,-0.82368,1
NP03368,1.55645,1
NP06836,-0.3844,1
NP09588,-0.10588,1
NP07359,-0.10598,1
NP05728,0.36375,1
NP02023,-0.85533,1
NP03799,1.77934,1
NP01356,-0.82543,1
NP08565,-0.96976,1
NP06625,-0.45577,1
NP05092,-0.86188,1
NP06869,0.81537,1
NP00041,-0.74817,1
NP06243,-0.90179,1
NP11322,-0.97533,1
NP06806,-1.0528,1
NP06903,-0.63131,1
NP10783,2.66157,1
NP02526,3.95111,1
NP09356,-0.41131,1
NP02520,3.6111,1
NP01819,-0.03103,1
NP06169,-0.3891,1
NP01411,-0.7816,1
NP01226,-0.11586,1
NP01741,-0.18732,1
NP07230,0.53391,1
NP01768,-0.94954,1
NP10810,-0.02141,1
NP02079,0.1222,1
NP02177,0.32429,1
NP04276,-0.43349,1
NP08176,0.21191,1
NP04628,-0.34613,1
NP04221,1.40703,1
NP01529,0.14299,1
NP09265,-0.42043,1
NP10292,0.3397,1
NP02816,0.81539,1
NP01352,-0.54215,1
NP08544,0.27503,1
NP11369,-0.06627,1
NP06971,1.80288,1
NP03791,-0.67819,1
NP07383,1.3234,1
NP07439,1.29908,1
NP01250,-0.54453,1
NP01533,0.46691,1
NP05506,-1.02382,1
NP08518,-1.02019,1
NP07575,-0.10419,1
NP02125,0.85677,1
NP09051,0.81892,1
NP08487,1.55782,1
NP01898,-1.16687,1
NP03523,3.39787,1
NP07577,0.88213,1
NP01295,0.4881,1
NP02584,-0.60712,1
NP06557,0.35938,1
NP08704,0.91759,1
NP03762,-0.00019,1
NP01775,-0.0558,1
NP06703,-1.27029,1
NP08253,-0.99138,1
NP06706,-0.45122,1
NP09779,-0.07302,1
NP06981,-0.45449,1
NP04814,2.26588,1
NP07571,0.8323,1
NP06573,-0.74401,1
NP01420,1.51407,1
NP08587,0.04751,1
NP03846,0.54122,1
NP09154,-0.82191,1
NP04206,-0.00742,1
NP05003,-0.94916,1
NP07241,0.91472,1
NP07494,-0.08412,1
NP01247,-0.8959,1
NP07861,-0.48871,1
NP02789,0.91057,1
NP06857,1.97331,1
NP01386,-0.53165,1
NP06420,-1.2337,1
NP08245,-0.90066,1
NP06575,-0.6175,1
NP07273,1.36411,1
NP06252,1.72779,1
NP09210,-1.21298,1
NP07421,0.26842,1
NP08446,2.7939,1
NP06432,0.46135,1
NP09755,0.26118,1
NP04054,0.93185,1
NP00885,2.48498,1
NP03057,-0.0879,1
NP04287,-0.49471,1
NP07623,0.57199,1
NP07387,2.59989,1
NP01494,-0.58856,1
NP05413,0.69294,1
NP04195,-1.01907,1
NP03592,1.74699,1
NP09722,2.5238,1
NP02008,-0.27362,1
NP02984,0.12921,1
NP05732,0.23434,1
NP08167,0.77031,1
NP06962,1.49733,1
NP01695,-0.81758,1
NP05218,-0.55139,1
NP04802,-0.015,1
NP06862,1.00707,1
NP03744,2.0199,1
NP08202,1.44071,1
NP05004,-0.62127,1
NP10833,-0.16677,1
NP05208,0.68053,1
NP01752,-0.19761,1
NP02251,3.69567,1
NP09152,-0.88291,1
NP01292,-0.8884,1
NP06275,1.59106,1
NP09386,0.47097,1
NP07274,0.91164,1
NP07232,1.46958,1
NP08056,2.46307,1
NP02561,-0.21601,1
NP07940,0.40596,1
NP02883,0.53868,1
NP08546,-0.15565,1
NP05089,0.97903,1
NP03759,-0.31355,1
NP06758,-1.11082,1
NP11314,0.15432,1
NP03367,-0.42791,1
NP09774,0.2534,1
NP01528,0.05439,1
NP01731,-0.13789,1
NP01535,0.00309,1
NP04211,-0.07208,1
NP05642,2.75088,1
NP05184,-0.63051,1
NP04629,-0.35125,1
NP06902,0.73827,1
NP06823,-1.20638,1
NP09803,1.24386,1
NP01323,-0.69623,1
NP03420,2.01299,1
NP03500,-0.53091,1
NP04372,-0.36378,1
NP00804,0.43472,1
NP00052,-0.04723,1
NP04822,0.29007,1
NP04668,-0.95511,1
NP04716,0.77611,1
NP01901,-0.47179,1
NP06751,0.36982,1
NP01483,-0.40883,1
NP01036,1.67467,1
NP01104,1.759,1
NP06288,1.76027,1
NP04658,-0.67393,1
NP07081,0.42005,1
NP05991,1.80559,1
NP01733,2.6543,1
NP09655,0.1964,1
NP08571,-1.10306,1
NP10815,0.6707,1
NP06996,-1.07945,1
NP00805,0.30941,1
NP06921,-0.70889,1
NP06419,-0.72547,1
NP02694,-1.25258,1
NP06307,0.37984,1
NP06406,-0.29644,1
NP05169,0.21349,1
NP05236,-0.46594,1
NP05768,1.12993,1
NP06636,2.32198,1
NP08573,1.11517,1
NP08547,-0.7436,1
NP11283,-0.38203,1
NP08606,-0.99825,1
NP08081,2.05334,1
NP04273,1.48652,1
NP09580,-0.1245,1
NP01484,-0.28318,1
NP01249,-0.27285,1
NP09891,0.14551,1
NP07407,0.41523,1
NP04362,0.20915,1
NP05197,-0.77261,1
NP06313,-0.43069,1
NP00714,0.20649,1
NP07718,-0.94582,1
NP02640,2.75077,1
NP08455,2.03325,1
NP08580,-0.45454,1
NP09912,0.22468,1
NP10736,3.00854,1
NP08878,0.382,1
NP06311,0.42752,1
NP07012,0.41376,1
NP08430,2.59687,1
NP10370,2.36344,1
NP02602,0.57442,1
NP02971,-0.33845,1
NP02108,0.29585,1
NP06879,-1.01046,1
NP01248,-0.59566,1
NP11334,-0.39296,1
NP04384,-0.76813,1
NP05921,2.60225,1
NP02026,-0.25072,1
NP04052,2.23999,1
NP10757,2.13088,1
NP00032,-0.62076,1
NP06350,-0.2931,1
NP04300,-0.46089,1
NP07879,-0.01761,1
NP07628,1.68946,1
NP10725,1.26062,1
NP04981,-0.71522,1
NP07459,0.61138,1
NP04344,0.41371,1
NP00953,-0.59456,1
NP06977,1.20485,1
NP01426,1.62028,1
NP04701,-0.51617,1
NP07826,-0.39714,1
NP06985,-0.08925,1
NP05220,0.54251,1
NP08261,1.58757,1
NP07074,1.00554,1
NP02467,2.73606,1
NP04788,0.24113,1
NP06026,0.88016,1
NP07663,1.16046,1
NP05437,1.50199,1
NP07412,-0.057,1
NP11344,-1.18798,1
NP03637,0.82219,1
NP04728,-0.52085,1
NP07812,-1.12943,1
NP05024,-0.33164,1
NP01709,1.61686,1
NP11285,-0.58996,1
NP07339,-0.52981,1
NP11277,-1.47255,1
NP07899,0.68063,1
NP07409,-0.76037,1
NP07545,-1.41017,1
NP06924,-0.00299,1
NP07075,0.59345,1
NP02817,0.74602,1
NP02939,-0.40377,1
NP01022,1.26291,1
NP06306,-0.76746,1
NP06666,-0.32216,1
NP06871,1.27621,1
NP08549,-0.60905,1
NP06244,-0.75606,1
NP01990,0.82294,1
NP01191,-0.18673,1
NP01499,-1.34824,1
NP02442,0.78688,1
NP05191,0.97997,1
NP01742,-0.73933,1
NP06910,-0.23243,1
NP06710,-0.29168,1
NP04686,1.0352,1
NP07666,-0.95221,1
NP10291,-0.01286,1
NP08767,1.76898,1
NP07348,1.51859,1
NP07474,1.26972,1
NP06622,-0.83067,1
NP04635,-1.15144,1
NP10080,0.15955,1
NP03078,0.66188,1
NP02599,0.11277,1
NP06785,-0.1234,1
NP01571,0.52215,1
NP01568,-0.35664,1
NP05802,-1.3625,1
NP08617,0.68899,1
NP04231,0.55492,1
NP04884,1.04753,1
NP02940,-0.41271,1
NP01777,0.58334,1
NP05394,-0.19613,1
NP02547,-0.77855,1
NP07926,-0.65138,1
NP07909,-0.106,1
NP09535,-0.23069,1
NP00792,-0.88574,1
NP01299,1.46135,1
NP11401,-0.40681,1
NP06352,-1.21156,1
NP03786,-0.11535,1
NP06901,0.33967,1
NP11047,2.3961,1
NP09986,0.6497,1
NP08988,-1.28314,1
NP09933,-0.05958,1
NP06304,-0.48826,1
NP07275,0.48488,1
NP01865,0.81247,1
NP06569,1.39575,1
NP02884,1.50299,1
NP00963,-0.54811,1
NP07179,1.71841,1
NP09336,0.09554,1
NP10752,1.18909,1
NP04715,-0.37732,1
NP09439,0.34406,1
NP01359,-1.27344,1
NP07224,-0.54828,1
NP07167,-1.40335,1
NP05478,2.48065,1
NP04711,0.22416,1
NP09658,-1.2213,1
NP02007,-0.94778,1
NP04352,-0.17786,1
NP05470,-0.50736,1
NP01290,0.1339,1
NP02074,-0.59831,1
NP01735,-1.22067,1
NP11305,-0.68551,1
NP07495,-0.87347,1
NP10593,-0.33292,1
NP03840,2.25885,1
NP00002,0.78409,1
NP10305,-1.10069,1
NP10274,-0.55784,1
NP05164,-0.20403,1
NP07609,0.08934,1
NP11303,-0.21615,1
NP09756,0.05348,1
NP02692,-0.34432,1
NP02701,0.65281,1
NP04768,0.91663,1
NP09527,0.07056,1
NP08706,2.3933,1
NP08540,-0.33708,1
NP00936,-0.80188,1
NP05697,-0.70959,1
NP00648,1.65569,1
NP11033,0.97368,1
NP06167,-0.3288,1
NP08769,0.93506,1
NP04403,0.5532,1
NP06568,1.14857,1
NP01734,0.81889,1
NP10596,-0.82464,1
NP04653,0.49375,1
NP05247,-0.44711,1
NP05117,-0.6561,1
NP00023,0.23797,1
NP06906,0.31627,1
NP03639,1.11569,1
NP09868,0.73009,1
NP01674,1.66769,1
NP11020,-0.47453,1
NP02603,-0.40003,1
NP07633,-0.16236,1
NP08511,0.14233,1
NP07054,-0.6563,1
NP07643,0.92689,1
NP11179,-0.7676,1
NP01673,0.47505,1
NP06966,0.06596,1
NP07418,0.94103,1
NP09936,1.65529,1
NP04770,1.46002,1
NP09132,0.19932,1
NP08375,0.37475,1
NP01754,-0.45563,1
NP08312,1.70779,1
NP07670,-0.06356,1
NP01618,1.71251,1
NP06591,1.37028,1
NP02843,1.13281,1
NP02646,0.31768,1
NP06872,0.53758,1
NP08429,-0.34783,1
NP04293,0.47099,1
NP02027,-1.09995,1
NP07794,0.02732,1
NP07491,-0.14792,1
NP06866,0.37212,1
NP07941,0.19865,1
NP10923,-1.15875,1
NP07443,-0.19489,1
NP07634,0.72058,1
NP01455,1.89281,1
NP10719,2.93157,1
NP00927,-0.34682,1
NP10664,-0.07155,1
NP09364,0.34375,1
NP06632,-0.18738,1
NP05107,1.03334,1
NP05858,0.91083,1
NP04088,-1.02592,1
NP07667,-0.42711,1
NP03469,0.30051,1
NP05651,-1.02254,1
NP09797,-0.15591,1
NP03273,-0.35629,1
NP01808,1.15703,1
NP07331,-1.46123,1
NP05131,0.34328,1
NP01851,1.17559,1
NP08997,-0.0406,1
NP09782,-1.00733,1
NP00713,0.96773,1
NP08201,-0.72922,1
NP07511,-0.56546,1
NP07051,-1.04581,1
NP09843,-0.2847,1
NP01301,0.06005,1
NP07261,1.29005,1
NP01252,-1.03736,1
NP10814,-0.49014,1
NP05401,2.67491,1
NP05188,-0.47995,1
NP10688,0.30759,1
NP07238,-1.43204,1
NP03785,-1.14105,1
NP06943,-0.33294,1
NP05275,0.7099,1
NP03782,-0.87895,1
NP05179,1.71393,1
NP04067,2.39812,1
NP07362,-0.48744,1
NP00912,0.34692,1
NP03507,2.65225,1
NP04632,-0.08838,1
NP01046,0.84321,1
NP10089,-1.19135,1
NP09045,-0.98088,1
NP01170,3.56492,1
NP02967,0.17066,1
NP01397,2.74543,1
NP00067,0.70656,1
NP09396,1.05184,1
NP06122,0.27078,1
NP06750,-0.47638,1
NP04975,-1.01741,1
NP01480,-0.29259,1
NP03477,0.63444,1
NP06968,0.53586,1
NP06305,0.14062,1
NP05151,-1.19257,1
NP06646,0.10852,1
NP07592,2.11856,1
NP10836,0.18825,1
NP10655,-0.21941,1
NP10811,-0.73728,1
NP11290,-0.85212,1
NP08434,0.6253,1
NP01225,1.49149,1
NP09849,-0.28274,1
NP03521,3.37051,1
NP04836,0.48106,1
NP04757,-1.2873,1
NP05800,0.12566,1
NP06140,2.94576,1
NP00578,-0.4849,1
NP02794,1.13471,1
NP01730,0.17798,1
NP06089,1.18809,1
NP08299,1.29931,1
NP11313,-0.09909,1
NP02909,0.06521,1
NP07951,-0.62367,1
NP08778,0.38707,1
NP00899,1.39063,1
NP11107,-0.59077,1
NP01298,0.68565,1
NP03495,-0.26189,1
NP05812,0.88828,1
NP01756,0.39588,1
NP00790,1.38676,1
NP11255,-1.26604,1
NP04412,-0.12612,1
NP03780,0.53188,1
NP06372,-1.34447,1
NP03668,1.57037,1
NP09711,-0.6405,1
NP10371,-0.40321,1
NP06093,2.43319,1
NP06692,-0.35938,1
NP09506,0.47289,1
NP07891,0.42944,1
NP09358,-0.20964,1
NP05226,1.70521,1
NP09346,-0.45951,1
NP01622,-0.58721,1
NP05957,-0.36179,1
NP05059,-1.00443,1
NP10652,1.4659,1
NP11150,-0.7947,1
NP01293,-0.4516,1
NP02527,4.24835,1
NP01519,-0.20242,1
NP07284,1.1676,1
NP04459,-0.80791,1
NP04693,0.27471,1
NP03479,3.06285,1
NP02862,1.03901,1
NP00755,0.24743,1
NP07795,-1.08809,1
NP08588,-0.36298,1
NP09316,-0.7818,1
NP06331,-0.26906,1
NP06334,1.51252,1
NP04241,-0.82772,1
NP05126,-0.44974,1
NP01257,0.03731,1
NP05476,0.93914,1
NP11325,-0.6542,1
NP05685,0.69635,1
NP06421,0.05695,1
NP10632,0.30277,1
NP08234,0.97868,1
NP00816,2.60577,1
NP09425,-0.28167,1
NP04226,1.76622,1
NP05118,-0.17159,1
NP06833,-0.14937,1
NP02512,-0.71217,1
NP07204,1.6286,1
NP07097,-0.19281,1
NP03243,-0.00677,1
NP07647,1.36661,1
NP02151,1.76337,1
NP05505,-0.51626,1
NP09430,0.17006,1
NP08550,-0.75876,1
NP05710,-1.03377,1
NP04627,-0.59085,1
NP05857,0.59704,1
NP02798,0.50182,1
NP01463,1.30021,1
NP08440,1.74288,1
NP05125,-1.03901,1
NP02516,-0.28383,1
NP08488,2.44658,1
NP07435,1.72386,1
NP05161,-1.0656,1
NP01753,-0.42857,1
NP07386,-1.00535,1
NP01780,0.02875,1
NP02795,1.97407,1
NP06822,-1.5198,1
NP03585,0.90069,1
NP01787,0.55856,1
NP09754,-0.63764,1
NP10353,-0.871,1
NP06051,0.70868,1
NP07544,-0.84057,1
NP02590,-1.05706,1
NP08653,0.24385,1
NP07126,1.14824,1
NP05953,1.53048,1
NP09299,-0.03436,1
NP05755,0.93177,1
NP04443,0.281,1
NP02567,0.08883,1
NP01899,-0.54461,1
NP06697,-0.39565,1
NP02899,0.75739,1
NP11102,-1.09917,1
NP08577,-0.43267,1
NP05163,-0.35754,1
NP07254,-1.24892,1
NP01737,0.1065,1
NP06997,-0.16082,1
NP08773,0.40578,1
NP04758,-0.60512,1
NP06993,0.26017,1
NP00915,1.62144,1
NP09273,-0.86542,1
NP02146,-0.96853,1
NP04386,-0.49997,1
NP01766,-1.18211,1
NP09159,-1.16213,1
NP09213,0.30475,1
NP01354,-1.05346,1
NP07938,-0.90293,1
NP04053,2.30445,1
NP01335,-0.85041,1
NP08478,1.16955,1
NP06594,1.01216,1
NP04031,-0.99684,1
NP02947,1.0568,1
NP10278,-1.08893,1
NP01146,1.49503,1
NP06417,-0.40938,1
NP01304,0.0951,1
NP01346,-0.57655,1
NP06649,-0.37567,1
NP07354,0.26355,1
NP04997,0.16814,1
NP04093,0.86066,1
NP07814,-0.027,1
NP01885,0.74668,1
NP00806,0.72787,1
NP00865,0.16232,1
NP09881,0.62281,1
NP09311,0.4,1
NP02017,0.12804,1
NP08581,-0.4467,1
NP09916,-0.36351,1
NP06427,0.31211,1
NP00053,0.26121,1
NP09298,-0.11013,1
NP09909,-0.46564,1
NP09305,-0.95737,1
NP00055,-1.03205,1
NP07581,0.51598,1
NP04791,-0.49536,1
NP10722,1.38507,1
NP01206,1.96833,1
NP10091,0.37331,1
NP09288,1.23146,1
NP07572,-0.82893,1
NP07044,0.31226,1
NP05097,-0.55587,1
NP02172,1.51688,1
NP05452,-1.47213,1
NP07391,-1.32351,1
NP01524,-0.43404,1
NP06691,0.3942,1
NP06044,1.20342,1
NP05496,0.78449,1
NP09313,-0.06363,1
NP06410,-0.2962,1
NP07468,0.24152,1
NP00035,-0.91804,1
NP05891,0.03096,1
NP05940,2.2402,1
NP06905,1.59634,1
NP09733,-0.4312,1
NP06576,-0.15974,1
NP05103,-0.62768,1
NP08976,-0.38187,1
NP05219,-0.13471,1
NP03724,-0.68496,1
NP07903,0.3069,1
NP03808,0.30483,1
NP09491,2.03884,1
NP08146,2.35888,1
NP00036,0.00217,1
NP05199,0.03327,1
NP03163,2.27634,1
NP04650,-0.64505,1
NP11008,0.1111,1
NP07003,0.72653,1
NP00924,-0.06157,1
NP05839,3.16917,1
NP05204,0.01566,1
NP07579,1.22691,1
NP09785,0.27407,1
NP09420,0.65172,1
NP07631,1.91088,1
NP04964,-1.10936,1
NP07116,2.30556,1
NP08515,1.44452,1
NP08956,0.61066,1
NP02519,-0.33044,1
NP02016,-0.48321,1
NP10717,2.317,1
NP10733,0.69181,1
NP07380,3.40451,1
NP07165,0.65311,1
NP02588,-0.27898,1
NP07446,-0.58556,1
NP05203,1.03347,1
NP06302,0.55873,1
NP02544,-0.57524,1
NP05885,-1.27935,1
NP07255,0.6835,1
NP06984,-1.19981,1
NP06059,-0.67733,1
NP06835,-0.02154,1
NP08604,-1.17279,1
NP09164,0.36146,1
NP11108,-0.3333,1
NP05096,-0.51419,1
NP04406,0.29631,1
NP05890,0.93008,1
NP07464,-1.21274,1
NP06418,-0.18694,1
NP08246,-0.15822,1
NP04291,0.78446,1
NP07463,1.06119,1
NP08426,1.90678,1
NP07447,4.06977,1
NP07562,-0.98912,1
NP07080,0.55672,1
NP11340,-1.24551,1
NP01384,-0.62648,1
NP06184,1.26689,1
NP08799,0.69031,1
NP09363,-0.67077,1
NP10995,-0.35577,1
NP02542,1.59286,1
NP09790,1.33536,1
NP06660,0.10835,1
NP04630,-0.277,1
NP05227,0.20155,1
NP08585,-0.56447,1
NP07536,-0.24808,1
NP05264,0.84858,1
NP01550,-0.41308,1
NP02268,-1.29564,1
NP03567,1.00318,1
NP07927,-1.086,1
NP10821,-0.08408,1
NP11378,-0.60623,1
NP01970,0.23219,1
NP09878,-0.79042,1
NP09055,0.32742,1
NP00501,-0.06784,1
NP09046,-0.82552,1
NP05709,-0.10131,1
NP07637,0.22419,1
NP04702,-1.08799,1
NP04737,-0.48121,1
NP04841,0.04891,1
NP06128,0.16635,1
NP05852,0.96783,1
NP01900,-0.54186,1
NP06994,-1.17769,1
NP04186,2.30881,1
NP01527,0.79969,1
NP01909,0.204,1
NP07415,1.31331,1
NP06792,-0.37832,1
NP10974,-0.22572,1
NP07583,-0.08397,1
NP07371,-0.11277,1
NP01477,-0.43373,1
NP05189,0.59906,1
NP04808,-0.43551,1
NP06991,0.4944,1
NP07485,-0.44621,1
NP10277,-1.25053,1
NP08602,-0.83405,1
NP09874,0.21554,1
NP06988,0.17501,1
NP06963,-0.41899,1
NP04290,1.32085,1
NP05529,1.00653,1
NP01800,1.28217,1
NP02465,1.50573,1
NP06689,-0.38559,1
NP05538,0.23191,1
NP06810,-0.43995,1
NP04840,-0.40831,1
NP01004,-0.89384,1
NP04227,1.39644,1
NP08698,1.30785,1
NP10275,-1.20585,1
NP02941,0.00424,1
NP02799,1.9536,1
NP10758,1.53434,1
NP06864,0.31788,1
NP01531,0.01467,1
NP03465,1.00364,1
NP07151,0.44536,1
NP08520,0.82075,1
NP06719,-0.88232,1
NP01919,0.34611,1
NP07436,-0.60794,1
NP07010,0.86327,1
NP07259,1.41489,1
NP06892,0.74935,1
NP05664,-0.36111,1
NP06894,0.6614,1
NP01306,0.62281,1
NP06720,-0.3615,1
NP06837,-0.30151,1
NP08806,0.50075,1
NP01749,0.03779,1
NP11205,-0.79848,1
NP09880,0.57249,1
NP05123,-0.17277,1
NP10933,0.01096,1
NP05354,-0.71944,1
NP01223,2.29428,1
NP01138,1.23546,1
NP05154,-0.73013,1
NP08526,-0.24952,1
NP09667,0.03358,1
NP06118,0.86051,1
NP05742,-0.27674,1
NP06677,0.26853,1
NP11286,-0.75755,1
NP06301,-0.19769,1
NP04868,0.83703,1
NP01195,-0.13071,1
NP01284,1.73774,1
NP03373,0.61913,1
NP03428,1.17542,1
NP04640,-0.32236,1
NP02258,2.05036,1
NP01255,0.24445,1
NP07554,-1.02716,1
NP05090,0.27485,1
NP07573,0.35521,1
NP08244,-1.27981,1
NP09586,1.81055,1
NP11235,0.16207,1
NP07365,2.09913,1
NP01727,2.2971,1
NP03041,-1.17997,1
NP02492,-0.94948,1
NP01748,0.29328,1
NP07444,-1.48724,1
NP04679,0.24866,1
NP07252,-0.05164,1
NP07322,-0.34974,1
NP01651,0.63271,1
NP02102,-0.38704,1
NP07382,0.45201,1
NP04157,0.30855,1
NP05537,0.04673,1
NP05939,0.42139,1
NP09635,-0.19831,1
NP07011,1.3257,1
NP04746,0.20179,1
NP01324,-0.14047,1
NP09694,-1.48135,1
NP08579,0.03157,1
NP01245,0.20773,1
NP00064,0.85734,1
NP09599,-0.89205,1
NP00786,-0.61735,1
NP09955,-0.8124,1
NP09419,-0.23035,1
NP11297,-0.63938,1
NP08659,-0.92926,1
NP04759,-0.37389,1
NP02928,-0.86372,1
NP06187,1.3329,1
NP07249,-1.35883,1
NP01211,-1.16056,1
NP00028,-1.24462,1
NP04778,0.47713,1
NP11356,-1.12248,1
NP10734,-0.85351,1
NP07725,-0.61106,1
NP06332,0.90708,1
NP09165,-0.99956,1
NP05922,-0.93802,1
NP02270,-1.11049,1
NP08051,1.86772,1
NP02531,0.36016,1
NP07551,-1.16165,1
NP06347,-0.46238,1
NP06114,-1.29169,1
NP06967,0.3918,1
NP06952,2.18821,1
NP05468,0.11834,1
NP06353,-0.97682,1
NP04665,-0.46329,1
NP10778,0.90124,1
NP09418,-0.29182,1
NP01833,0.58059,1
NP07912,-1.00159,1
NP04437,-0.18244,1
NP06830,-0.3483,1
NP10703,-0.43985,1
NP07278,1.62151,1
NP10782,-0.27965,1
NP11066,-0.99551,1
NP01282,2.9233,1
NP07559,-0.01123,1
NP04690,-0.85081,1
NP07966,-1.12865,1
NP03545,0.62604,1
NP05174,0.9084,1
NP04915,-1.29719,1
NP08009,0.22489,1
NP01501,-0.63876,1
NP10658,2.11109,1
NP01803,0.1395,1
NP01675,1.64526,1
NP01773,0.5989,1
NP10629,2.15822,1
NP07403,-1.30299,1
NP00045,0.92806,1
NP07590,1.92284,1
NP10820,0.38361,1
NP06916,0.98888,1
NP02370,1.22239,1
NP00030,-0.48484,1
NP05094,1.11077,1
NP02705,0.33122,1
NP09876,1.04891,1
NP01655,-0.52359,1
NP10801,3.16086,1
NP11368,-1.04635,1
NP04769,1.19872,1
NP06623,-0.6067,1
NP09786,-0.73622,1
NP04447,-0.71406,1
NP03783,-0.94575,1
NP08632,-0.23578,1
NP04826,-1.50914,1
NP07067,1.94837,1
NP07123,-0.68693,1
NP01828,0.74483,1
NP10797,-0.09551,1
NP06831,0.17113,1
NP02828,1.34186,1
NP09348,2.01347,1
NP02809,-0.15058,1
NP02525,3.21122,1
NP04922,-1.17402,1
NP00889,3.04014,1
NP11361,-0.98377,1
NP04306,0.33187,1
NP09885,-0.81385,1
NP05937,-0.5209,1
NP01883,-1.00182,1
NP04731,1.30209,1
NP10649,2.3861,1
NP11370,-0.77036,1
NP01013,0.07111,1
NP00866,0.75169,1
NP05267,4.08507,1
NP03801,0.12389,1
NP06346,-0.96516,1
NP09261,-1.16989,1
NP02578,-0.56557,1
NP06426,0.22668,1
NP09795,-0.66552,1
NP06234,-0.427,1
NP10348,-0.75307,1
NP07400,-0.26687,1
NP04879,0.40146,1
NP04371,-0.88484,1
NP07646,0.96746,1
NP04039,3.46608,1
NP03763,-0.32651,1
NP05683,-0.82356,1
NP04303,-0.95476,1
NP05073,-0.78562,1
NP09133,-0.35499,1
NP09042,-0.75391,1
NP02010,0.65644,1
NP06873,0.72139,1
NP06593,0.39809,1
NP08671,-1.34002,1
NP04920,-0.79872,1
NP09041,-0.39558,1
NP09592,0.47951,1
NP03644,1.94064,1
NP09069,0.24788,1
NP07935,1.01302,1
NP05663,3.55549,1
NP05893,0.74124,1
NP01822,0.22826,1
NP07561,-0.91871,1
NP07807,-1.14264,1
NP06559,-0.79539,1
NP06934,-0.60126,1
NP05791,-0.10119,1
NP06207,0.41024,1
NP05666,0.05826,1
NP07406,0.70847,1
NP01813,0.51851,1
NP09044,-1.04531,1
NP08271,1.86797,1
NP04229,0.36684,1
NP05198,0.06872,1
NP07318,-0.79901,1
NP10735,-0.4995,1
NP09662,-0.16364,1
NP07342,0.70052,1
NP07153,0.334,1
NP07134,1.1342,1
NP05181,-0.22204,1
NP01186,0.94025,1
NP08248,-0.97545,1
NP02917,0.69692,1
NP04646,-0.1254,1
NP07467,1.08412,1
NP07096,-0.6937,1
NP11064,-0.846,1
NP03761,-0.07929,1
NP07155,1.4523,1
NP06909,-1.11542,1
NP08846,0.20886,1
NP04940,-0.49986,1
NP03800,2.13254,1
NP08593,0.24364,1
NP02943,2.27373,1
NP02587,-0.84046,1
NP06657,2.10727,1
NP09845,-0.60431,1
NP09888,0.75818,1
NP11399,0.2023,1
NP07335,-0.68941,1
NP01820,0.40163,1
NP05185,0.59695,1
NP09901,3.41566,1
NP09899,0.26664,1
NP07177,1.01896,1
NP07968,0.50587,1
NP03028,-0.68356,1
NP11069,1.17184,1
NP07138,0.15696,1
NP09927,-0.1057,1
NP06880,0.05523,1
NP02061,2.75357,1
NP07955,-0.24384,1
NP02234,0.90293,1
NP04032,-0.27041,1
NP03458,1.80358,1
NP03805,-0.99849,1
NP07021,0.78193,1
NP07937,-0.24453,1
NP02162,-0.20473,1
NP01817,0.38187,1
NP09350,-0.57248,1
NP07077,2.00089,1
NP11323,-0.93793,1
NP04783,-0.37566,1
NP04803,0.9855,1
NP06923,1.8101,1
NP04694,0.56749,1
NP01905,-1.03023,1
NP07102,1.70812,1
NP04220,0.67211,1
NP06794,-0.23553,1
NP06193,-0.82975,1
NP11352,-1.29144,1
NP07659,1.1015,1
NP07217,1.98386,1
NP06221,-0.2074,1
NP02644,1.04064,1
NP04807,0.41307,1
NP08519,0.89843,1
NP07423,-1.31738,1
NP03854,0.00742,1
NP05739,-1.07349,1
NP07825,0.90414,1
NP06922,0.41052,1
NP11149,-1.2604,1
NP07969,2.05089,1
NP03476,0.69696,1
NP11398,-0.11928,1
NP06078,3.33999,1
NP05764,1.90279,1
NP00850,1.88031,1
NP03810,-0.52832,1
NP07095,0.05393,1
NP05540,-0.4304,1
NP05514,-0.75352,1
NP06895,0.47886,1
NP10723,0.89506,1
NP09536,-1.19772,1
NP00776,-0.47585,1
NP03795,-0.58452,1
NP09906,0.50912,1
NP11106,-0.17916,1
NP05789,-1.10093,1
NP08721,0.66337,1
NP10756,0.65656,1
NP02949,-0.43928,1
NP08551,-0.51011,1
NP11076,2.31117,1
NP06084,0.65862,1
NP04661,-1.47869,1
NP06696,-1.28252,1
NP07706,0.16935,1
NP09301,1.54184,1
NP05130,-0.4354,1
NP07932,0.2949,1
NP05743,-0.16302,1
NP07455,-0.06,1
NP10630,-0.476,1
NP04767,0.19364,1
NP04424,0.06622,1
NP09415,-0.42088,1
NP05023,-0.55736,1
NP06998,1.15108,1
NP01307,-0.85299,1
NP08712,0.42611,1
NP11360,-0.7713,1
NP05225,2.34371,1
NP07337,0.79353,1
NP01339,-1.17896,1
NP11366,0.28063,1
NP06570,0.1212,1
NP08080,2.40103,1
NP04210,-0.47287,1
NP01536,1.15589,1
NP06072,1.59125,1
NP05037,-1.23766,1
NP07292,-0.70255,1
NP07808,-0.10182,1
NP02911,-0.04391,1
NP06400,-0.42783,1
NP04286,0.75544,1
NP11078,-0.01421,1
NP11251,-0.65547,1
NP06545,0.30781,1
NP09337,-1.14679,1
NP07166,-1.09927,1
NP07429,0.16618,1
NP06898,-0.89666,1
NP07272,0.90734,1
NP03716,-0.91058,1
NP07236,-0.52822,1
NP01400,1.23776,1
NP06964,0.86185,1
NP06749,-0.1387,1
NP04811,-0.41286,1
NP04871,0.08849,1
NP05088,-0.34732,1
NP09695,-1.1505,1
NP07591,-0.97367,1
NP07242,0.31197,1
NP07679,-0.13048,1
NP05172,0.84183,1
NP04180,1.65948,1
NP10812,-0.02425,1
NP06711,-1.08509,1
NP05166,-0.37177,1
NP04870,0.2337,1
NP09204,0.65367,1
NP09659,0.02837,1
NP05202,-0.59937,1
NP00048,0.09403,1
NP07546,-0.67445,1
NP01832,0.7081,1
NP00037,-0.93563,1
NP05034,-0.87845,1
NP08700,0.84462,1
NP07017,-0.34747,1
NP03208,1.90815,1
NP03601,-0.21705,1
NP03600,-0.16496,1
NP06150,-0.74478,1
NP01244,-0.30351,1
NP09110,-0.17291,1
NP01724,-0.34744,1
NP09018,-0.65257,1
NP00759,-0.70374,1
NP10994,0.85314,1
NP03491,-1.06566,1
NP02643,2.03909,1
NP06920,1.01073,1
NP02813,0.56723,1
NP09675,-1.00974,1
NP08186,3.30136,1
NP09661,-0.94016,1
NP06409,1.64592,1
NP10955,-0.48113,1
NP07000,-0.93222,1
NP03950,-0.52721,1
NP06296,1.64099,1
NP09593,0.14368,1
NP07076,2.20919,1
NP04651,-0.5254,1
NP05395,1.65456,1
NP09053,-0.83706,1
NP01746,-0.68774,1
NP09714,-0.65086,1
NP03828,2.16972,1
NP04274,0.06738,1
NP04230,0.27987,1
NP08949,-0.05781,1
NP05159,0.32044,1
NP09040,-1.20195,1
NP02109,1.64445,1
NP04662,-0.23596,1
NP01801,1.06934,1
NP00905,0.01067,1
NP08575,-1.46757,1
NP07596,0.35949,1
NP08465,2.59101,1
NP08609,1.09475,1
NP01678,-0.68967,1
NP09003,-0.54476,1
NP06154,-1.38155,1
NP00784,2.19211,1
NP05724,-0.31204,1
NP08959,0.35819,1
NP00060,1.3665,1
NP03480,2.10466,1
NP05036,1.48196,1
NP08679,-1.07385,1
NP02539,2.43065,1
NP09776,0.5893,1
NP05522,-1.01378,1
NP07490,-0.82582,1
NP09798,-1.34097,1
NP04657,-0.89605,1
NP02938,0.19025,1
NP02056,-0.6709,1
NP07936,0.41182,1
NP05177,0.77422,1
NP05531,0.41591,1
NP04794,-0.72327,1
NP02447,-0.12169,1
NP05116,-0.4009,1
NP06949,0.80385,1
NP04339,0.37678,1
NP02591,-0.93929,1
NP01862,-0.21095,1
NP04631,-0.89305,1
NP06009,5.22246,1
NP07160,-0.09687,1
NP09758,-0.02998,1
NP01518,-0.46295,1
NP11304,-0.31139,1
NP02691,-0.45177,1
NP09929,-0.2239,1
NP07013,1.63785,1
NP03777,-0.37132,1
NP00901,1.95643,1
NP06728,-0.64681,1
NP07809,0.04863,1
NP05687,0.97664,1
NP04200,-0.82631,1
NP09106,-0.53841,1
NP06707,0.98757,1
NP03587,0.8397,1
NP02972,-0.89924,1
NP04949,-1.14857,1
NP00894,0.32031,1
NP11293,-0.06902,1
NP01891,0.07888,1
NP01968,0.15555,1
NP06844,0.25781,1
NP03887,0.29538,1
NP07578,1.27339,1
NP01924,0.05205,1
NP04279,-0.03625,1
NP10788,0.1579,1
NP07550,-1.12787,1
NP09414,1.3662,1
NP09440,-0.85945,1
NP09285,0.33857,1
NP04649,2.39689,1
NP09904,-0.66766,1
NP01077,-0.81312,1
NP06754,-1.12303,1
NP00710,-0.28819,1
NP02003,-1.3933,1
NP00768,0.59898,1
NP08906,1.03706,1
NP02924,1.08423,1
NP10832,0.11565,1
NP07137,0.72454,1
NP05534,-0.14074,1
NP07640,0.30365,1
NP00817,-0.56435,1
NP06889,0.73359,1
NP08461,0.06854,1
NP06551,2.17366,1
NP08512,0.53944,1
NP03756,1.71089,1
NP05838,0.14911,1
NP08586,0.50505,1
NP11375,-0.61819,1
NP07424,-1.27628,1
NP03768,-0.20659,1
NP01068,0.33719,1
NP09919,-1.02746,1
NP06224,-0.43201,1
NP09052,0.15395,1
NP09792,-0.51626,1
NP01969,0.71177,1
NP06644,-0.59536,1
NP03788,-0.43015,1
NP06170,1.33514,1
NP08451,2.17124,1
NP05195,2.04021,1
NP01253,-0.30998,1
NP09764,0.17958,1
NP01794,0.22372,1
NP06199,0.58251,1
NP07027,0.01839,1
NP05048,-1.11495,1
NP09355,3.8773,1
NP08569,-0.49029,1
NP09948,0.60968,1
NP01739,0.18529,1
NP06867,0.38602,1
NP02592,0.02408,1
NP07063,1.02128,1
NP06411,2.15134,1
NP09353,0.22239,1
NP08422,1.04628,1
NP01963,0.15192,1
NP06023,-0.25452,1
NP01795,1.02433,1
NP10755,1.15221,1
NP03536,1.28931,1
NP01357,1.33462,1
NP10350,-0.94397,1
NP04363,-0.78237,1
NP02596,0.44289,1
NP06954,-0.87318,1
NP08265,1.52982,1
NP08542,-0.37077,1
NP04817,1.04071,1
NP04755,-1.13421,1
NP02645,0.8347,1
NP08568,-0.94121,1
NP11395,-1.06404,1
NP03089,1.13073,1
NP06055,0.3118,1
NP10256,1.17908,1
NP09683,-1.11034,1
NP07030,-0.58939,1
NP11358,-0.52829,1
NP05020,-1.20413,1
NP10383,0.77842,1
NP04756,-0.50811,1
NP00800,2.10619,1
NP08622,-0.81782,1
NP07196,-0.91152,1
NP08262,0.97063,1
NP06079,0.49643,1
NP08454,-0.32884,1
NP01178,3.04543,1
NP05536,-0.88314,1
NP06161,2.72162,1
NP10819,-0.48237,1
NP05843,2.9334,1
NP06165,0.15229,1
NP08458,0.43205,1
NP01784,1.30149,1
NP07687,0.40527,1
NP09591,0.42976,1
NP09590,0.79509,1
NP06235,-0.04352,1
NP06845,0.30964,1
NP09827,1.51092,1
NP04734,0.03469,1
NP01409,-0.78525,1
NP07493,-0.49851,1
NP09371,0.23901,1
NP05493,-0.16372,1
NP11362,-0.44762,1
NP05043,-1.04099,1
NP01743,0.06913,1
NP06299,-0.21635,1
NP02344,1.99652,1
NP05105,0.34355,1
NP04050,2.1892,1
NP07210,1.54404,1
NP04353,-0.47148,1
NP07705,0.39599,1
NP03124,-1.10396,1
NP07094,1.23122,1
NP01809,1.16058,1
NP02244,2.387,1
NP11284,-0.094,1
NP10977,-0.82589,1
NP07347,-0.54953,1
NP07032,0.59616,1
NP09416,2.21324,1
NP01649,-1.4127,1
NP02696,1.36889,1
NP06667,0.12423,1
NP05106,0.47734,1
NP02684,1.12133,1
NP11031,-1.29182,1
NP06690,-1.12116,1
NP10594,-0.45525,1
NP09464,1.73547,1
NP03784,-0.73491,1
NP10358,-1.32968,1
NP05104,-0.62441,1
NP00353,0.6916,1
NP05380,-0.21756,1
NP09149,-1.42573,1
NP05486,-0.53239,1
NP09475,-0.72046,1
NP06548,0.33598,1
NP07894,0.05799,1
NP06899,0.62837,1
NP06989,0.78873,1
NP01474,-0.1148,1
NP01732,-0.37832,1
NP07139,1.45384,1
NP08450,1.58444,1
NP06693,-0.89312,1
NP03802,0.21159,1
NP08669,-0.97168,1
NP09397,1.36396,1
NP02020,-0.26376,1
NP05856,1.05679,1
NP06643,-0.49618,1
NP08517,0.53084,1
NP02699,0.65275,1
NP04772,-0.17183,1
NP04894,0.69664,1
NP02000,-0.51181,1
NP10786,1.04239,1
NP05756,1.43345,1
NP06348,1.47657,1
NP04175,-0.41296,1
NP07451,0.65716,1
NP04673,-0.76792,1
NP01621,-0.40335,1
NP07115,2.12066,1
NP01728,-0.32189,1
NP10827,1.08971,1
NP06945,0.33298,1
NP04304,-0.99213,1
NP04655,0.36961,1
NP07907,2.60847,1
NP08251,-1.24843,1
NP08256,0.7027,1
NP08491,0.12877,1
NP10627,2.09133,1
NP07384,1.12433,1
NP02950,0.20273,1
NP06329,0.75303,1
NP09766,-1.54657,1
NP03418,1.87664,1
NP01193,1.19055,1
NP00954,0.4001,1
NP03522,-1.11528,1
NP01393,-1.13009,1
NP08155,0.54239,1
NP06793,0.02228,1
NP11299,-0.35646,1
NP02846,1.41207,1
NP07240,0.15317,1
NP06550,1.64091,1
NP02650,1.19685,1
NP01241,-0.21131,1
NP08994,0.03211,1
NP04671,-0.20695,1
NP07228,-1.08819,1
NP09676,-0.41448,1
NP07047,0.0173,1
NP10697,-0.59186,1
NP04795,0.53707,1
NP11300,-0.34502,1
NP04834,-0.03127,1
NP03456,2.28761,1
NP04813,1.01279,1
NP04667,-0.97007,1
NP03106,0.83244,1
NP03090,0.80396,1
NP05158,-0.18599,1
NP10646,1.09133,1
NP04754,0.2659,1
NP02521,3.7609,1
NP07906,1.84824,1
NP01430,1.1016,1
NP01827,1.46956,1
NP05207,1.16477,1
NP05109,-1.03698,1
NP02573,-1.01248,1
NP07893,0.93572,1
NP10031,-0.1898,1
NP03832,2.86345,1
NP10352,-0.94323,1
NP08259,2.13579,1
NP00939,-1.35583,1
NP09866,1.21867,1
NP10273,-0.87772,1
NP07222,1.72817,1
NP10269,-0.97989,1
NP07419,0.0851,1
NP05322,-1.24133,1
NP01239,-0.1428,1
NP01256,0.20383,1
NP00775,-1.40272,1
NP02550,-0.09583,1
NP07286,-0.07128,1
NP08656,-0.00379,1
NP05411,0.15962,1
NP04479,-0.54374,1
NP04765,-1.27231,1
NP01729,0.36294,1
NP10597,-0.5631,1
NP08907,0.83293,1
NP01041,1.98844,1
NP01050,1.40725,1
NP06648,-1.21608,1
NP06333,-1.21088,1
NP06554,0.94089,1
NP08694,-1.4927,1
NP04355,-0.87068,1
NP11021,1.08216,1
NP05002,-0.81156,1
NP11073,2.6176,1
NP02669,-1.26515,1
NP06890,-0.43196,1
NP11239,1.19926,1
NP04043,3.08286,1
NP10148,-0.64739,1
NP11119,-1.18127,1
NP07913,-0.92691,1
NP02015,0.18895,1
NP04348,-0.27621,1
NP06173,1.15969,1
NP03455,1.83322,1
NP07654,0.29168,1
NP07426,2.3296,1
NP07957,0.25105,1
NP07944,-0.9066,1
NP06195,0.71054,1
NP11068,1.80859,1
NP11294,-0.28053,1
NP01619,0.85788,1
NP06053,-0.27358,1
NP04729,0.11821,1
NP02523,3.27895,1
NP04354,0.03487,1
NP08862,0.55972,1
NP05751,1.65624,1
NP05765,0.67102,1
NP07320,1.81175,1
NP07442,-1.06599,1
NP04846,-0.0859,1
NP05818,2.48084,1
NP07356,1.36012,1
NP07448,0.142,1
NP04933,-0.80241,1
NP02827,2.07656,1
NP04057,2.51987,1
NP05694,2.67541,1
NP09360,0.77071,1
NP09740,-0.21598,1
NP01198,1.05687,1
NP07343,0.66433,1
NP09002,-0.32641,1
NP02969,-0.28276,1
NP04824,1.11162,1
NP01396,-0.32015,1
NP07148,-0.42667,1
NP02543,-0.77905,1
NP04342,0.20978,1
NP11252,0.90859,1
NP04284,-0.57603,1
NP04250,-1.067,1
NP07332,-0.34496,1
NP08154,0.10924,1
NP04916,-1.01738,1
NP07326,-0.51034,1
NP03858,-0.04291,1
NP04851,-0.32976,1
NP03534,0.16616,1
NP11301,-1.00191,1
NP00605,-0.59016,1
NP00945,0.48771,1
NP10896,-0.36225,1
NP04294,-0.40448,1
NP09869,0.06538,1
NP06877,2.13511,1
NP04917,-1.10266,1
NP08467,1.75483,1
NP06326,-0.61449,1
NP00874,-0.12514,1
NP07901,-0.13054,1
NP01382,-0.57187,1
NP04367,-0.1435,1
NP08163,0.98123,1
NP04641,0.11752,1
NP11336,-0.23306,1
NP05758,0.5187,1
NP07469,-1.31257,1
NP06292,1.41988,1
NP08296,1.61931,1
NP00359,0.21376,1
NP11156,-0.78265,1
NP06049,-1.3115,1
NP11007,2.1009,1
NP04706,0.22728,1
NP05945,0.60728,1
NP02005,-1.12244,1
NP01490,-0.4963,1
NP02962,1.60669,1
NP00769,0.00082,1
NP04041,2.15291,1
NP06855,-0.71871,1
NP05007,-0.33148,1
NP08783,1.4094,1
NP06941,-1.27091,1
NP04358,-0.0091,1
NP07352,1.69186,1
NP01021,0.90682,1
NP03518,3.00397,1
NP01470,-0.17812,1
NP09767,-1.16495,1
NP02029,-0.8327,1
NP08668,-0.19021,1
NP09772,1.62714,1
NP05502,-0.94806,1
NP07246,0.92903,1
NP01863,1.1097,1
NP07964,0.50765,1
NP02298,0.02397,1
NP03193,1.21631,1
NP09156,-1.26665,1
NP02129,0.76341,1
NP11005,0.36534,1
NP02529,4.17616,1
NP11292,-1.47775,1
NP08543,-0.16901,1
NP09404,-0.86432,1
NP06397,1.82075,1
NP09595,0.5794,1
NP04664,-0.1302,1
NP05740,-1.25913,1
NP02647,0.32121,1
NP03481,-0.49644,1
NP10947,-1.23128,1
NP05886,1.89428,1
NP04648,0.1143,1
NP07512,-0.46617,1
NP06658,0.2117,1
NP02160,-0.14424,1
NP00830,0.8589,1
NP04207,-0.10556,1
NP05087,1.51806,1
NP07042,-0.39349,1
NP08200,-0.17708,1
NP01317,0.04143,1
NP06115,-0.21702,1
NP04957,-1.50069,1
NP09896,0.34576,1
NP07736,-1.37642,1
NP09750,-1.24859,1
NP01319,-1.1654,1
NP11127,0.36461,1
NP04073,1.29437,1
NP08995,-0.20199,1
NP08152,1.62541,1
NP07360,-0.61416,1
NP07489,-1.38217,1
NP05067,-0.86408,1
NP02702,1.04289,1
NP01539,0.52727,1
NP01385,-0.77794,1
NP04637,-0.44177,1
NP07182,-0.86603,1
NP04691,0.36614,1
NP11046,2.21043,1
NP09958,0.09754,1
NP03830,4.14168,1
NP09264,0.21184,1
NP05182,0.18838,1
NP05436,1.802,1
NP09036,-1.2651,1
NP07504,1.10111,1
NP06371,-1.21503,1
NP06832,-0.07688,1
NP11160,-1.03981,1
NP06753,-1.33679,1
NP10739,1.18081,1
NP07257,1.47065,1
NP08578,-0.96904,1
NP06050,0.66303,1
NP08466,1.75193,1
NP07588,1.17221,1
NP08263,1.33542,1
NP07195,-0.47657,1
NP05143,-0.41341,1
NP11350,-1.34593,1
NP01296,-0.08858,1
NP11244,-0.80844,1
NP08162,1.11866,1
NP05693,1.64556,1
NP09438,-0.08728,1
NP03131,-0.46441,1
NP05434,-0.49129,1
NP01511,-0.32792,1
NP01892,1.4149,1
NP07207,1.77377,1
NP06166,1.19059,1
NP06047,0.01171,1
NP06915,-0.13753,1
NP08468,0.06202,1
NP04222,1.4556,1
NP09853,-0.67981,1
NP00356,0.98659,1
NP09957,-0.85124,1
NP04792,-0.06402,1
NP07456,2.28667,1
NP06186,-0.16821,1
NP08449,0.68476,1
NP08055,-0.65487,1
NP11374,-0.49835,1
NP06683,0.17683,1
NP06318,-0.37712,1
NP07739,1.08716,1
NP03687,0.16398,1
NP01410,-0.82356,1
NP08504,1.85862,1
NP02524,3.47531,1
NP07020,0.87095,1
NP07525,0.44138,1
NP04020,-0.19353,1
NP08082,1.54597,1
NP06874,0.8707,1
NP00712,2.55265,1
NP03837,1.96509,1
NP05696,0.15935,1
NP10730,0.7775,1
NP06897,-0.88342,1
NP05173,-0.67727,1
NP07471,-0.51755,1
NP01347,-0.80335,1
NP07308,0.68787,1
NP01810,0.14886,1
NP07008,-0.16301,1
NP08576,0.57794,1
NP08541,-0.36654,1
NP05134,-0.03611,1
NP06046,0.15944,1
NP04745,-0.89898,1
NP06888,0.97296,1
NP05162,-1.36724,1
NP01398,-1.3233,1
NP00606,-0.46035,1
NP00664,-0.25848,1
NP02159,-0.26818,1
NP05381,2.07986,1
NP02783,1.12982,1
NP04374,0.92002,1
NP06567,-0.26172,1
NP08811,0.5062,1
NP01544,-0.61292,1
NP01961,-0.23119,1
NP01209,0.58424,1
NP09872,0.74444,1
NP01424,3.07818,1
NP01418,2.59621,1
NP08496,1.88681,1
NP09799,-0.65102,1
NP07353,2.77334,1
NP07428,-0.63332,1
NP09338,-0.88229,1
NP01786,0.98992,1
NP04878,0.02308,1
NP08332,2.13261,1
NP10785,2.86486,1
NP09246,1.11115,1
NP04639,-0.56906,1
NP00887,3.14384,1
NP02484,-0.91466,1
NP07205,1.74185,1
NP08962,-0.58115,1
NP04959,0.44676,1
NP07334,1.4435,1
NP01722,-0.82631,1
NP04771,1.07734,1
NP01471,0.77207,1
NP06747,-0.0783,1
NP05144,2.39936,1
NP05086,0.36031,1
NP03421,2.66679,1
NP08619,2.48912,1
NP07245,-0.74915,1
NP11328,-0.89312,1
NP04796,0.16226,1
NP01758,-0.14237,1
NP06868,-1.37951,1
NP02031,2.58387,1
NP06105,0.9672,1
NP08474,3.6719,1
NP08837,0.94862,1
NP06613,-0.28132,1
NP07287,1.85717,1
NP03423,0.75969,1
NP00599,1.03966,1
NP07330,-0.62989,1
NP01879,0.43582,1
NP06176,-0.99056,1
NP00281,0.8864,1
NP07600,0.07991,1
NP07948,2.37268,1
NP06662,0.969,1
NP01720,0.71428,1
NP02232,-0.89885,1
NP05941,-1.19435,1
NP09380,-0.76859,1
NP09368,-0.0241,1
NP04720,-1.23958,1
NP03234,-0.52612,1
NP07480,1.64004,1
NP03533,0.56897,1
NP02067,-1.06032,1
NP07171,0.00763,1
NP07625,0.40208,1
NP09863,0.84064,1
NP03695,0.33344,1
NP04292,0.12741,1
NP01428,1.15286,1
NP10942,-1.30323,1
NP07519,1.03524,1
NP07150,-1.48262,1
NP03043,0.97128,1
NP07256,2.08831,1
NP04468,-0.96132,1
NP03804,-1.31318,1
NP06405,0.87665,1
NP05165,-0.52675,1
NP09028,0.21317,1
NP04404,0.10936,1
NP08151,0.47831,1
NP09746,3.76183,1
NP05656,-0.10442,1
NP01405,0.25394,1
NP06222,3.55873,1
NP10737,0.20844,1
NP00756,1.50272,1
NP01358,-0.80922,1
NP10626,1.85159,1
NP07461,1.26907,1
NP02624,-0.2797,1
NP01342,-1.02668,1
NP04051,2.19708,1
NP02450,0.452,1
NP07018,2.60562,1
NP07481,-0.73384,1
NP02443,-0.2249,1
NP01526,-1.0355,1
NP02690,-0.7465,1
NP05483,-0.25521,1
NP09781,1.07182,1
NP08476,1.43247,1
NP04713,-0.14941,1
NP07529,-0.29869,1
NP02103,-0.84425,1
NP05325,-1.15728,1
NP07120,-0.35727,1
NP04730,0.02168,1
NP01534,0.09559,1
NP05895,0.48262,1
NP00338,1.71632,1
NP08408,2.30354,1
NP00780,-0.94888,1
NP09877,0.9991,1
NP08552,-0.7322,1
NP07276,0.63482,1
NP01465,0.95905,1
NP00910,0.64655,1
NP07293,-0.22305,1
NP04784,0.11778,1
NP02965,0.8607,1
NP01243,-1.08176,1
NP01978,2.7953,1
NP06978,0.68061,1
NP04313,-0.41504,1
NP01251,-0.39908,1
NP03793,-0.40684,1
NP07799,0.47919,1
NP06685,0.4325,1
NP07185,-0.23371,1
NP04961,-1.40139,1
NP06402,0.60469,1
NP03591,-0.46591,1
NP02013,0.26121,1
NP04278,-1.25663,1
NP07497,1.79572,1
NP09330,-0.32331,1
NP11302,-0.93814,1
NP05269,1.1589,1
NP07225,0.76417,1
NP05894,0.64138,1
NP03852,-0.3305,1
NP06428,1.0139,1
NP11032,0.05594,1
NP07001,-1.00849,1
NP08247,-1.08465,1
NP09038,-1.16528,1
NP09806,0.93147,1
NP09526,0.15451,1
NP04283,1.10785,1
NP07598,0.1138,1
NP04700,1.17514,1
NP10978,-0.73284,1
NP04299,-0.55538,1
NP07119,0.47687,1
NP04280,-1.39853,1
NP09642,-0.25738,1
NP04938,-1.11383,1
NP11177,-1.01768,1
NP07219,0.22883,1
NP06986,-0.32849,1
NP05908,0.3493,1
NP08170,0.24014,1
NP07856,1.16753,1
NP06139,0.41329,1
NP07796,1.02696,1
NP05167,-0.08405,1
NP05311,-0.38108,1
NP03254,0.75381,1
NP06891,0.44481,1
NP07379,0.27201,1
NP07248,1.54182,1
NP02900,1.13264,1
NP07363,-0.14431,1
NP10740,1.15221,1
NP07657,0.66778,1
NP00757,0.68445,1
NP03033,2.80835,1
NP05883,2.69423,1
NP05221,0.25038,1
NP09401,-0.26461,1
NP06328,0.32335,1
NP00754,-0.55593,1
NP06912,1.82268,1
NP08264,-1.35565,1
NP01719,0.88522,1
NP00593,1.24952,1
NP03426,1.30769,1
NP02686,-0.76529,1
NP07083,1.9798,1
NP02792,0.75254,1
NP05884,-0.5802,1
NP09716,-0.02151,1
NP03847,0.48808,1
NP09272,-0.31078,1
NP09894,-0.31585,1
NP10780,-0.17231,1
NP11295,-0.13948,1
NP04094,1.80671,1
NP07341,-0.26062,1
NP02829,-0.9087,1
NP04932,-0.79553,1
NP11326,-0.20403,1
NP06337,0.64067,1
NP02961,-1.02212,1
NP09636,-0.08971,1
NP07402,0.02719,1
NP08469,2.34448,1
NP06104,0.76649,1
NP07817,-0.80374,1
NP07016,-0.51515,1
NP03849,2.05915,1
NP04466,-0.17936,1
NP05498,-0.0113,1
NP02942,-0.69881,1
NP03369,0.77174,1
NP01402,0.95616,1
NP11327,-0.47043,1
NP01723,0.09571,1
NP09670,-0.80079,1
NP00059,1.24018,1
NP06717,-0.39125,1
NP10792,0.00815,1
NP03543,-1.19736,1
NP01008,1.46743,1
NP05149,1.59606,1
NP00122,1.1837,1
NP05854,-0.65235,1
NP07488,-0.90844,1
NP09985,0.43133,1
NP04373,1.32454,1
NP10895,0.77286,1
NP09928,0.34132,1
NP01399,0.62796,1
NP07118,-0.07083,1
NP01129,1.75235,1
NP05729,2.95005,1
NP04928,-0.74476,1
NP10704,-0.53011,1
NP04986,-0.6046,1
NP05528,0.65609,1
NP06834,-0.10404,1
NP07028,-0.3453,1
NP10355,-1.29312,1
NP04282,-0.79907,1
NP09897,-0.88511,1
NP04148,-0.06857,1
NP04761,-0.13409,1
NP07299,1.07939,1
NP05459,2.88493,1
NP07370,-0.12333,1
NP00853,-0.32195,1
NP04440,-0.38006,1
NP09854,-0.2655,1
NP03569,0.96845,1
NP01804,0.33877,1
NP11315,-0.00898,1
NP07296,1.49286,1
NP01888,-0.02688,1
NP09918,-0.93867,1
NP05192,0.08397,1
NP06327,2.8382,1
NP03532,0.49284,1
NP11372,0.23506,1
NP07404,-0.71425,1
NP11359,-0.14605,1
NP05682,-1.00099,1
NP00809,1.29978,1
NP03949,-0.75594,1
NP07121,0.9614,1
NP06878,-0.5737,1
NP07078,1.65891,1
NP09310,0.68622,1
NP11316,0.4567,1
NP01896,1.24669,1
NP00791,0.29672,1
NP06944,-0.76899,1
NP07849,-1.08667,1
NP01738,-0.75542,1
NP04238,-0.78055,1
NP09296,0.05113,1
NP05093,0.19608,1
NP05832,0.54533,1
NP04022,-0.37199,1
NP04762,-1.17449,1
NP07350,0.284,1
NP05698,0.33322,1
NP11152,-1.14034,1
NP04697,1.25483,1
NP04844,0.36322,1
NP00902,1.13218,1
NP06048,1.15774,1
NP11298,-1.10395,1
NP07552,-0.45296,1
NP09749,2.11721,1
NP05141,-0.31119,1
NP07427,-0.98586,1
NP00626,0.58879,1
NP04766,-0.40092,1
NP06700,0.38781,1
NP09203,1.28281,1
NP08539,-0.3667,1
NP00764,-0.84698,1
NP02354,1.48218,1
NP06218,-0.42901,1
NP01510,-0.79464,1
NP05240,-1.04765,1
NP07142,-0.07887,1
NP09054,-0.84653,1
NP06715,-0.52485,1
NP09794,-1.09762,1
NP07566,-1.03743,1
NP00025,-0.44177,1
NP05150,-0.1526,1
NP03039,1.46234,1
NP10647,-1.12345,1
NP09924,-0.79313,1
NP05124,-1.41685,1
NP07476,-0.40954,1
NP07304,1.23013,1
NP05327,-1.37425,1
NP07399,-0.38906,1
NP05200,1.02753,1
NP06141,2.87062,1
NP04393,-0.93067,1
NP02080,-0.67536,1
NP03417,2.46094,1
NP04996,0.31274,1
NP06393,0.04999,1
NP09039,-0.8883,1
NP07004,1.8605,1
NP08275,1.73183,1
NP01017,-0.10959,1
NP09800,-0.78563,1
NP04967,-1.43151,1
NP05524,-0.12394,1
NP05942,1.8917,1
NP02025,-0.28502,1
NP08510,-0.7471,1
NP02053,-0.61871,1
NP07393,-0.03956,1
NP08983,0.03415,1
NP02045,0.84992,1
NP02193,-1.37101,1
NP07319,1.18073,1
NP04461,-0.5235,1
NP08331,1.82043,1
NP09410,-0.05443,1
NP03770,0.08488,1
NP09762,0.15978,1
NP08049,0.63215,1
NP01791,0.69034,1
NP07307,-0.78616,1
NP00908,0.9457,1
NP06859,1.77604,1
NP04405,0.76584,1
NP07636,0.90467,1
NP05201,1.00535,1
NP07543,-0.08624,1
NP11355,-1.16689,1
NP09954,2.01491,1
NP01965,0.12952,1
NP03794,-0.32785,1
NP02966,-0.61094,1
NP08052,-0.1901,1
NP01154,1.20098,1
NP09707,-0.6784,1
NP07460,1.48363,1
NP05930,1.36862,1
NP02595,0.59122,1
NP08445,0.45086,1
NP02486,-0.88639,1
NP11121,-1.21573,1
NP04142,1.29022,1
NP11377,0.72149,1
NP07085,1.59557,1
NP01190,1.22903,1
NP07258,1.51021,1
NP00788,0.16456,1
NP04633,-0.07181,1
NP02295,1.13269,1
NP09048,-0.67499,1
NP07306,0.14147,1
NP08260,1.03037,1
NP06422,-0.55746,1
NP06698,0.50141,1
NP09037,-0.04875,1
NP09729,-0.54008,1
NP08556,-1.07296,1
NP02824,-1.05503,1
NP02851,0.84378,1
NP11376,0.5446,1
NP04793,-0.79696,1
NP02968,-0.08111,1
NP11333,-0.28734,1
NP07711,0.55072,1
NP06430,0.90134,1
NP11324,-1.1032,1
NP07547,-0.97123,1
NP02240,0.92196,1
NP09349,-0.96412,1
NP06499,-0.13912,1
NP06092,-1.12198,1
NP05914,-0.52797,1
NP11335,-0.22383,1
NP03841,2.34987,1
NP09528,0.49598,1
NP04481,2.55863,1
NP05281,-0.63972,1
NP06716,0.29643,1
NP03046,0.95359,1
NP11403,0.48145,1
NP05477,-0.53375,1
NP07704,-0.18561,1
NP05180,-0.0368,1
NP01182,2.64028,1
NP06679,0.1358,1
NP08918,0.48955,1
NP08156,1.73094,1
NP07537,-0.03456,1
NP10687,0.4491,1
NP04876,0.7817,1
NP03462,1.68688,1
NP02933,0.78684,1
NP06162,1.94039,1
NP05888,0.79625,1
NP11166,-0.45733,1
NP06191,0.06742,1
NP06130,-0.18141,1
NP03749,2.12094,1
NP02648,0.99653,1
NP10718,4.05489,1
NP10806,2.02586,1
NP04960,-1.21322,1
NP07430,0.83722,1
NP00026,-0.71246,1
NP10659,1.52178,1
NP09400,2.58011,1
NP10796,0.79846,1
NP05622,-1.2069,1
NP11238,-0.45518,1
NP03178,-1.46059,1
NP04900,1.04363,1
NP01325,-0.73962,1
NP00760,0.25908,1
NP07549,-0.91212,1
NP10882,0.23526,1
NP09893,1.42626,1
NP05570,1.02932,1
NP03551,0.5652,1
NP10753,1.31898,1
NP00062,0.9716,1
NP09804,0.97456,1
NP06702,0.00237,1
NP05168,0.09333,1
NP07482,-0.39015,1
NP09903,-0.20441,1
NP06858,3.15804,1
NP03210,1.5094,1
NP04366,-0.1451,1
NP05767,-0.36332,1
NP07517,-0.04769,1
NP03590,1.78535,1
NP06361,-0.07774,1
NP04189,-0.80909,1
NP11341,-1.12336,1
NP06395,1.97153,1
NP01967,-0.0156,1
NP02024,-0.69052,1
NP05122,-1.17686,1
NP01530,-0.02,1
NP07154,-0.93256,1
NP03483,0.12327,1
NP01609,2.57481,1
NP02261,-1.02582,1
NP06272,2.56405,1
NP01370,-0.16895,1
NP06876,0.81466,1
NP03571,0.08277,1
NP06992,-0.02221,1
NP02823,0.49902,1
NP03798,1.53373,1
NP04797,-1.01847,1
NP00748,-0.89967,1
NP04698,0.5206,1
NP04382,-0.72379,1
NP01926,0.143,1
NP07235,2.6666,1
NP03410,-1.38685,1
NP06917,1.3485,1
NP04877,-0.14712,1
NP09009,-0.4761,1
NP06745,-0.2424,1
NP07338,1.63908,1
NP01890,-0.08992,1
NP03116,2.77586,1
NP07627,1.34087,1
NP03850,0.62356,1
NP09207,1.20724,1
NP07374,1.51609,1
NP11067,1.86551,1
NP00040,-0.62749,1
NP03748,0.70182,1
NP07070,0.02996,1
NP07970,-0.44445,1
NP07477,0.73718,1
NP06340,-1.25051,1
NP08627,-0.38071,1
NP08707,1.20917,1
NP04905,0.69172,1
NP09340,-0.07571,1
NP05186,-0.2524,1
NP00962,0.10478,1
NP08614,1.06298,1
NP00911,2.30104,1
NP00990,0.07187,1
NP01188,0.25145,1
NP03843,3.10077,1
NP09900,-0.89077,1
NP08249,-0.69444,1
NP02263,-0.07736,1
NP00919,-0.65095,1
NP07473,-0.04066,1
NP09342,0.06201,1
NP05108,0.74915,1
NP04965,-0.24118,1
NP09309,-0.66376,1
NP05820,4.01088,1
NP07582,0.73828,1
NP05030,-0.55352,1
NP06953,-0.37613,1
NP07009,-0.2093,1
NP04832,0.63318,1
NP02685,0.0709,1
NP05113,0.6553,1
NP10732,1.7712,1
NP10373,-0.99205,1
NP05684,1.27781,1
NP05487,-0.1755,1
NP06536,1.68754,1
NP04217,0.15045,1
NP07518,0.46903,1
NP03424,0.54172,1
NP04860,0.57026,1
NP08545,-0.18009,1
NP06398,0.58867,1
NP04801,-0.09245,1
NP00925,-0.06958,1
NP09898,-1.11492,1
NP10943,-0.76058,1
NP00014,0.74216,1
NP08079,2.52046,1
NP06113,-1.19508,1
NP06355,-0.97755,1
NP04952,-1.12007,1
NP09429,-0.79031,1
NP04977,-1.24876,1
NP03676,1.67716,1
NP04634,-0.23921,1
NP01567,0.22323,1
NP01326,-1.09464,1
NP06983,0.31305,1
NP09473,-0.29242,1
NP01677,-0.54552,1
NP06851,0.09928,1
NP10759,1.21453,1
NP09911,-0.76419,1
NP07049,-0.13736,1
NP04205,-0.37874,1
NP10321,-0.30838,1
NP06153,-0.65534,1
NP07719,-0.24304,1
NP08658,0.35714,1
NP04804,-0.08959,1
NP06423,0.36847,1
NP01394,-0.2161,1
NP10945,-0.53944,1
NP04370,-0.86514,1
NP04457,-0.7201,1
NP04717,-0.65285,1
NP02312,1.103,1
NP01321,-0.72356,1
NP02461,2.39359,1
NP06699,0.98622,1
NP06412,1.27085,1
NP01016,0.03558,1
NP05091,-0.13501,1
NP11309,-0.85364,1
NP00890,0.6981,1
NP07381,0.60732,1
NP11072,1.74825,1
NP04156,-0.45167,1
NP07959,-0.20971,1
NP05228,-0.15294,1
NP05828,0.52153,1
NP01661,1.50887,1
NP06621,0.12014,1
NP06547,0.56757,1
NP00597,-0.10845,1
NP01355,-0.92065,1
NP07364,0.29333,1
NP04243,-0.18561,1
NP05183,0.78587,1
NP05826,-0.02593,1
NP10867,-0.19653,1
NP10837,-0.01466,1
NP04346,-0.1536,1
NP00871,3.61573,1
NP06538,1.13679,1
NP11245,0.11187,1
NP02006,-0.47365,1
NP06211,-0.40963,1
NP01515,-0.84484,1
NP02522,-0.10688,1
NP09359,0.70207,1
NP07041,-0.29797,1
NP06936,-1.29813,1
NP06314,-0.91094,1
NP07848,2.29971,1
NP07961,2.43519,1
NP00875,3.26132,1
NP01478,-0.05973,1
NP06653,-0.56542,1
NP02687,-0.81782,1
NP06125,3.64214,1
NP08140,3.73488,1
NP04644,-0.53552,1
NP04703,-1.22811,1
NP01500,-0.50526,1
NP06705,-0.52861,1
NP09434,-0.274,1
NP06908,0.73767,1
NP05140,0.1889,1
NP06335,3.07775,1
NP07978,-0.03084,1
NP03430,2.61722,1
NP06975,-0.26131,1
NP05213,0.14796,1
NP06795,-0.96384,1
NP04645,0.45368,1
NP05692,1.25131,1
NP06856,2.4756,1
NP00815,2.1861,1
NP06670,-0.25325,1
NP01320,-0.93019,1
NP09369,0.31912,1
NP07025,-0.53849,1
NP04455,0.47288,1
NP07072,0.04522,1
NP06036,1.67149,1
NP01811,0.74523,1
NP07125,2.24742,1
NP06052,4.04701,1
NP05001,0.20326,1
NP07396,0.20272,1
NP11158,-1.12437,1
NP01203,-0.44789,1
NP04179,2.74957,1
NP07131,2.83403,1
NP03588,0.78482,1
NP00818,2.37073,1
NP09780,-0.65031,1
NP03758,0.07999,1
NP02101,0.63059,1
NP01493,-0.89874,1
NP09633,1.84925,1
NP07960,-0.29976,1
NP06188,0.87037,1
NP01131,1.04492,1
NP03546,0.29842,1
NP08456,1.43448,1
NP03714,-1.28588,1
NP02169,-0.85599,1
NP03070,-0.86164,1
NP04066,0.91025,1
NP01156,1.2817,1
NP07641,0.35453,1
NP06325,-0.69864,1
NP06875,0.48452,1
NP06407,1.46476,1
NP02973,-0.84124,1
NP08405,2.47749,1
NP05114,0.74976,1
NP07678,0.29939,1
NP01174,1.03527,1
NP05282,0.46354,1
NP06729,0.41073,1
NP03641,2.02359,1
NP08616,-0.44704,1
NP05778,1.28489,1
NP06972,1.02227,1
NP05075,-0.65391,1
NP05132,-0.57711,1
NP03422,2.66887,1
NP06786,-0.44033,1
NP04935,-0.39084,1
NP04992,-0.54191,1
NP00950,0.69769,1
NP01660,0.93519,1
NP08145,1.79374,1
NP02149,0.76043,1
NP04710,-0.43279,1
NP05119,-1.29789,1
NP09793,-1.01951,1
NP09616,-0.46556,1
NP05935,2.46493,1
NP08509,0.11135,1
NP07440,1.14743,1
NP07411,0.8629,1
NP08229,-0.23954,1
NP01246,-0.33913,1
NP07367,3.31099,1
