,Boman_Index,y
peptide_nm_1,3.135714285714285,0
peptide_nm_2,3.1876923076923074,0
peptide_nm_3,-0.5507407407407409,0
peptide_nm_4,3.0700000000000003,0
peptide_nm_5,2.024782608695652,0
peptide_nm_6,1.767142857142857,0
peptide_nm_7,2.93125,0
peptide_nm_8,1.4687499999999998,0
peptide_nm_9,0.954375,0
peptide_nm_10,4.095,0
peptide_nm_11,1.4638461538461536,0
peptide_nm_12,2.585384615384616,0
peptide_nm_13,3.4799999999999995,0
peptide_nm_14,0.8710526315789472,0
peptide_nm_15,0.8169565217391306,0
peptide_nm_16,1.9121052631578948,0
peptide_nm_17,1.2222972972972967,0
peptide_nm_18,2.03,0
peptide_nm_19,1.0894736842105266,0
peptide_nm_20,2.916842105263158,0
peptide_nm_21,-0.2622222222222221,0
peptide_nm_22,0.1568421052631579,0
peptide_nm_23,2.098888888888889,0
peptide_nm_24,1.2338888888888886,0
peptide_nm_25,4.784000000000001,0
peptide_nm_26,2.8207142857142857,0
peptide_nm_27,2.3042857142857143,0
peptide_nm_28,0.1666666666666667,0
peptide_nm_29,4.985555555555555,0
peptide_nm_30,2.6525,0
peptide_nm_31,0.909411764705882,0
peptide_nm_32,0.9875000000000004,0
peptide_nm_33,1.1923076923076923,0
peptide_nm_34,0.4900000000000001,0
peptide_nm_35,3.3293750000000006,0
peptide_nm_36,3.654166666666667,0
peptide_nm_37,0.2527659574468084,0
peptide_nm_38,2.2544444444444443,0
peptide_nm_39,1.0857894736842106,0
peptide_nm_40,2.756538461538462,0
peptide_nm_41,3.664285714285714,0
peptide_nm_43,2.356666666666668,0
peptide_nm_44,0.9516666666666668,0
peptide_nm_45,0.6744827586206895,0
peptide_nm_46,2.0745,0
peptide_nm_47,2.874,0
peptide_nm_48,1.3376923076923075,0
peptide_nm_49,3.6675,0
peptide_nm_50,2.282272727272727,0
peptide_nm_51,3.39,0
peptide_nm_52,-0.2416666666666667,0
peptide_nm_53,0.6041666666666667,0
peptide_nm_54,-0.3058333333333334,0
peptide_nm_55,0.1464705882352941,0
peptide_nm_56,1.1196551724137933,0
peptide_nm_57,1.1324999999999998,0
peptide_nm_58,1.3665384615384613,0
peptide_nm_59,-0.3844444444444445,0
peptide_nm_60,0.7618749999999997,0
peptide_nm_61,3.157083333333333,0
peptide_nm_62,0.2590909090909091,0
peptide_nm_63,2.891578947368421,0
peptide_nm_64,1.446538461538461,0
peptide_nm_65,1.3272222222222223,0
peptide_nm_66,2.393913043478261,0
peptide_nm_67,4.343809523809524,0
peptide_nm_68,2.05375,0
peptide_nm_69,-0.0234482758620689,0
peptide_nm_70,2.2641666666666667,0
peptide_nm_71,-0.3654545454545454,0
peptide_nm_72,0.9394444444444444,0
peptide_nm_73,3.775555555555555,0
peptide_nm_74,1.0735714285714284,0
peptide_nm_75,1.4754545454545456,0
peptide_nm_76,1.165,0
peptide_nm_77,1.6819230769230766,0
peptide_nm_78,0.0857142857142857,0
peptide_nm_79,2.2748387096774185,0
peptide_nm_80,-0.6994444444444444,0
peptide_nm_81,1.795087719298245,0
peptide_nm_82,2.277241379310345,0
peptide_nm_83,1.2900000000000005,0
peptide_nm_84,1.818095238095238,0
peptide_nm_85,1.906190476190476,0
peptide_nm_86,1.5927586206896551,0
peptide_nm_87,2.855454545454545,0
peptide_nm_88,0.7092307692307694,0
peptide_nm_89,0.0149999999999996,0
peptide_nm_90,2.488461538461539,0
peptide_nm_91,1.2878947368421052,0
peptide_nm_92,2.431666666666666,0
peptide_nm_93,-2.1809523809523808,0
peptide_nm_94,3.641428571428571,0
peptide_nm_95,0.6334782608695646,0
peptide_nm_96,3.1584615384615384,0
peptide_nm_97,2.5118750000000003,0
peptide_nm_98,-0.4814285714285714,0
peptide_nm_99,0.8978571428571429,0
peptide_nm_100,-0.1607692307692306,0
peptide_nm_101,2.3753571428571427,0
peptide_nm_102,1.428928571428571,0
peptide_nm_103,0.2738461538461539,0
peptide_nm_104,-0.842608695652174,0
peptide_nm_105,3.9284615384615376,0
peptide_nm_106,2.7857692307692306,0
peptide_nm_107,2.61,0
peptide_nm_108,2.1047619047619044,0
peptide_nm_109,1.1807692307692306,0
peptide_nm_110,0.186111111111111,0
peptide_nm_111,2.20875,0
peptide_nm_112,1.933333333333333,0
peptide_nm_113,1.5949999999999998,0
peptide_nm_114,1.5667857142857142,0
peptide_nm_115,0.0515789473684211,0
peptide_nm_116,1.2199999999999998,0
peptide_nm_117,3.039285714285714,0
peptide_nm_118,2.2663636363636366,0
peptide_nm_119,3.588333333333333,0
peptide_nm_120,3.6045454545454536,0
peptide_nm_121,0.7872222222222222,0
peptide_nm_122,2.7807692307692307,0
peptide_nm_123,2.105294117647059,0
peptide_nm_124,0.3274999999999999,0
peptide_nm_125,0.8918750000000002,0
peptide_nm_126,1.4931818181818182,0
peptide_nm_127,3.075454545454546,0
peptide_nm_128,2.91,0
peptide_nm_129,2.520714285714285,0
peptide_nm_130,3.278181818181818,0
peptide_nm_131,1.202222222222222,0
peptide_nm_132,1.0305555555555554,0
peptide_nm_133,2.206470588235294,0
peptide_nm_134,-2.9518181818181817,0
peptide_nm_135,2.352105263157895,0
peptide_nm_136,2.7471428571428578,0
peptide_nm_137,1.7481481481481478,0
peptide_nm_138,3.655384615384616,0
peptide_nm_139,1.3174074074074074,0
peptide_nm_140,0.8211764705882353,0
peptide_nm_141,0.1069565217391303,0
peptide_nm_142,1.848461538461538,0
peptide_nm_143,3.04625,0
peptide_nm_144,-1.2833333333333334,0
peptide_nm_145,1.7496551724137928,0
peptide_nm_146,1.8278571428571424,0
peptide_nm_147,1.1888235294117648,0
peptide_nm_148,1.3381249999999998,0
peptide_nm_149,2.408846153846154,0
peptide_nm_150,2.3777777777777778,0
peptide_nm_151,0.8157142857142858,0
peptide_nm_152,2.206875,0
peptide_nm_153,1.5758620689655174,0
peptide_nm_154,1.9033333333333329,0
peptide_nm_155,3.34125,0
peptide_nm_156,1.9016666666666664,0
peptide_nm_157,2.8073684210526317,0
peptide_nm_158,2.962068965517241,0
peptide_nm_159,1.1057575757575755,0
peptide_nm_160,1.2580645161290325,0
peptide_nm_161,5.336250000000001,0
peptide_nm_162,-0.8691666666666666,0
peptide_nm_163,2.075,0
peptide_nm_164,0.5417391304347826,0
peptide_nm_165,0.7074999999999999,0
peptide_nm_166,1.6546875,0
peptide_nm_167,1.058148148148148,0
peptide_nm_168,0.5410714285714288,0
peptide_nm_169,3.091111111111112,0
peptide_nm_170,2.1036363636363635,0
peptide_nm_171,-0.0417857142857143,0
peptide_nm_172,1.6161904761904762,0
peptide_nm_173,0.3709090909090907,0
peptide_nm_174,0.545,0
peptide_nm_175,0.5929411764705883,0
peptide_nm_176,1.728695652173913,0
peptide_nm_177,-0.0133333333333332,0
peptide_nm_178,-0.2341666666666666,0
peptide_nm_179,5.339999999999999,0
peptide_nm_180,1.898888888888889,0
peptide_nm_181,-3.329166666666667,0
peptide_nm_182,0.731875,0
peptide_nm_183,0.4373913043478261,0
peptide_nm_184,0.8183333333333334,0
peptide_nm_185,1.9984615384615383,0
peptide_nm_186,1.806875,0
peptide_nm_187,0.0347058823529413,0
peptide_nm_188,0.5066666666666666,0
peptide_nm_189,1.32641975308642,0
peptide_nm_190,1.6792857142857147,0
peptide_nm_191,2.5275,0
peptide_nm_192,4.508235294117647,0
peptide_nm_193,2.008333333333333,0
peptide_nm_194,3.4100000000000006,0
peptide_nm_195,2.818888888888889,0
peptide_nm_196,1.1266666666666665,0
peptide_nm_197,2.579375,0
peptide_nm_198,0.4578571428571427,0
peptide_nm_199,1.1959090909090904,0
peptide_nm_200,1.6549999999999994,0
peptide_nm_201,2.706315789473684,0
peptide_nm_202,-1.8116666666666663,0
peptide_nm_203,0.672758620689655,0
peptide_nm_204,3.1785714285714284,0
peptide_nm_205,4.5200000000000005,0
peptide_nm_206,1.1015384615384616,0
peptide_nm_207,1.930416666666667,0
peptide_nm_208,1.2385714285714289,0
peptide_nm_209,2.0758823529411767,0
peptide_nm_210,-0.3734615384615384,0
peptide_nm_211,0.8680769230769229,0
peptide_nm_212,2.8079310344827584,0
peptide_nm_213,1.0583783783783782,0
peptide_nm_214,3.638571428571428,0
peptide_nm_215,0.8266666666666668,0
peptide_nm_216,1.8531578947368417,0
peptide_nm_217,1.9770967741935488,0
peptide_nm_218,4.6269230769230765,0
peptide_nm_219,3.6663157894736833,0
peptide_nm_220,2.355652173913043,0
peptide_nm_221,1.908571428571428,0
peptide_nm_222,2.71590909090909,0
peptide_nm_223,0.6438888888888887,0
peptide_nm_224,2.278181818181818,0
peptide_nm_225,2.365833333333333,0
peptide_nm_226,-0.1253846153846152,0
peptide_nm_227,0.0978571428571427,0
peptide_nm_228,1.7599999999999996,0
peptide_nm_229,-0.4178571428571428,0
peptide_nm_230,1.0124999999999995,0
peptide_nm_231,1.905833333333333,0
peptide_nm_232,1.3872413793103446,0
peptide_nm_233,1.3775,0
peptide_nm_234,0.7509523809523811,0
peptide_nm_235,1.8058823529411765,0
peptide_nm_236,1.3246428571428572,0
peptide_nm_237,-0.9323529411764708,0
peptide_nm_238,1.1558333333333335,0
peptide_nm_239,1.897037037037037,0
peptide_nm_240,1.93,0
peptide_nm_241,2.665454545454546,0
peptide_nm_242,0.7246428571428568,0
peptide_nm_243,1.4837037037037035,0
peptide_nm_244,3.348181818181818,0
peptide_nm_245,2.7430769230769227,0
peptide_nm_246,-0.0268421052631578,0
peptide_nm_247,1.0076923076923072,0
peptide_nm_248,1.040769230769231,0
peptide_nm_249,-0.1131818181818182,0
peptide_nm_250,1.1137499999999998,0
peptide_nm_251,0.1892307692307692,0
peptide_nm_252,3.5708333333333333,0
peptide_nm_253,0.6461538461538461,0
peptide_nm_254,1.0940384615384615,0
peptide_nm_255,2.8505882352941176,0
peptide_nm_256,1.1281818181818182,0
peptide_nm_257,1.0792307692307692,0
peptide_nm_258,1.3205882352941178,0
peptide_nm_259,0.6892857142857143,0
peptide_nm_260,2.761111111111111,0
peptide_nm_261,0.1478571428571427,0
peptide_nm_262,-0.4599999999999999,0
peptide_nm_263,0.5800000000000001,0
peptide_nm_264,1.9533333333333331,0
peptide_nm_265,1.3263636363636364,0
peptide_nm_266,1.5454545454545454,0
peptide_nm_267,-0.9344444444444444,0
peptide_nm_268,5.0131250000000005,0
peptide_nm_269,0.8661538461538458,0
peptide_nm_270,3.2078571428571427,0
peptide_nm_271,4.384545454545454,0
peptide_nm_272,0.3607692307692307,0
peptide_nm_273,-2.137142857142857,0
peptide_nm_274,0.9054545454545456,0
peptide_nm_275,0.6992307692307693,0
peptide_nm_276,-3.0054545454545463,0
peptide_nm_277,1.4442622950819677,0
peptide_nm_278,1.0671428571428574,0
peptide_nm_279,-0.5645833333333333,0
peptide_nm_280,2.348888888888889,0
peptide_nm_281,3.140714285714286,0
peptide_nm_282,0.3241666666666668,0
peptide_nm_283,3.27,0
peptide_nm_284,1.0357142857142854,0
peptide_nm_285,1.070833333333333,0
peptide_nm_286,0.5366666666666667,0
peptide_nm_287,2.4507692307692306,0
peptide_nm_288,1.6592857142857145,0
peptide_nm_289,0.3690476190476192,0
peptide_nm_290,2.4983333333333326,0
peptide_nm_291,-0.5815789473684211,0
peptide_nm_292,6.281538461538461,0
peptide_nm_293,0.9888235294117648,0
peptide_nm_294,1.6611764705882353,0
peptide_nm_295,0.1155555555555556,0
peptide_nm_296,1.1559374999999998,0
peptide_nm_297,3.646296296296296,0
peptide_nm_298,3.031851851851852,0
peptide_nm_299,0.2054545454545454,0
peptide_nm_300,0.9110526315789474,0
peptide_nm_301,0.1529411764705881,0
peptide_nm_302,1.0650000000000004,0
peptide_nm_303,0.1507692307692308,0
peptide_nm_304,1.0095890410958903,0
peptide_nm_305,-1.0854545454545454,0
peptide_nm_306,-0.5510526315789473,0
peptide_nm_307,-1.0509090909090906,0
peptide_nm_308,0.7609090909090909,0
peptide_nm_309,1.1437037037037034,0
peptide_nm_310,-0.7626086956521739,0
peptide_nm_311,4.262499999999998,0
peptide_nm_312,1.3457142857142856,0
peptide_nm_313,-0.2769230769230769,0
peptide_nm_314,2.573076923076923,0
peptide_nm_315,0.729090909090909,0
peptide_nm_316,1.270625,0
peptide_nm_317,1.17,0
peptide_nm_318,0.076875,0
peptide_nm_319,1.9639130434782608,0
peptide_nm_320,1.336923076923077,0
peptide_nm_321,2.2235714285714283,0
peptide_nm_322,4.607692307692308,0
peptide_nm_323,0.8889473684210527,0
peptide_nm_324,2.438823529411765,0
peptide_nm_325,1.7000000000000002,0
peptide_nm_326,4.445714285714286,0
peptide_nm_327,1.922325581395349,0
peptide_nm_328,2.205714285714285,0
peptide_nm_329,1.117222222222222,0
peptide_nm_330,1.0758823529411763,0
peptide_nm_331,0.8383333333333336,0
peptide_nm_332,1.1520512820512816,0
peptide_nm_333,1.786153846153846,0
peptide_nm_334,0.8917391304347828,0
peptide_nm_335,1.747142857142857,0
peptide_nm_336,2.8113636363636365,0
peptide_nm_337,0.7323529411764705,0
peptide_nm_338,2.2385185185185184,0
peptide_nm_339,2.563333333333333,0
peptide_nm_340,2.642142857142857,0
peptide_nm_341,2.005,0
peptide_nm_342,-0.3372222222222223,0
peptide_nm_343,2.5458333333333334,0
peptide_nm_344,2.040526315789473,0
peptide_nm_345,1.1375,0
peptide_nm_346,-1.001818181818182,0
peptide_nm_347,1.332857142857143,0
peptide_nm_348,3.7018518518518513,0
peptide_nm_349,2.2947058823529405,0
peptide_nm_350,3.04125,0
peptide_nm_351,0.6200000000000001,0
peptide_nm_352,2.9053571428571425,0
peptide_nm_353,0.1932258064516128,0
peptide_nm_354,-2.036842105263158,0
peptide_nm_355,2.1062962962962963,0
peptide_nm_356,-0.3831250000000001,0
peptide_nm_357,0.8488888888888889,0
peptide_nm_358,1.5341176470588236,0
peptide_nm_359,2.861666666666666,0
peptide_nm_360,2.47,0
peptide_nm_361,1.1566666666666665,0
peptide_nm_362,0.3572413793103446,0
peptide_nm_363,1.7489473684210528,0
peptide_nm_364,2.0783333333333336,0
peptide_nm_365,1.996206896551724,0
peptide_nm_366,-0.3818181818181816,0
peptide_nm_367,1.5417647058823525,0
peptide_nm_368,4.0254545454545445,0
peptide_nm_369,2.2352941176470584,0
peptide_nm_370,2.1469230769230765,0
peptide_nm_371,-1.85625,0
peptide_nm_372,1.0372222222222225,0
peptide_nm_373,1.458636363636363,0
peptide_nm_374,1.485,0
peptide_nm_375,1.6728888888888889,0
peptide_nm_376,-2.9007692307692308,0
peptide_nm_377,2.4778260869565214,0
peptide_nm_378,1.1477777777777778,0
peptide_nm_379,0.9158333333333336,0
peptide_nm_380,1.2203571428571427,0
peptide_nm_381,-0.1650000000000002,0
peptide_nm_382,4.837222222222222,0
peptide_nm_383,0.2076923076923077,0
peptide_nm_384,0.5757142857142855,0
peptide_nm_385,3.4718181818181817,0
peptide_nm_386,4.739166666666667,0
peptide_nm_387,-0.2821052631578944,0
peptide_nm_388,1.1125,0
peptide_nm_389,0.4862068965517242,0
peptide_nm_390,1.4385714285714286,0
peptide_nm_391,-2.256153846153846,0
peptide_nm_392,4.141904761904762,0
peptide_nm_393,3.860769230769231,0
peptide_nm_394,1.93625,0
peptide_nm_395,0.073157894736842,0
peptide_nm_396,0.1353846153846153,0
peptide_nm_397,1.2108333333333334,0
peptide_nm_398,0.0753571428571428,0
peptide_nm_399,1.2185714285714289,0
peptide_nm_400,0.5763157894736843,0
peptide_nm_401,0.795,0
peptide_nm_402,3.1134782608695653,0
peptide_nm_403,1.5611538461538457,0
peptide_nm_404,-1.064545454545455,0
peptide_nm_405,0.7857142857142857,0
peptide_nm_406,2.9964705882352938,0
peptide_nm_407,0.9685714285714284,0
peptide_nm_408,-0.3942105263157895,0
peptide_nm_409,2.4500000000000006,0
peptide_nm_410,2.316849315068493,0
peptide_nm_411,1.3542105263157895,0
peptide_nm_412,4.280869565217392,0
peptide_nm_413,1.6314705882352936,0
peptide_nm_414,1.3841379310344826,0
peptide_nm_415,0.850526315789474,0
peptide_nm_416,0.5415384615384615,0
peptide_nm_417,-0.1381249999999999,0
peptide_nm_418,1.328571428571429,0
peptide_nm_419,4.379285714285714,0
peptide_nm_420,-0.8613043478260869,0
peptide_nm_421,2.2192857142857148,0
peptide_nm_422,0.2288888888888888,0
peptide_nm_423,4.489090909090908,0
peptide_nm_424,1.5619354838709676,0
peptide_nm_425,1.514736842105263,0
peptide_nm_426,3.0258333333333334,0
peptide_nm_427,0.9265624999999998,0
peptide_nm_428,2.617272727272727,0
peptide_nm_429,1.4027272727272722,0
peptide_nm_430,3.354375,0
peptide_nm_431,-1.019047619047619,0
peptide_nm_432,0.5805263157894738,0
peptide_nm_433,3.7514285714285713,0
peptide_nm_434,2.4790625,0
peptide_nm_435,4.032857142857144,0
peptide_nm_436,0.6593749999999999,0
peptide_nm_437,0.8114285714285714,0
peptide_nm_438,2.765,0
peptide_nm_439,2.875,0
peptide_nm_440,4.030526315789476,0
peptide_nm_441,1.7963636363636362,0
peptide_nm_442,2.0976923076923075,0
peptide_pm_1,-1.326190476190476,1
peptide_pm_2,0.6942307692307692,1
peptide_pm_3,-0.1366666666666667,1
peptide_pm_4,0.3149999999999999,1
peptide_pm_5,-0.1700000000000002,1
peptide_pm_6,0.8733333333333333,1
peptide_pm_7,0.2347368421052633,1
peptide_pm_8,0.1632352941176471,1
peptide_pm_9,-0.53,1
peptide_pm_10,0.697142857142857,1
peptide_pm_11,1.403888888888889,1
peptide_pm_12,1.1676923076923076,1
peptide_pm_13,-0.732,1
peptide_pm_14,-0.4620000000000002,1
peptide_pm_15,0.8225,1
peptide_pm_16,1.3092307692307692,1
peptide_pm_17,-1.1487500000000002,1
peptide_pm_18,4.83578947368421,1
peptide_pm_19,0.597222222222222,1
peptide_pm_20,-0.1123529411764706,1
peptide_pm_21,0.9334615384615386,1
peptide_pm_22,2.837142857142857,1
peptide_pm_23,-0.0054545454545455,1
peptide_pm_24,0.0745454545454544,1
peptide_pm_25,0.4787878787878789,1
peptide_pm_26,-0.9621428571428574,1
peptide_pm_27,1.9670588235294115,1
peptide_pm_28,0.0705882352941176,1
peptide_pm_29,-3.153333333333334,1
peptide_pm_30,0.3238888888888888,1
peptide_pm_31,0.0513043478260869,1
peptide_pm_32,1.0227272727272727,1
peptide_pm_33,-0.1129629629629628,1
peptide_pm_34,2.2728571428571422,1
peptide_pm_35,-2.8330769230769235,1
peptide_pm_36,-0.6273684210526316,1
peptide_pm_37,-0.1125925925925922,1
peptide_pm_38,-0.8653846153846154,1
peptide_pm_39,0.3637837837837839,1
peptide_pm_40,-0.981,1
peptide_pm_41,3.06,1
peptide_pm_42,-0.1456000000000002,1
peptide_pm_43,3.4508450704225355,1
peptide_pm_44,2.771111111111112,1
peptide_pm_45,0.6710344827586208,1
peptide_pm_46,0.6707692307692305,1
peptide_pm_47,1.0755172413793104,1
peptide_pm_48,0.5483333333333333,1
peptide_pm_49,-1.262222222222222,1
peptide_pm_50,-0.9538888888888886,1
peptide_pm_51,0.3248837209302327,1
peptide_pm_52,2.5166666666666666,1
peptide_pm_53,-1.2538888888888893,1
peptide_pm_54,3.755,1
peptide_pm_55,3.5709090909090904,1
peptide_pm_56,0.6727586206896553,1
peptide_pm_57,0.4233333333333333,1
peptide_pm_58,0.7506896551724137,1
peptide_pm_59,1.355,1
peptide_pm_60,-0.7431249999999998,1
peptide_pm_61,0.1172972972972973,1
peptide_pm_62,2.6119047619047624,1
peptide_pm_63,0.5058333333333335,1
peptide_pm_64,0.0745454545454544,1
peptide_pm_65,3.2299999999999995,1
peptide_pm_66,-0.2515999999999999,1
peptide_pm_67,-2.017777777777778,1
peptide_pm_68,-0.4392307692307693,1
peptide_pm_69,1.716,1
peptide_pm_70,0.2065625000000001,1
peptide_pm_71,1.187037037037037,1
peptide_pm_72,-0.8354166666666666,1
peptide_pm_73,-0.7918181818181819,1
peptide_pm_74,1.9668421052631575,1
peptide_pm_75,0.250909090909091,1
peptide_pm_76,3.087142857142857,1
peptide_pm_77,4.377692307692308,1
peptide_pm_78,1.4022222222222225,1
peptide_pm_79,0.1739999999999999,1
peptide_pm_80,3.652222222222222,1
peptide_pm_81,-0.3911764705882352,1
peptide_pm_82,-2.266923076923077,1
peptide_pm_83,4.392222222222222,1
peptide_pm_84,0.0705882352941175,1
peptide_pm_85,-1.18125,1
peptide_pm_86,-0.587,1
peptide_pm_87,1.3192307692307692,1
peptide_pm_88,1.1233333333333335,1
peptide_pm_89,-1.7049999999999994,1
peptide_pm_90,4.516666666666667,1
peptide_pm_91,2.626923076923077,1
peptide_pm_92,0.4332142857142858,1
peptide_pm_93,1.064,1
peptide_pm_94,-1.1757142857142855,1
peptide_pm_95,0.712727272727273,1
peptide_pm_96,0.0033333333333334,1
peptide_pm_97,3.696666666666667,1
peptide_pm_98,0.0149999999999998,1
peptide_pm_99,-0.8364285714285711,1
peptide_pm_100,0.9692307692307692,1
peptide_pm_101,-0.1125000000000003,1
peptide_pm_102,0.0745454545454544,1
peptide_pm_103,0.8049999999999999,1
peptide_pm_104,3.123636363636363,1
peptide_pm_105,-1.374615384615385,1
peptide_pm_106,1.0060000000000002,1
peptide_pm_107,-1.86,1
peptide_pm_108,-0.977,1
peptide_pm_109,0.2535294117647058,1
peptide_pm_110,1.7638888888888888,1
peptide_pm_111,-1.216875,1
peptide_pm_112,0.1594117647058825,1
peptide_pm_113,-0.3084210526315789,1
peptide_pm_114,2.055555555555556,1
peptide_pm_115,-0.3419999999999999,1
peptide_pm_116,2.8061111111111106,1
peptide_pm_117,-1.3816666666666666,1
peptide_pm_118,2.350769230769231,1
peptide_pm_119,0.0274193548387095,1
peptide_pm_120,0.670769230769231,1
peptide_pm_121,1.355,1
peptide_pm_122,-1.5886363636363638,1
peptide_pm_123,2.0302941176470566,1
peptide_pm_124,0.4736666666666666,1
peptide_pm_125,1.0692307692307692,1
peptide_pm_126,2.8233333333333337,1
peptide_pm_127,-1.8480000000000003,1
peptide_pm_128,1.1855319148936168,1
peptide_pm_129,3.5352941176470587,1
peptide_pm_130,0.597222222222222,1
peptide_pm_131,-0.5104347826086958,1
peptide_pm_132,-0.7599999999999999,1
peptide_pm_133,-0.1471428571428572,1
peptide_pm_134,-1.0045833333333336,1
peptide_pm_135,-0.6714285714285716,1
peptide_pm_136,-1.8828571428571432,1
peptide_pm_137,-0.5963636363636363,1
peptide_pm_138,1.462307692307692,1
peptide_pm_139,0.3058823529411764,1
peptide_pm_140,0.0745454545454544,1
peptide_pm_141,0.6842307692307694,1
peptide_pm_142,-1.005384615384615,1
peptide_pm_143,2.920714285714286,1
peptide_pm_144,-0.2308695652173912,1
peptide_pm_145,1.4893333333333334,1
peptide_pm_146,2.082307692307692,1
peptide_pm_147,0.3878571428571429,1
peptide_pm_148,-0.6066666666666668,1
peptide_pm_149,2.4252,1
peptide_pm_150,-0.0063636363636367,1
peptide_pm_151,-1.4390909090909092,1
peptide_pm_152,-1.613076923076923,1
peptide_pm_153,-0.0552631578947369,1
peptide_pm_154,0.7755172413793104,1
peptide_pm_155,1.5794444444444449,1
peptide_pm_156,-0.7795238095238096,1
peptide_pm_157,1.396153846153846,1
peptide_pm_158,3.717222222222222,1
peptide_pm_159,1.0747826086956522,1
peptide_pm_160,-0.1076666666666667,1
peptide_pm_161,-0.7044444444444447,1
peptide_pm_162,-1.358,1
peptide_pm_163,-0.8447058823529411,1
peptide_pm_164,0.7322222222222224,1
peptide_pm_165,-0.4292307692307692,1
peptide_pm_166,0.4588888888888888,1
peptide_pm_167,-0.6793749999999998,1
peptide_pm_168,-0.3856521739130433,1
peptide_pm_169,0.2453571428571429,1
peptide_pm_170,0.2676470588235293,1
peptide_pm_171,-2.2900000000000005,1
peptide_pm_172,-0.8772727272727273,1
peptide_pm_173,0.3081818181818181,1
peptide_pm_174,4.115714285714287,1
peptide_pm_175,-0.4410714285714285,1
peptide_pm_176,1.2962068965517242,1
peptide_pm_177,-0.9158333333333332,1
peptide_pm_178,2.125833333333334,1
peptide_pm_179,-1.0143750000000002,1
peptide_pm_180,-0.9186956521739128,1
peptide_pm_181,-0.0658333333333334,1
peptide_pm_182,1.8661111111111108,1
peptide_pm_183,-1.0335714285714286,1
peptide_pm_184,3.49625,1
peptide_pm_185,0.0973333333333333,1
peptide_pm_186,-0.752857142857143,1
peptide_pm_187,-1.5936363636363635,1
peptide_pm_188,-0.2563333333333333,1
peptide_pm_189,-0.8280952380952381,1
peptide_pm_190,-0.1761538461538465,1
peptide_pm_191,1.403888888888889,1
peptide_pm_192,0.5885714285714285,1
peptide_pm_193,-0.9496428571428568,1
peptide_pm_194,-1.2141666666666666,1
peptide_pm_195,1.9833333333333336,1
peptide_pm_196,2.761428571428571,1
peptide_pm_197,-0.5836363636363636,1
peptide_pm_198,0.322962962962963,1
peptide_pm_199,1.355,1
peptide_pm_200,1.562631578947368,1
peptide_pm_201,3.677272727272727,1
peptide_pm_202,-0.8438461538461538,1
peptide_pm_203,0.597222222222222,1
peptide_pm_204,2.208214285714285,1
peptide_pm_205,0.1673076923076919,1
peptide_pm_206,2.530909090909091,1
peptide_pm_207,-0.9304761904761906,1
peptide_pm_208,1.64,1
peptide_pm_209,1.7561538461538455,1
peptide_pm_210,5.304444444444445,1
peptide_pm_211,3.18,1
peptide_pm_212,-0.6214285714285713,1
peptide_pm_213,-0.6384999999999998,1
peptide_pm_214,-0.9404347826086956,1
peptide_pm_215,0.080625,1
peptide_pm_216,-1.0127777777777776,1
peptide_pm_217,0.7864285714285714,1
peptide_pm_218,-1.3069230769230769,1
peptide_pm_219,-0.0455555555555555,1
peptide_pm_220,0.3724999999999999,1
peptide_pm_221,-0.6066666666666668,1
peptide_pm_222,0.7755172413793104,1
peptide_pm_223,0.073076923076923,1
peptide_pm_224,0.5816666666666668,1
peptide_pm_225,1.4748,1
peptide_pm_226,1.5766666666666669,1
peptide_pm_227,2.331666666666667,1
peptide_pm_228,1.4500000000000004,1
peptide_pm_229,-0.9691666666666666,1
peptide_pm_230,0.6575675675675675,1
peptide_pm_231,0.8076470588235293,1
peptide_pm_232,0.2888235294117646,1
peptide_pm_233,0.2535294117647055,1
peptide_pm_234,0.8921052631578947,1
peptide_pm_235,-1.2235714285714283,1
peptide_pm_236,-0.975217391304348,1
peptide_pm_237,1.6222448979591837,1
peptide_pm_238,-1.2777272727272733,1
peptide_pm_239,1.6411111111111107,1
peptide_pm_240,-0.9585714285714284,1
peptide_pm_241,0.1599999999999999,1
peptide_pm_242,2.931,1
peptide_pm_243,-1.0147619047619043,1
peptide_pm_244,-0.3769230769230769,1
peptide_pm_245,1.1,1
peptide_pm_246,3.30125,1
peptide_pm_247,0.7127272727272727,1
peptide_pm_248,-0.1456000000000002,1
peptide_pm_249,1.7786666666666664,1
peptide_pm_250,0.6280000000000001,1
peptide_pm_251,3.18,1
peptide_pm_252,-1.829090909090909,1
peptide_pm_253,1.06,1
peptide_pm_254,3.648125,1
peptide_pm_255,-0.5680000000000001,1
peptide_pm_256,2.698571428571429,1
peptide_pm_257,0.6351724137931035,1
peptide_pm_258,0.860344827586207,1
peptide_pm_259,1.0200000000000002,1
peptide_pm_260,0.2764705882352941,1
peptide_pm_261,0.4515625,1
peptide_pm_262,2.281538461538461,1
peptide_pm_263,0.422,1
peptide_pm_264,-2.011666666666667,1
peptide_pm_265,1.4624444444444444,1
peptide_pm_266,0.8248000000000001,1
peptide_pm_267,-1.5659999999999998,1
peptide_pm_268,0.5984615384615383,1
peptide_pm_269,0.2535294117647058,1
peptide_pm_270,-0.6087500000000001,1
peptide_pm_271,-1.6945000000000003,1
peptide_pm_272,-0.7990476190476191,1
peptide_pm_273,-0.975,1
peptide_pm_274,0.67,1
peptide_pm_275,6.264999999999998,1
peptide_pm_276,-0.732,1
peptide_pm_277,1.1825,1
peptide_pm_278,-0.2483333333333333,1
peptide_pm_279,0.8138461538461539,1
peptide_pm_280,-2.0138461538461545,1
peptide_pm_281,1.003448275862069,1
peptide_pm_282,-1.43,1
peptide_pm_283,-0.5715384615384616,1
peptide_pm_284,0.6876190476190477,1
peptide_pm_285,0.0699999999999999,1
peptide_pm_286,-0.6675000000000001,1
peptide_pm_287,-1.867777777777778,1
peptide_pm_288,-2.5500000000000007,1
peptide_pm_289,1.146666666666667,1
peptide_pm_290,4.418461538461538,1
peptide_pm_291,-1.18125,1
peptide_pm_292,0.0745454545454545,1
peptide_pm_293,-1.9469230769230768,1
peptide_pm_294,4.223846153846153,1
peptide_pm_295,0.8699999999999999,1
peptide_pm_296,1.478461538461538,1
peptide_pm_297,2.0716666666666668,1
peptide_pm_298,-0.2890909090909094,1
peptide_pm_299,0.4381249999999999,1
peptide_pm_300,0.5976923076923076,1
peptide_pm_301,0.4754545454545456,1
peptide_pm_302,1.659333333333333,1
peptide_pm_303,0.8330769230769234,1
peptide_pm_304,3.18,1
peptide_pm_305,2.270666666666666,1
peptide_pm_306,0.5943478260869567,1
peptide_pm_307,0.0745454545454544,1
peptide_pm_308,0.0086666666666664,1
peptide_pm_309,-1.6346153846153846,1
peptide_pm_310,-0.9030769230769232,1
peptide_pm_311,-1.2016666666666664,1
peptide_pm_312,-0.4763636363636364,1
peptide_pm_313,0.7992307692307693,1
peptide_pm_314,1.3895,1
peptide_pm_315,2.0493333333333337,1
peptide_pm_316,0.786111111111111,1
peptide_pm_317,2.0046666666666666,1
peptide_pm_318,0.2746875,1
peptide_pm_319,-1.3127272727272727,1
peptide_pm_320,0.1115384615384617,1
peptide_pm_321,-0.4864999999999999,1
peptide_pm_322,0.7444827586206896,1
peptide_pm_323,-0.732857142857143,1
peptide_pm_324,-1.2985714285714285,1
peptide_pm_325,3.0,1
peptide_pm_326,-1.2457142857142858,1
peptide_pm_327,-0.7146153846153847,1
peptide_pm_328,-1.456153846153846,1
peptide_pm_329,0.1169565217391303,1
peptide_pm_330,0.1505555555555556,1
peptide_pm_331,5.970000000000001,1
peptide_pm_332,-0.9369230769230767,1
peptide_pm_333,0.7700000000000001,1
peptide_pm_334,1.4961538461538464,1
peptide_pm_335,0.0558333333333329,1
peptide_pm_336,2.082307692307692,1
peptide_pm_337,0.4043243243243243,1
peptide_pm_338,1.815238095238095,1
peptide_pm_339,0.98,1
peptide_pm_340,-0.4804166666666663,1
peptide_pm_341,0.6304545454545456,1
peptide_pm_342,0.18551724137931,1
peptide_pm_343,-2.334615384615385,1
peptide_pm_344,0.8027586206896552,1
peptide_pm_345,0.8103846153846155,1
peptide_pm_346,1.8069230769230769,1
peptide_pm_347,0.7095454545454548,1
peptide_pm_348,1.2874999999999994,1
peptide_pm_349,-0.6938461538461541,1
peptide_pm_350,-0.123076923076923,1
peptide_pm_351,2.288928571428571,1
peptide_pm_352,0.3413513513513515,1
peptide_pm_353,-1.5461538461538462,1
peptide_pm_354,1.2029999999999998,1
peptide_pm_355,0.0745454545454544,1
peptide_pm_356,-0.9107142857142856,1
peptide_pm_357,0.1336,1
peptide_pm_358,-0.9690476190476192,1
peptide_pm_359,2.698571428571429,1
peptide_pm_360,0.6485714285714286,1
peptide_pm_361,0.8845714285714285,1
peptide_pm_362,3.235,1
peptide_pm_363,0.9308928571428572,1
peptide_pm_364,1.06,1
peptide_pm_365,-1.0143749999999998,1
peptide_pm_366,0.436470588235294,1
peptide_pm_367,-1.6136842105263158,1
peptide_pm_368,4.268181818181819,1
peptide_pm_369,0.5283333333333334,1
peptide_pm_370,-1.2670833333333331,1
peptide_pm_371,0.4431578947368421,1
peptide_pm_372,1.9653333333333336,1
peptide_pm_373,0.3058823529411763,1
peptide_pm_374,-0.097741935483871,1
peptide_pm_375,-0.5732,1
peptide_pm_376,1.1931578947368418,1
peptide_pm_377,-0.3663636363636366,1
peptide_pm_378,1.7536842105263155,1
peptide_pm_379,-0.515357142857143,1
peptide_pm_380,-1.0499999999999998,1
peptide_pm_381,0.0993548387096774,1
peptide_pm_382,-0.7431249999999998,1
peptide_pm_383,-0.3406666666666667,1
peptide_pm_384,3.341875,1
peptide_pm_385,2.3833333333333333,1
peptide_pm_386,0.1684,1
peptide_pm_387,0.2836363636363636,1
peptide_pm_388,-1.0635294117647058,1
peptide_pm_389,0.7031578947368423,1
peptide_pm_390,-0.6169230769230769,1
peptide_pm_391,0.2535294117647058,1
peptide_pm_392,1.3041379310344825,1
peptide_pm_393,0.0639999999999998,1
peptide_pm_394,-1.2493749999999997,1
peptide_pm_395,-0.6285714285714287,1
peptide_pm_396,0.8699999999999999,1
peptide_pm_397,-0.1856250000000001,1
peptide_pm_398,-0.906875,1
peptide_pm_399,-1.6130769230769235,1
peptide_pm_400,3.021904761904762,1
peptide_pm_401,-0.5870833333333334,1
peptide_pm_402,2.905384615384615,1
peptide_pm_403,1.4527777777777782,1
peptide_pm_404,-2.334615384615385,1
peptide_pm_405,-0.3810526315789473,1
peptide_pm_406,-1.3069230769230769,1
peptide_pm_407,-0.8544444444444445,1
peptide_pm_408,0.2933333333333332,1
peptide_pm_409,4.275555555555555,1
peptide_pm_410,-1.9040000000000004,1
peptide_pm_411,2.389999999999999,1
peptide_pm_412,0.0954545454545456,1
peptide_pm_413,1.240952380952381,1
peptide_pm_414,-0.1955555555555553,1
peptide_pm_415,0.2845161290322581,1
peptide_pm_416,2.3816666666666664,1
peptide_pm_417,4.515000000000001,1
peptide_pm_418,0.965217391304348,1
peptide_pm_419,0.0745454545454545,1
peptide_pm_420,0.0290909090909091,1
peptide_pm_421,3.755,1
peptide_pm_422,0.0408333333333333,1
peptide_pm_423,1.4153571428571423,1
peptide_pm_424,0.8699999999999999,1
peptide_pm_425,0.8965217391304346,1
peptide_pm_426,1.9855555555555555,1
peptide_pm_427,2.8835714285714285,1
peptide_pm_428,2.412222222222222,1
peptide_pm_429,1.9833333333333327,1
peptide_pm_430,-1.4300000000000002,1
peptide_pm_431,-1.0617391304347827,1
peptide_pm_432,0.1883333333333333,1
peptide_pm_433,0.1684,1
peptide_pm_434,-1.5409523809523809,1
peptide_pm_435,-0.5175000000000001,1
peptide_pm_436,-0.7320000000000002,1
peptide_pm_437,0.5700000000000002,1
peptide_pm_438,0.238125,1
peptide_pm_439,1.0475,1
peptide_pm_440,1.7403846153846148,1
peptide_pm_441,0.7721621621621619,1
peptide_pm_442,0.67,1
