,Hopp_woods,y
peptide_nm_1,0.630117246945698,0
peptide_nm_2,0.4110503299214809,0
peptide_nm_3,0.362067250825553,0
peptide_nm_4,0.457565846759409,0
peptide_nm_5,0.2086205622166404,0
peptide_nm_6,0.22394853632672,0
peptide_nm_7,0.8577453342491056,0
peptide_nm_8,0.1689310251913298,0
peptide_nm_9,0.5712198233410595,0
peptide_nm_10,0.1296901207150121,0
peptide_nm_11,0.7026883558283467,0
peptide_nm_12,0.39928687567839,0
peptide_nm_13,0.0217248598937223,0
peptide_nm_14,0.4289027965323955,0
peptide_nm_15,0.195863981417989,0
peptide_nm_16,0.5564256803676164,0
peptide_nm_17,0.1764580438088551,0
peptide_nm_18,0.5167656168381238,0
peptide_nm_19,0.5834779910361128,0
peptide_nm_20,0.1587191571763974,0
peptide_nm_21,0.2304535072427768,0
peptide_nm_22,0.0978904427845461,0
peptide_nm_23,0.3324556365378123,0
peptide_nm_24,0.672823492296808,0
peptide_nm_25,1.5680885031055305,0
peptide_nm_26,0.413096452762102,0
peptide_nm_27,0.6823309074691439,0
peptide_nm_28,0.4319474156337129,0
peptide_nm_29,0.6284447846701404,0
peptide_nm_30,0.424831544356809,0
peptide_nm_31,0.0912963487144031,0
peptide_nm_32,0.4462749426782417,0
peptide_nm_33,0.594157547673841,0
peptide_nm_34,0.7102290692683636,0
peptide_nm_35,0.3045700368005108,0
peptide_nm_36,0.9064022743963251,0
peptide_nm_37,0.0838928827561582,0
peptide_nm_38,0.0424191091693671,0
peptide_nm_39,0.4101435594059703,0
peptide_nm_40,0.1590876598736441,0
peptide_nm_41,0.3476216770866318,0
peptide_nm_43,0.9753776009415676,0
peptide_nm_44,0.6877288278903623,0
peptide_nm_45,0.2554556507724294,0
peptide_nm_46,0.0621473919060693,0
peptide_nm_47,0.1920599289279815,0
peptide_nm_48,0.7186489875875489,0
peptide_nm_49,0.1224544488858795,0
peptide_nm_50,0.1968614862655548,0
peptide_nm_51,0.2364867429192732,0
peptide_nm_52,0.5571839798486098,0
peptide_nm_53,0.3372727387783042,0
peptide_nm_54,0.3893545297485699,0
peptide_nm_55,0.5545866249026498,0
peptide_nm_56,0.2325910478839156,0
peptide_nm_57,0.1092730088149565,0
peptide_nm_58,0.2551932915248193,0
peptide_nm_59,0.1060464268347481,0
peptide_nm_60,0.2326241613790947,0
peptide_nm_61,0.4310599269220312,0
peptide_nm_62,0.3663472383257922,0
peptide_nm_63,0.3763956252615416,0
peptide_nm_64,0.1749773063568733,0
peptide_nm_65,0.3605069174136359,0
peptide_nm_66,0.2641933856681422,0
peptide_nm_67,0.2423753690186348,0
peptide_nm_68,0.1801434473822489,0
peptide_nm_69,0.2647741643951882,0
peptide_nm_70,0.5860455647907722,0
peptide_nm_71,0.3967623297901992,0
peptide_nm_72,0.4152173029261623,0
peptide_nm_73,0.504787558615135,0
peptide_nm_74,0.25758392673905,0
peptide_nm_75,0.580754302260818,0
peptide_nm_76,0.3158091226257553,0
peptide_nm_77,0.2025054821282618,0
peptide_nm_78,0.5426086792406785,0
peptide_nm_79,0.2346931696972629,0
peptide_nm_80,0.085696017916442,0
peptide_nm_81,0.3877842756032403,0
peptide_nm_82,0.2417153456709407,0
peptide_nm_83,0.2826926941551296,0
peptide_nm_84,0.2633134201710646,0
peptide_nm_85,0.6135841352910824,0
peptide_nm_86,0.589041479734297,0
peptide_nm_87,0.1518110608581859,0
peptide_nm_88,0.9726437843131582,0
peptide_nm_89,0.2853192911996864,0
peptide_nm_90,0.2109822728641609,0
peptide_nm_91,0.0985554230305917,0
peptide_nm_92,0.6522831012430826,0
peptide_nm_93,0.3436811580273729,0
peptide_nm_94,0.28422389181441,0
peptide_nm_95,0.1791080276926521,0
peptide_nm_96,0.4057287229509996,0
peptide_nm_97,0.6381976276593523,0
peptide_nm_98,0.57437175916962,0
peptide_nm_99,0.9982851965384548,0
peptide_nm_100,0.0559400780047105,0
peptide_nm_101,0.4672273508345473,0
peptide_nm_102,0.4849816821543427,0
peptide_nm_103,0.2015941302705876,0
peptide_nm_104,0.6328094520340845,0
peptide_nm_105,0.1613070624261729,0
peptide_nm_106,0.8002933201231939,0
peptide_nm_107,0.2445141030565451,0
peptide_nm_108,0.453289122603907,0
peptide_nm_109,0.5983030060429922,0
peptide_nm_110,0.4697556150280012,0
peptide_nm_111,0.2038515394636469,0
peptide_nm_112,0.2786428968172176,0
peptide_nm_113,0.1967396402295449,0
peptide_nm_114,0.4582162567703257,0
peptide_nm_115,0.4494372666736981,0
peptide_nm_116,0.5056330595840728,0
peptide_nm_117,0.597020280649415,0
peptide_nm_118,0.2941159783070621,0
peptide_nm_119,0.6740718818964981,0
peptide_nm_120,0.8258547494085832,0
peptide_nm_121,0.1995360688733663,0
peptide_nm_122,0.2089169429353205,0
peptide_nm_123,0.5680749372229176,0
peptide_nm_124,0.5342232418437655,0
peptide_nm_125,0.5116275281467474,0
peptide_nm_126,0.3316275331777873,0
peptide_nm_127,0.5234825195984693,0
peptide_nm_128,0.7302344932975352,0
peptide_nm_129,0.3444277770330868,0
peptide_nm_130,0.3362808547517532,0
peptide_nm_131,0.6619353608249908,0
peptide_nm_132,0.5004419774244426,0
peptide_nm_133,0.8703462857553683,0
peptide_nm_134,0.2429045775841795,0
peptide_nm_135,0.2318571235754534,0
peptide_nm_136,0.4752784225472159,0
peptide_nm_137,0.0796857104056894,0
peptide_nm_138,0.4601106057641423,0
peptide_nm_139,0.3604397586632775,0
peptide_nm_140,0.4000310314259268,0
peptide_nm_141,0.1644286039833763,0
peptide_nm_142,0.0727257213337881,0
peptide_nm_143,0.7390454077513796,0
peptide_nm_144,0.216382663222541,0
peptide_nm_145,0.3039752377009434,0
peptide_nm_146,0.590433118712104,0
peptide_nm_147,0.6706251407254248,0
peptide_nm_148,0.2396578713328457,0
peptide_nm_149,0.287057017309574,0
peptide_nm_150,0.3180754487364428,0
peptide_nm_151,0.4190605044088805,0
peptide_nm_152,0.2788126545090326,0
peptide_nm_153,0.3133297691423996,0
peptide_nm_154,0.3861143220319712,0
peptide_nm_155,0.324039443828828,0
peptide_nm_156,0.3419499509628828,0
peptide_nm_157,0.6761154160440311,0
peptide_nm_158,0.6644742041828081,0
peptide_nm_159,0.2084702103930612,0
peptide_nm_160,0.357433800587485,0
peptide_nm_161,0.6549592714214766,0
peptide_nm_162,0.450355751981319,0
peptide_nm_163,0.3921650653726289,0
peptide_nm_164,0.2025191705184545,0
peptide_nm_165,0.4395236194525877,0
peptide_nm_166,0.1942111109133655,0
peptide_nm_167,0.1710431701305791,0
peptide_nm_168,0.2181426797135469,0
peptide_nm_169,0.394471006915208,0
peptide_nm_170,0.5204837341131712,0
peptide_nm_171,0.1942166310073356,0
peptide_nm_172,0.5070166442701468,0
peptide_nm_173,0.363059307209765,0
peptide_nm_174,0.517912328618556,0
peptide_nm_175,0.6043380590609052,0
peptide_nm_176,0.311919235599813,0
peptide_nm_177,0.3559984477322726,0
peptide_nm_178,0.5925052473805165,0
peptide_nm_179,0.1705393781088514,0
peptide_nm_180,0.4254799159143231,0
peptide_nm_181,0.2397473707817748,0
peptide_nm_182,0.264736882584448,0
peptide_nm_183,0.1787879364156772,0
peptide_nm_184,0.1294116894318927,0
peptide_nm_185,0.3905370465702847,0
peptide_nm_186,0.2077712703163072,0
peptide_nm_187,0.6833061522187949,0
peptide_nm_188,0.5772508477569084,0
peptide_nm_189,0.1836796913862391,0
peptide_nm_190,0.5915708148915554,0
peptide_nm_191,0.1620409612330028,0
peptide_nm_192,0.5757203373807128,0
peptide_nm_193,0.8229987143612888,0
peptide_nm_194,0.3789502823888824,0
peptide_nm_195,0.8000734348087941,0
peptide_nm_196,0.339810297933962,0
peptide_nm_197,0.1445454148811485,0
peptide_nm_198,0.6730789863755603,0
peptide_nm_199,0.576714725527802,0
peptide_nm_200,0.6232504678675953,0
peptide_nm_201,0.1324488363870697,0
peptide_nm_202,0.4880723916331871,0
peptide_nm_203,0.2581578620401366,0
peptide_nm_204,0.2713046893615104,0
peptide_nm_205,0.3442158214640388,0
peptide_nm_206,0.666333635831601,0
peptide_nm_207,0.3404759603311816,0
peptide_nm_208,0.5978515595275009,0
peptide_nm_209,0.3840144744584737,0
peptide_nm_210,0.4237917726454292,0
peptide_nm_211,0.5318925871667661,0
peptide_nm_212,0.7048748383161128,0
peptide_nm_213,0.1853540750218246,0
peptide_nm_214,0.9206529222428788,0
peptide_nm_215,0.2973662547115041,0
peptide_nm_216,0.5265688006554629,0
peptide_nm_217,0.4209784475359315,0
peptide_nm_218,0.2514502234812541,0
peptide_nm_219,0.6295852147240698,0
peptide_nm_220,0.7607755065429153,0
peptide_nm_221,0.7993671490568849,0
peptide_nm_222,0.42285096924,0
peptide_nm_223,0.7057268952088551,0
peptide_nm_224,0.139403397416581,0
peptide_nm_225,0.4195050217111061,0
peptide_nm_226,0.2172757482656895,0
peptide_nm_227,0.4600856391405684,0
peptide_nm_228,0.6755324905857426,0
peptide_nm_229,0.6186288786337891,0
peptide_nm_230,0.4419561276272677,0
peptide_nm_231,1.113169632512229,0
peptide_nm_232,0.2408373084071874,0
peptide_nm_233,0.5760557327069897,0
peptide_nm_234,0.2060636803767737,0
peptide_nm_235,0.7222925384799889,0
peptide_nm_236,0.1182118210700895,0
peptide_nm_237,0.4779873698609533,0
peptide_nm_238,0.0796590170898853,0
peptide_nm_239,0.3616148226993027,0
peptide_nm_240,0.1310531104602596,0
peptide_nm_241,0.5784371120234416,0
peptide_nm_242,0.2197725069901595,0
peptide_nm_243,0.3471694719050917,0
peptide_nm_244,0.2386799785471995,0
peptide_nm_245,0.5356225336507583,0
peptide_nm_246,0.4922143251691786,0
peptide_nm_247,0.2516645572922852,0
peptide_nm_248,0.6204362447391732,0
peptide_nm_249,0.5148084236889939,0
peptide_nm_250,0.3201391122468094,0
peptide_nm_251,0.2697280279663449,0
peptide_nm_252,0.6372293198151985,0
peptide_nm_253,0.8072143569253535,0
peptide_nm_254,0.1183911394543508,0
peptide_nm_255,0.2335475808427735,0
peptide_nm_256,0.0830418202735736,0
peptide_nm_257,0.6902323727017337,0
peptide_nm_258,0.3644674666885971,0
peptide_nm_259,0.6597295771075548,0
peptide_nm_260,0.1395598432499428,0
peptide_nm_261,0.1324528583790624,0
peptide_nm_262,0.1976913892172631,0
peptide_nm_263,0.127607206263452,0
peptide_nm_264,0.5244704654208984,0
peptide_nm_265,0.4448361396636233,0
peptide_nm_266,0.4790823028220668,0
peptide_nm_267,0.2066330752742625,0
peptide_nm_268,0.1986783890855779,0
peptide_nm_269,0.2386405353816166,0
peptide_nm_270,1.258121569567227,0
peptide_nm_271,0.676781146635866,0
peptide_nm_272,0.3581642679466579,0
peptide_nm_273,0.2429523272774541,0
peptide_nm_274,0.5595337250767983,0
peptide_nm_275,0.6106241345164989,0
peptide_nm_276,0.1477861969313829,0
peptide_nm_277,0.3124059053540499,0
peptide_nm_278,0.1773921544196344,0
peptide_nm_279,0.1763665317977553,0
peptide_nm_280,0.4301371242208678,0
peptide_nm_281,0.6780560889540842,0
peptide_nm_282,0.295307162114411,0
peptide_nm_283,0.8060336906594935,0
peptide_nm_284,0.3111064999057285,0
peptide_nm_285,0.6743113204716837,0
peptide_nm_286,0.3026376100223888,0
peptide_nm_287,0.2783606421353836,0
peptide_nm_288,0.4456307751525408,0
peptide_nm_289,0.7923722192449684,0
peptide_nm_290,0.5688707188893132,0
peptide_nm_291,0.0831182333138672,0
peptide_nm_292,0.3183038581989397,0
peptide_nm_293,0.7165829672334094,0
peptide_nm_294,0.4608290276200297,0
peptide_nm_295,0.1784895523851842,0
peptide_nm_296,0.4432078363395519,0
peptide_nm_297,0.6853665769648674,0
peptide_nm_298,0.6684963083430303,0
peptide_nm_299,0.2453919068335022,0
peptide_nm_300,0.2162907169992696,0
peptide_nm_301,0.909556416760224,0
peptide_nm_302,0.4203452634672069,0
peptide_nm_303,0.3245410231492744,0
peptide_nm_304,0.128347474271824,0
peptide_nm_305,0.6015479414961521,0
peptide_nm_306,0.2375595696741131,0
peptide_nm_307,0.2307676459882895,0
peptide_nm_308,0.8191060381444069,0
peptide_nm_309,0.6596398803209748,0
peptide_nm_310,0.5146866987149291,0
peptide_nm_311,0.1416855387677099,0
peptide_nm_312,0.3030892823118479,0
peptide_nm_313,0.4675842725537494,0
peptide_nm_314,0.3221196944550067,0
peptide_nm_315,0.4219923415764243,0
peptide_nm_316,0.3572753694125203,0
peptide_nm_317,0.449614610319796,0
peptide_nm_318,0.2625853585017642,0
peptide_nm_319,0.4205586079094794,0
peptide_nm_320,0.1524493090630159,0
peptide_nm_321,0.2786875045604987,0
peptide_nm_322,1.0029040689298658,0
peptide_nm_323,0.5301331921328205,0
peptide_nm_324,0.3054420273550086,0
peptide_nm_325,0.2040755575767458,0
peptide_nm_326,0.3494961672967292,0
peptide_nm_327,0.3356745085553184,0
peptide_nm_328,0.6136086733748474,0
peptide_nm_329,0.046264915674167,0
peptide_nm_330,0.4590142037700605,0
peptide_nm_331,0.424018112284213,0
peptide_nm_332,0.1446502308441933,0
peptide_nm_333,0.1827748353309088,0
peptide_nm_334,0.6835142203059221,0
peptide_nm_335,0.3649673880137496,0
peptide_nm_336,0.7212837379502912,0
peptide_nm_337,0.5420893458540814,0
peptide_nm_338,0.138686805043574,0
peptide_nm_339,0.2379991457109026,0
peptide_nm_340,0.5163995691777549,0
peptide_nm_341,0.3705929279858442,0
peptide_nm_342,0.3420347997446192,0
peptide_nm_343,0.6335721935243046,0
peptide_nm_344,0.4207247612322081,0
peptide_nm_345,0.3830981789496344,0
peptide_nm_346,0.3403313992311937,0
peptide_nm_347,0.4783932391008846,0
peptide_nm_348,0.1887168769360128,0
peptide_nm_349,0.5586806771252629,0
peptide_nm_350,0.1616950208780054,0
peptide_nm_351,0.2517102555734242,0
peptide_nm_352,0.2340285060990652,0
peptide_nm_353,0.2170921935096996,0
peptide_nm_354,0.3727655102729063,0
peptide_nm_355,0.2483422924954132,0
peptide_nm_356,0.2911233621576481,0
peptide_nm_357,0.2042254621367201,0
peptide_nm_358,0.1421603441083245,0
peptide_nm_359,0.4356752148523226,0
peptide_nm_360,0.4559269304585134,0
peptide_nm_361,0.1023515246129419,0
peptide_nm_362,0.2415332006000692,0
peptide_nm_363,0.8898062690620718,0
peptide_nm_364,0.4296607190466753,0
peptide_nm_365,0.4460084458405055,0
peptide_nm_366,0.4099355664899544,0
peptide_nm_367,0.7326463466030627,0
peptide_nm_368,0.5914774641247349,0
peptide_nm_369,0.5415935531671349,0
peptide_nm_370,0.377520651898389,0
peptide_nm_371,0.3431851800123888,0
peptide_nm_372,0.3483599667688275,0
peptide_nm_373,0.2189051083929793,0
peptide_nm_374,0.1774116458464919,0
peptide_nm_375,0.459639883799783,0
peptide_nm_376,0.2492661640977303,0
peptide_nm_377,0.5667974083094197,0
peptide_nm_378,0.2126596308038174,0
peptide_nm_379,0.5867653977323927,0
peptide_nm_380,0.6240963930913441,0
peptide_nm_381,0.5587619115616255,0
peptide_nm_382,0.4130094438079748,0
peptide_nm_383,0.6618672552861338,0
peptide_nm_384,0.5643222575913374,0
peptide_nm_385,0.1711764557334845,0
peptide_nm_386,0.2240659424181669,0
peptide_nm_387,0.5385221921509861,0
peptide_nm_388,0.0436533897682033,0
peptide_nm_389,0.3317632049968573,0
peptide_nm_390,1.146391292143066,0
peptide_nm_391,0.049946767742956,0
peptide_nm_392,0.1616777817674003,0
peptide_nm_393,0.2420685612067005,0
peptide_nm_394,0.3122363635519846,0
peptide_nm_395,0.5640589583649732,0
peptide_nm_396,0.8397256970420186,0
peptide_nm_397,0.5155636874973507,0
peptide_nm_398,0.5283097129699666,0
peptide_nm_399,0.3774205100701832,0
peptide_nm_400,0.3262787281908619,0
peptide_nm_401,0.0715745783021023,0
peptide_nm_402,0.4318300776271315,0
peptide_nm_403,0.296991388765102,0
peptide_nm_404,0.4729640478930492,0
peptide_nm_405,0.3058411426279676,0
peptide_nm_406,0.3956537117936461,0
peptide_nm_407,0.0943004973164625,0
peptide_nm_408,0.4833907587703194,0
peptide_nm_409,0.5925174358795458,0
peptide_nm_410,0.1734864197009856,0
peptide_nm_411,0.5391701430100296,0
peptide_nm_412,0.4760698451087336,0
peptide_nm_413,0.4484135716548393,0
peptide_nm_414,0.1446664943696683,0
peptide_nm_415,0.744057729339705,0
peptide_nm_416,0.2841024725102824,0
peptide_nm_417,0.5380908198820694,0
peptide_nm_418,0.3115191927129452,0
peptide_nm_419,0.6789254425049966,0
peptide_nm_420,0.2544372654941477,0
peptide_nm_421,0.3202665647089814,0
peptide_nm_422,0.187135108156273,0
peptide_nm_423,0.214806708382405,0
peptide_nm_424,0.1134363748176666,0
peptide_nm_425,0.2233908920960815,0
peptide_nm_426,0.2221146591689553,0
peptide_nm_427,0.5134315975748381,0
peptide_nm_428,0.4749259289233389,0
peptide_nm_429,0.3917903933667164,0
peptide_nm_430,0.3638148528450298,0
peptide_nm_431,0.2132270899788099,0
peptide_nm_432,0.0738190867600488,0
peptide_nm_433,0.7591147454274368,0
peptide_nm_434,0.1151590460026078,0
peptide_nm_435,0.2294997492712601,0
peptide_nm_436,0.3099514170560045,0
peptide_nm_437,0.6515850258833167,0
peptide_nm_438,0.9661790581505206,0
peptide_nm_439,0.1516270736163438,0
peptide_nm_440,0.3669107806989944,0
peptide_nm_441,0.374093303537779,0
peptide_nm_442,0.5782123602186389,0
peptide_pm_1,0.7116969908710252,1
peptide_pm_2,0.8135562126524802,1
peptide_pm_3,1.3338796983524557,1
peptide_pm_4,1.0946909596970955,1
peptide_pm_5,0.1978693181472366,1
peptide_pm_6,1.0807090900117735,1
peptide_pm_7,0.1525574607786008,1
peptide_pm_8,0.4489389236083136,1
peptide_pm_9,0.8465917789539412,1
peptide_pm_10,0.2891878204450029,1
peptide_pm_11,1.2504727047355415,1
peptide_pm_12,0.7641154410767051,1
peptide_pm_13,0.2871896036531019,1
peptide_pm_14,0.1694198975081101,1
peptide_pm_15,0.4102720496070731,1
peptide_pm_16,0.6203067434896052,1
peptide_pm_17,0.719221736613856,1
peptide_pm_18,0.5540045977544296,1
peptide_pm_19,0.8644373468180305,1
peptide_pm_20,0.287852813301272,1
peptide_pm_21,0.7437713007599231,1
peptide_pm_22,0.5055313349976681,1
peptide_pm_23,0.354938330339929,1
peptide_pm_24,1.4728606274414708,1
peptide_pm_25,0.0858416301138011,1
peptide_pm_26,0.7449250529222953,1
peptide_pm_27,0.1963592036225419,1
peptide_pm_28,0.2123762149305381,1
peptide_pm_29,0.593736147675559,1
peptide_pm_30,0.7168020489429385,1
peptide_pm_31,0.8531365003956589,1
peptide_pm_32,0.6562414741805417,1
peptide_pm_33,0.4647010520824831,1
peptide_pm_34,1.0672702733437835,1
peptide_pm_35,0.6368036226877085,1
peptide_pm_36,0.8617036593155679,1
peptide_pm_37,0.5046337586523054,1
peptide_pm_38,1.0952498275605027,1
peptide_pm_39,0.2870805091297697,1
peptide_pm_40,0.6584677327420632,1
peptide_pm_41,0.4912626112277634,1
peptide_pm_42,0.2976356865757052,1
peptide_pm_43,0.168635090413823,1
peptide_pm_44,0.2427747141100192,1
peptide_pm_45,0.274867146529939,1
peptide_pm_46,0.5188111195715954,1
peptide_pm_47,0.4065065708781741,1
peptide_pm_48,0.1274273340140357,1
peptide_pm_49,0.9245691629337526,1
peptide_pm_50,1.048701399509555,1
peptide_pm_51,0.3729678748794941,1
peptide_pm_52,0.640749468031721,1
peptide_pm_53,0.2817356523759458,1
peptide_pm_54,0.3812336466576866,1
peptide_pm_55,1.443535576988713,1
peptide_pm_56,0.3078191589781683,1
peptide_pm_57,1.3849517802424296,1
peptide_pm_58,0.2967851687294203,1
peptide_pm_59,1.2621504413195612,1
peptide_pm_60,0.8982872574761922,1
peptide_pm_61,0.2222936720165863,1
peptide_pm_62,0.7245463252770579,1
peptide_pm_63,0.0549606699534819,1
peptide_pm_64,1.5296397803855677,1
peptide_pm_65,1.427223562965821,1
peptide_pm_66,0.4371732338693778,1
peptide_pm_67,1.017565497690193,1
peptide_pm_68,1.0649094854063046,1
peptide_pm_69,0.3098402159714169,1
peptide_pm_70,0.1904223513064954,1
peptide_pm_71,0.2036191941919581,1
peptide_pm_72,0.5801287157924109,1
peptide_pm_73,0.9293890691577594,1
peptide_pm_74,0.3969179720901559,1
peptide_pm_75,1.5875305535372128,1
peptide_pm_76,0.7714926892974747,1
peptide_pm_77,0.9035464002912754,1
peptide_pm_78,0.4505823400067437,1
peptide_pm_79,0.6390514043643863,1
peptide_pm_80,0.3588495962196002,1
peptide_pm_81,0.93187153322097,1
peptide_pm_82,0.8720546609617604,1
peptide_pm_83,0.1864432028847039,1
peptide_pm_84,0.2741392001438877,1
peptide_pm_85,0.9004622190379807,1
peptide_pm_86,0.6832304767724346,1
peptide_pm_87,1.264772468543117,1
peptide_pm_88,0.4194472676268582,1
peptide_pm_89,0.9158256518052388,1
peptide_pm_90,0.4311743531684089,1
peptide_pm_91,0.8288513884122602,1
peptide_pm_92,0.6235448769212403,1
peptide_pm_93,0.9558505668465884,1
peptide_pm_94,0.6464140493607812,1
peptide_pm_95,0.8521194926302513,1
peptide_pm_96,0.1815916998042121,1
peptide_pm_97,0.654642383491461,1
peptide_pm_98,0.640892485856596,1
peptide_pm_99,0.5658244405541425,1
peptide_pm_100,0.4837997798587767,1
peptide_pm_101,0.6637229275072064,1
peptide_pm_102,1.6100114146212403,1
peptide_pm_103,0.6167634695415938,1
peptide_pm_104,1.6050750724957306,1
peptide_pm_105,0.8477389763839294,1
peptide_pm_106,1.100121300867341,1
peptide_pm_107,0.6586021749364291,1
peptide_pm_108,0.688619607243674,1
peptide_pm_109,0.1531300192015726,1
peptide_pm_110,0.1565163063471348,1
peptide_pm_111,0.8223504011460737,1
peptide_pm_112,1.5554667632027583,1
peptide_pm_113,0.5939190126887639,1
peptide_pm_114,0.9941207775575568,1
peptide_pm_115,0.5351298998170879,1
peptide_pm_116,1.2639261071629586,1
peptide_pm_117,0.8059596347121143,1
peptide_pm_118,0.2437127799157042,1
peptide_pm_119,0.0971980065871793,1
peptide_pm_120,0.433007838660029,1
peptide_pm_121,1.2621504413195612,1
peptide_pm_122,1.3000415918944324,1
peptide_pm_123,0.8723972709793236,1
peptide_pm_124,0.1747963724584915,1
peptide_pm_125,0.4505688930566055,1
peptide_pm_126,0.3814191529666934,1
peptide_pm_127,0.7079363193103451,1
peptide_pm_128,0.1496766917042221,1
peptide_pm_129,0.1303806875194426,1
peptide_pm_130,0.6012421547339345,1
peptide_pm_131,0.6169465543772897,1
peptide_pm_132,1.49940457844654,1
peptide_pm_133,0.6549273004543881,1
peptide_pm_134,0.4409903015839924,1
peptide_pm_135,0.8042217446862078,1
peptide_pm_136,0.5907276047427065,1
peptide_pm_137,1.130093417126953,1
peptide_pm_138,0.5799352367192809,1
peptide_pm_139,0.9380310712327246,1
peptide_pm_140,1.5679152903407034,1
peptide_pm_141,0.8309502129985706,1
peptide_pm_142,1.1580246506017953,1
peptide_pm_143,0.3629042612883748,1
peptide_pm_144,1.1470639229830617,1
peptide_pm_145,0.2904392970843663,1
peptide_pm_146,0.6279288692464176,1
peptide_pm_147,0.7058764728147697,1
peptide_pm_148,0.8873536379737711,1
peptide_pm_149,0.2699963730219276,1
peptide_pm_150,1.398489683125663,1
peptide_pm_151,0.4916205498192136,1
peptide_pm_152,0.8776426218611377,1
peptide_pm_153,0.9353685020983696,1
peptide_pm_154,0.3571483093097917,1
peptide_pm_155,0.9582457309230904,1
peptide_pm_156,0.9086397670677316,1
peptide_pm_157,0.3166182006164912,1
peptide_pm_158,1.4786534039801746,1
peptide_pm_159,1.107156105235018,1
peptide_pm_160,0.0211589885996754,1
peptide_pm_161,1.5122323898274843,1
peptide_pm_162,0.9817273591565177,1
peptide_pm_163,0.7784393575104194,1
peptide_pm_164,1.5309738404831963,1
peptide_pm_165,0.9554777484290816,1
peptide_pm_166,1.619485745695338,1
peptide_pm_167,0.9831404666244056,1
peptide_pm_168,0.7090102313292291,1
peptide_pm_169,0.4219048137058929,1
peptide_pm_170,0.9627360078331866,1
peptide_pm_171,0.6834829809259394,1
peptide_pm_172,1.369037988834168,1
peptide_pm_173,0.1266944117350819,1
peptide_pm_174,0.1146932426947442,1
peptide_pm_175,0.5467884921399887,1
peptide_pm_176,0.0562359379821541,1
peptide_pm_177,1.0716350890342528,1
peptide_pm_178,0.2616723868115007,1
peptide_pm_179,0.8791404822227298,1
peptide_pm_180,0.6249958233574335,1
peptide_pm_181,0.9829569536282676,1
peptide_pm_182,1.1377354347067876,1
peptide_pm_183,0.8905505385033659,1
peptide_pm_184,0.262321505520117,1
peptide_pm_185,1.2366946873290483,1
peptide_pm_186,1.1192376090882652,1
peptide_pm_187,1.0945689324439216,1
peptide_pm_188,0.5502763778494473,1
peptide_pm_189,0.9851533370740436,1
peptide_pm_190,0.4918424910263624,1
peptide_pm_191,1.2504727047355415,1
peptide_pm_192,1.0303352749798638,1
peptide_pm_193,0.5658244405541425,1
peptide_pm_194,1.3671616904097454,1
peptide_pm_195,0.3883754311966789,1
peptide_pm_196,0.4341988898495322,1
peptide_pm_197,1.5006100640440936,1
peptide_pm_198,0.9914250535736152,1
peptide_pm_199,1.2621504413195612,1
peptide_pm_200,0.4217809744819277,1
peptide_pm_201,1.2650737790081392,1
peptide_pm_202,1.0591482682385054,1
peptide_pm_203,0.9793046541691548,1
peptide_pm_204,1.049510811685752,1
peptide_pm_205,0.3414439322581012,1
peptide_pm_206,0.3499839531638959,1
peptide_pm_207,0.9086397670677316,1
peptide_pm_208,0.8026985744623696,1
peptide_pm_209,0.767458063059287,1
peptide_pm_210,0.3882940971777676,1
peptide_pm_211,0.2339896495393471,1
peptide_pm_212,0.9517749713994236,1
peptide_pm_213,0.7475285986968209,1
peptide_pm_214,0.7095556076623311,1
peptide_pm_215,0.433351473064233,1
peptide_pm_216,0.855886798048709,1
peptide_pm_217,0.5677271740599573,1
peptide_pm_218,0.8376818651604473,1
peptide_pm_219,1.054176790684294,1
peptide_pm_220,0.8187074164914665,1
peptide_pm_221,0.8873536379737711,1
peptide_pm_222,0.2634911326251762,1
peptide_pm_223,0.3697071506416825,1
peptide_pm_224,0.1762206123362918,1
peptide_pm_225,0.4072940930364584,1
peptide_pm_226,1.1805929387375915,1
peptide_pm_227,0.331730599652884,1
peptide_pm_228,0.1524578299794654,1
peptide_pm_229,0.4853599459005451,1
peptide_pm_230,0.3488705571094562,1
peptide_pm_231,0.7584962748128534,1
peptide_pm_232,0.91000556736436,1
peptide_pm_233,0.294244478971851,1
peptide_pm_234,1.1847402612237037,1
peptide_pm_235,1.14114326642953,1
peptide_pm_236,0.179183488587831,1
peptide_pm_237,0.0942818380759761,1
peptide_pm_238,0.321487250246933,1
peptide_pm_239,0.8971259856535625,1
peptide_pm_240,0.3468177035856423,1
peptide_pm_241,0.5905165071724271,1
peptide_pm_242,0.3467048777009848,1
peptide_pm_243,0.5194737972758835,1
peptide_pm_244,1.086941029707468,1
peptide_pm_245,0.4072940930364584,1
peptide_pm_246,0.273832090385803,1
peptide_pm_247,0.8412590057424947,1
peptide_pm_248,0.301440195379595,1
peptide_pm_249,0.5158154692987754,1
peptide_pm_250,1.5800644849710648,1
peptide_pm_251,0.2339896495393471,1
peptide_pm_252,1.1487720239500947,1
peptide_pm_253,0.5308659746851269,1
peptide_pm_254,0.1605297973104133,1
peptide_pm_255,0.9467115161514308,1
peptide_pm_256,0.4555954606781384,1
peptide_pm_257,0.3717608767595206,1
peptide_pm_258,0.3820732463248333,1
peptide_pm_259,1.107156105235018,1
peptide_pm_260,0.7641842546139392,1
peptide_pm_261,0.8378151233363603,1
peptide_pm_262,0.4035727155656815,1
peptide_pm_263,1.034631243503797,1
peptide_pm_264,1.1763931007492727,1
peptide_pm_265,0.2220480502727778,1
peptide_pm_266,1.5134946061375458,1
peptide_pm_267,0.6634230802806131,1
peptide_pm_268,1.264772468543117,1
peptide_pm_269,0.3106786769392615,1
peptide_pm_270,1.0540419004599315,1
peptide_pm_271,0.5765021684628288,1
peptide_pm_272,0.4298499060014612,1
peptide_pm_273,0.8732292986371992,1
peptide_pm_274,0.8521194926302513,1
peptide_pm_275,0.2450294480286565,1
peptide_pm_276,1.4550097214501512,1
peptide_pm_277,1.1972793118509093,1
peptide_pm_278,2.4719762566968733e-16,1
peptide_pm_279,0.7696053710609466,1
peptide_pm_280,0.7137262838760343,1
peptide_pm_281,0.3774312409249779,1
peptide_pm_282,1.3333472835391909,1
peptide_pm_283,0.56574820891788,1
peptide_pm_284,1.5278089230995724,1
peptide_pm_285,0.2786320333511378,1
peptide_pm_286,0.5467884921399887,1
peptide_pm_287,1.2602880765917317,1
peptide_pm_288,0.7260247349299829,1
peptide_pm_289,1.2490537331655798,1
peptide_pm_290,0.9258724580883272,1
peptide_pm_291,0.712604651536852,1
peptide_pm_292,1.5637374251192468,1
peptide_pm_293,0.8373061239718808,1
peptide_pm_294,0.2229184899451175,1
peptide_pm_295,0.3966952102283289,1
peptide_pm_296,0.9531454517792668,1
peptide_pm_297,0.3181768508741087,1
peptide_pm_298,1.475997830764783,1
peptide_pm_299,1.27192967549088,1
peptide_pm_300,1.0591482682385054,1
peptide_pm_301,1.5575417457273075,1
peptide_pm_302,0.598188528852529,1
peptide_pm_303,0.8912803373801034,1
peptide_pm_304,0.2054919814264754,1
peptide_pm_305,0.4377795844613812,1
peptide_pm_306,0.5885776319376742,1
peptide_pm_307,1.6286305087248656,1
peptide_pm_308,0.1360741713151942,1
peptide_pm_309,0.9719381059943047,1
peptide_pm_310,1.2053611494116712,1
peptide_pm_311,0.8708408121571934,1
peptide_pm_312,1.4994735482822024,1
peptide_pm_313,0.9273810103971716,1
peptide_pm_314,1.0017055716650969,1
peptide_pm_315,1.1095209367931471,1
peptide_pm_316,0.7306601501368301,1
peptide_pm_317,0.5841852015159416,1
peptide_pm_318,0.3642206687024228,1
peptide_pm_319,0.7021594669245604,1
peptide_pm_320,1.568239320685093,1
peptide_pm_321,0.4160376691996745,1
peptide_pm_322,0.3545647802055371,1
peptide_pm_323,0.5169295467673009,1
peptide_pm_324,0.5959841518056909,1
peptide_pm_325,0.9994213053059928,1
peptide_pm_326,0.7079233601643942,1
peptide_pm_327,0.8340440302290197,1
peptide_pm_328,0.7721908569102935,1
peptide_pm_329,0.713438333109125,1
peptide_pm_330,1.4578943510605238,1
peptide_pm_331,1.253277439224108,1
peptide_pm_332,1.341658469944684,1
peptide_pm_333,0.8000496909377428,1
peptide_pm_334,0.3236840873258454,1
peptide_pm_335,0.7010529486725589,1
peptide_pm_336,0.6279288692464179,1
peptide_pm_337,0.3488705571094562,1
peptide_pm_338,0.7021589769525562,1
peptide_pm_339,0.8155484319180402,1
peptide_pm_340,0.4913884817717458,1
peptide_pm_341,0.8539571285776474,1
peptide_pm_342,0.5644788101959529,1
peptide_pm_343,0.8951268610928478,1
peptide_pm_344,0.3213552924288543,1
peptide_pm_345,1.0381907827080452,1
peptide_pm_346,1.5136924287257991,1
peptide_pm_347,0.8389220457160156,1
peptide_pm_348,0.1951282423207032,1
peptide_pm_349,1.4779234872992564,1
peptide_pm_350,1.0591482682385054,1
peptide_pm_351,0.9922104425743504,1
peptide_pm_352,0.2888220989444846,1
peptide_pm_353,0.8834124469118356,1
peptide_pm_354,1.0463805409947202,1
peptide_pm_355,1.5704157274420376,1
peptide_pm_356,0.5151387480490907,1
peptide_pm_357,0.6892101545151652,1
peptide_pm_358,0.5430932328386919,1
peptide_pm_359,0.4555954606781384,1
peptide_pm_360,1.0303352749798638,1
peptide_pm_361,0.2998252989114148,1
peptide_pm_362,0.217374806248263,1
peptide_pm_363,0.6400705851721956,1
peptide_pm_364,0.4811758491068451,1
peptide_pm_365,0.854343440963772,1
peptide_pm_366,0.2676953107503423,1
peptide_pm_367,1.2640043333164233,1
peptide_pm_368,1.8259320673050032,1
peptide_pm_369,0.1368689477621862,1
peptide_pm_370,0.4810296504860019,1
peptide_pm_371,0.4653625824211361,1
peptide_pm_372,1.1095209367931471,1
peptide_pm_373,0.2700610975835675,1
peptide_pm_374,0.5391771691437167,1
peptide_pm_375,0.6638155342297297,1
peptide_pm_376,1.280643046191037,1
peptide_pm_377,0.6102170578292274,1
peptide_pm_378,1.2004397630105432,1
peptide_pm_379,0.5225421274771278,1
peptide_pm_380,0.4761298830807663,1
peptide_pm_381,0.076644527870244,1
peptide_pm_382,0.8274074366559226,1
peptide_pm_383,0.74061120046424,1
peptide_pm_384,0.326531296854204,1
peptide_pm_385,1.542245821732109,1
peptide_pm_386,0.6814288755344201,1
peptide_pm_387,0.8389220457160156,1
peptide_pm_388,1.1385153889115838,1
peptide_pm_389,0.8830669114310898,1
peptide_pm_390,1.0560779356797974,1
peptide_pm_391,0.1985638893671976,1
peptide_pm_392,0.7643927983510804,1
peptide_pm_393,0.6823070811037855,1
peptide_pm_394,0.8458023466505493,1
peptide_pm_395,0.5225421274771278,1
peptide_pm_396,0.3277623769577383,1
peptide_pm_397,1.0128562396210925,1
peptide_pm_398,0.1901966048191845,1
peptide_pm_399,0.8647421010022073,1
peptide_pm_400,0.8186582068129434,1
peptide_pm_401,0.5102921598066664,1
peptide_pm_402,0.8851447021444986,1
peptide_pm_403,1.2343226693472995,1
peptide_pm_404,0.8951268610928478,1
peptide_pm_405,0.762326564099663,1
peptide_pm_406,0.9063740176250008,1
peptide_pm_407,1.4827623434121773,1
peptide_pm_408,1.0861897068300796,1
peptide_pm_409,0.1306982071593495,1
peptide_pm_410,0.6716062343368809,1
peptide_pm_411,1.3110607654603903,1
peptide_pm_412,1.5394492892191431,1
peptide_pm_413,1.242206093071632,1
peptide_pm_414,0.4869782416799693,1
peptide_pm_415,0.1227234443278471,1
peptide_pm_416,0.3107241142920623,1
peptide_pm_417,0.5907744842932994,1
peptide_pm_418,1.107156105235018,1
peptide_pm_419,1.5466830765480375,1
peptide_pm_420,0.9236344285401852,1
peptide_pm_421,0.4372467536654555,1
peptide_pm_422,1.104324354770895,1
peptide_pm_423,0.8075406940004849,1
peptide_pm_424,0.5540885417909043,1
peptide_pm_425,0.0239411015661748,1
peptide_pm_426,0.9941207775575568,1
peptide_pm_427,0.5697511296229305,1
peptide_pm_428,1.6145680499433874,1
peptide_pm_429,0.5357310500156756,1
peptide_pm_430,1.089365948127121,1
peptide_pm_431,0.1980822387806926,1
peptide_pm_432,0.1648632100512987,1
peptide_pm_433,0.6713445855929132,1
peptide_pm_434,0.5277119135782072,1
peptide_pm_435,0.5243911966663298,1
peptide_pm_436,1.3626044570229003,1
peptide_pm_437,0.5247581880955031,1
peptide_pm_438,0.8479254305244531,1
peptide_pm_439,1.0805822576001405,1
peptide_pm_440,0.9316308312556226,1
peptide_pm_441,0.2853463722056746,1
peptide_pm_442,0.8412590057424947,1
