,RRI_A,RRI_C,RRI_D,RRI_E,RRI_F,RRI_G,RRI_H,RRI_I,RRI_K,RRI_L,RRI_M,RRI_N,RRI_P,RRI_Q,RRI_R,RRI_S,RRI_T,RRI_V,RRI_W,RRI_Y,y
peptide_nm_1,0.0,1.0,1.0,1.0,0.0,0.0,0.0,0.0,0.0,1.0,0.0,1.0,0.0,0.0,1.0,1.0,1.5,0.0,0.0,0.0,0
peptide_nm_2,0.0,1.0,0.0,1.0,0.0,1.0,0.0,0.0,1.5,1.0,1.0,1.0,0.0,1.0,1.0,0.0,0.0,0.0,0.0,0.0,0
peptide_nm_3,1.33,1.0,0.0,0.0,1.0,1.0,1.0,2.14,1.0,1.0,1.0,1.0,0.0,0.0,1.0,0.0,0.0,0.0,0.0,1.5,0
peptide_nm_4,1.0,0.0,1.0,1.0,0.0,1.0,1.0,1.67,0.0,0.0,1.0,1.0,1.0,0.0,1.0,1.0,1.0,1.0,0.0,1.0,0
peptide_nm_5,1.0,0.0,1.0,1.0,0.0,1.0,0.0,0.0,1.0,1.0,1.0,1.0,1.0,0.0,0.0,1.0,1.0,0.0,1.0,0.0,0
peptide_nm_6,1.0,1.0,1.0,1.0,0.0,1.67,1.0,0.0,1.67,0.0,1.0,1.0,1.0,1.0,1.0,0.0,0.0,1.0,0.0,1.67,0
peptide_nm_7,1.0,1.0,1.0,0.0,0.0,1.0,1.0,1.0,0.0,0.0,1.0,1.0,0.0,0.0,0.0,0.0,0.0,0.0,0.0,1.0,0
peptide_nm_8,0.0,1.0,1.0,1.0,0.0,0.0,1.0,1.0,0.0,1.0,1.0,1.0,0.0,0.0,0.0,1.0,1.0,0.0,1.0,1.0,0
peptide_nm_9,0.0,1.0,0.0,1.0,1.0,0.0,0.0,1.0,0.0,0.0,1.29,1.0,0.0,0.0,0.0,1.0,0.0,0.0,1.0,1.0,0
peptide_nm_10,1.0,1.0,0.0,1.0,1.0,0.0,0.0,0.0,0.0,0.0,0.0,2.14,0.0,1.0,0.0,1.0,1.0,0.0,0.0,0.0,0
peptide_nm_11,0.0,0.0,1.0,0.0,0.0,1.0,0.0,1.0,0.0,0.0,1.0,1.0,0.0,0.0,0.0,1.0,1.0,0.0,1.4,0.0,0
peptide_nm_12,1.0,1.0,1.0,1.0,0.0,0.0,1.0,1.0,1.0,0.0,1.0,1.0,1.0,1.0,0.0,1.0,1.0,0.0,0.0,0.0,0
peptide_nm_13,1.0,1.0,0.0,1.0,0.0,1.0,1.0,1.4,1.0,0.0,1.0,1.0,0.0,1.0,1.0,1.0,1.4,0.0,0.0,1.0,0
peptide_nm_14,1.0,0.0,1.0,1.0,0.0,0.0,1.0,1.0,0.0,0.0,1.0,1.0,1.0,0.0,1.0,1.0,1.0,0.0,0.0,1.0,0
peptide_nm_15,1.0,0.0,1.0,1.0,0.0,0.0,0.0,2.67,1.0,0.0,0.0,1.0,0.0,1.0,1.0,0.0,1.0,0.0,0.0,1.0,0
peptide_nm_16,0.0,0.0,0.0,1.0,0.0,1.0,1.0,1.0,1.0,1.0,1.0,0.0,0.0,0.0,1.0,1.0,1.0,0.0,1.0,1.0,0
peptide_nm_17,1.83,0.0,1.0,1.0,0.0,1.0,1.0,1.0,1.67,1.0,1.0,1.2,1.0,1.0,1.57,1.17,1.0,1.0,1.0,1.0,0
peptide_nm_18,0.0,0.0,1.0,1.0,1.0,1.0,1.0,1.0,0.0,0.0,1.5,0.0,0.0,0.0,0.0,1.0,0.0,0.0,1.0,0.0,0
peptide_nm_19,1.4,1.0,1.0,0.0,0.0,1.0,1.0,0.0,0.0,1.0,1.0,1.5,1.0,0.0,1.0,0.0,0.0,0.0,0.0,1.0,0
peptide_nm_20,1.0,1.0,1.67,1.0,0.0,0.0,1.0,1.0,0.0,0.0,1.0,1.0,0.0,0.0,1.0,0.0,0.0,0.0,1.0,1.0,0
peptide_nm_21,1.0,0.0,1.0,0.0,0.0,0.0,0.0,1.0,0.0,0.0,1.0,0.0,1.0,0.0,0.0,1.0,1.0,0.0,0.0,1.0,0
peptide_nm_22,1.0,0.0,1.0,1.0,0.0,0.0,0.0,1.5,0.0,1.0,1.0,1.0,0.0,0.0,0.0,1.0,1.0,1.0,0.0,1.0,0
peptide_nm_23,1.0,0.0,0.0,1.67,0.0,0.0,1.0,1.0,0.0,0.0,0.0,1.0,0.0,1.0,0.0,1.0,1.0,0.0,1.0,1.0,0
peptide_nm_24,1.0,1.0,0.0,0.0,0.0,1.0,1.0,0.0,0.0,1.0,1.0,0.0,0.0,1.0,0.0,1.0,1.0,0.0,1.0,1.0,0
peptide_nm_25,0.0,1.0,0.0,1.0,0.0,0.0,0.0,0.0,0.0,0.0,0.0,0.0,0.0,0.0,1.0,0.0,0.0,0.0,1.0,0.0,0
peptide_nm_26,0.0,0.0,1.0,1.0,0.0,0.0,1.0,0.0,0.0,1.0,1.0,0.0,0.0,1.0,0.0,1.0,0.0,1.0,1.0,1.0,0
peptide_nm_27,0.0,0.0,0.0,1.0,0.0,1.0,0.0,1.0,0.0,1.0,0.0,1.0,0.0,1.0,1.0,1.0,1.0,0.0,0.0,0.0,0
peptide_nm_28,1.0,0.0,1.0,1.0,0.0,0.0,0.0,1.0,0.0,1.0,1.0,1.0,1.0,0.0,1.0,1.0,0.0,0.0,0.0,1.5,0
peptide_nm_29,1.0,1.0,1.0,1.0,0.0,1.0,1.0,0.0,0.0,1.0,1.0,1.67,0.0,0.0,0.0,1.0,1.0,0.0,1.0,0.0,0
peptide_nm_30,1.67,1.67,1.67,1.0,1.0,0.0,0.0,1.0,0.0,0.0,1.0,0.0,0.0,1.0,1.0,0.0,1.0,0.0,1.0,0.0,0
peptide_nm_31,1.0,1.0,0.0,1.0,1.0,0.0,0.0,1.0,0.0,1.4,1.0,1.4,0.0,1.0,1.0,1.5,1.5,0.0,1.0,1.0,0
peptide_nm_32,1.0,0.0,1.0,0.0,1.0,0.0,1.0,1.0,0.0,0.0,1.0,1.0,0.0,0.0,1.0,0.0,0.0,0.0,1.0,1.0,0
peptide_nm_33,1.67,1.0,0.0,1.0,0.0,1.0,1.0,0.0,0.0,1.0,1.67,1.0,0.0,0.0,0.0,0.0,0.0,0.0,0.0,1.0,0
peptide_nm_34,0.0,0.0,0.0,1.0,0.0,0.0,0.0,0.0,0.0,0.0,1.0,0.0,0.0,0.0,0.0,0.0,1.0,0.0,0.0,1.0,0
peptide_nm_35,1.0,1.0,0.0,1.0,1.0,0.0,0.0,1.0,0.0,0.0,1.0,1.0,0.0,0.0,1.0,1.0,1.0,0.0,1.0,0.0,0
peptide_nm_36,0.0,1.0,1.0,1.0,0.0,0.0,1.0,0.0,0.0,1.0,0.0,0.0,0.0,1.0,0.0,1.5,1.0,0.0,0.0,0.0,0
peptide_nm_37,1.33,1.0,1.4,1.0,1.0,0.0,1.0,1.5,0.0,1.0,1.29,1.0,1.0,1.0,1.0,1.0,1.0,0.0,0.0,1.4,0
peptide_nm_38,1.0,1.0,0.0,1.0,1.0,1.0,1.33,1.0,0.0,1.0,1.0,1.0,1.0,0.0,0.0,1.4,1.0,0.0,1.0,0.0,0
peptide_nm_39,1.0,0.0,1.5,1.0,0.0,0.0,1.67,1.0,1.0,1.0,1.0,1.0,1.0,0.0,1.0,0.0,0.0,0.0,1.0,1.0,0
peptide_nm_40,1.0,0.0,0.0,1.5,1.0,1.0,2.0,1.0,1.0,1.0,0.0,0.0,0.0,1.0,1.0,1.0,1.0,0.0,0.0,0.0,0
peptide_nm_41,1.0,1.5,0.0,1.4,0.0,1.0,1.5,0.0,0.0,1.0,1.0,1.4,1.67,1.0,1.0,1.0,0.0,0.0,1.0,0.0,0
peptide_nm_43,1.0,1.0,0.0,1.0,0.0,0.0,0.0,1.0,1.0,0.0,0.0,0.0,0.0,1.0,1.0,0.0,0.0,1.0,1.0,1.0,0
peptide_nm_44,1.4,0.0,0.0,1.5,0.0,1.0,0.0,0.0,1.0,0.0,1.0,0.0,1.0,1.0,1.0,0.0,0.0,0.0,0.0,1.0,0
peptide_nm_45,1.0,1.0,0.0,1.0,0.0,1.0,1.0,1.0,1.0,1.0,1.0,1.0,1.0,1.0,1.0,1.0,0.0,0.0,0.0,1.0,0
peptide_nm_46,1.0,1.0,1.0,1.0,0.0,1.0,1.0,1.4,1.0,1.0,1.0,1.0,1.0,1.0,1.0,1.33,1.0,0.0,1.0,1.0,0
peptide_nm_47,1.0,1.0,1.0,1.57,0.0,1.0,1.0,1.0,0.0,1.0,1.0,1.2,1.0,0.0,0.0,1.5,1.0,0.0,1.0,1.0,0
peptide_nm_48,1.0,0.0,1.0,1.0,0.0,0.0,0.0,1.0,0.0,1.0,1.0,1.0,0.0,0.0,0.0,1.0,1.0,0.0,0.0,1.0,0
peptide_nm_49,1.0,1.0,1.0,1.0,0.0,0.0,1.0,1.0,0.0,1.0,1.0,0.0,0.0,0.0,0.0,0.0,0.0,0.0,0.0,1.0,0
peptide_nm_50,1.0,1.0,0.0,1.0,1.0,1.0,1.0,1.0,0.0,0.0,1.0,1.0,0.0,1.0,1.0,1.0,1.67,0.0,1.0,0.0,0
peptide_nm_51,1.0,1.4,1.0,0.0,0.0,1.33,1.0,1.0,1.0,1.0,1.0,0.0,0.0,1.0,0.0,0.0,1.0,0.0,0.0,0.0,0
peptide_nm_52,1.0,1.0,0.0,1.0,0.0,0.0,1.0,1.0,0.0,1.4,1.0,1.0,0.0,1.0,0.0,0.0,0.0,0.0,0.0,0.0,0
peptide_nm_53,1.0,1.0,0.0,0.0,1.0,0.0,1.0,1.0,1.0,1.0,1.5,0.0,1.0,1.0,1.0,1.0,1.0,0.0,1.0,1.0,0
peptide_nm_54,1.4,0.0,0.0,0.0,0.0,0.0,1.0,0.0,0.0,1.0,1.0,1.0,0.0,1.0,0.0,1.0,0.0,0.0,0.0,0.0,0
peptide_nm_55,1.5,0.0,0.0,1.0,0.0,0.0,0.0,1.0,1.0,0.0,1.0,0.0,0.0,1.0,1.0,1.0,1.0,0.0,0.0,1.0,0
peptide_nm_56,1.0,1.0,0.0,1.0,0.0,1.0,1.0,1.0,0.0,1.0,1.0,0.0,0.0,1.0,1.0,1.0,1.0,1.0,0.0,1.5,0
peptide_nm_57,1.0,0.0,1.0,1.0,0.0,0.0,0.0,1.67,0.0,1.0,1.0,0.0,0.0,0.0,1.0,1.0,0.0,0.0,0.0,0.0,0
peptide_nm_58,1.0,1.0,0.0,1.0,1.0,0.0,1.0,1.67,1.0,0.0,1.0,1.5,0.0,0.0,0.0,1.67,1.0,0.0,1.0,1.4,0
peptide_nm_59,1.5,1.0,1.0,0.0,0.0,1.0,0.0,0.0,0.0,1.0,1.5,0.0,0.0,1.0,1.0,1.0,0.0,0.0,1.0,1.0,0
peptide_nm_60,1.5,1.0,1.0,1.0,1.0,0.0,1.0,1.0,1.0,1.0,1.33,1.0,1.0,1.0,1.0,1.0,1.0,0.0,0.0,1.0,0
peptide_nm_61,1.0,1.67,0.0,1.0,0.0,1.0,1.33,1.0,1.0,1.0,1.0,0.0,0.0,1.0,1.0,1.0,1.0,0.0,0.0,1.0,0
peptide_nm_62,1.67,0.0,0.0,0.0,0.0,1.67,1.0,1.0,0.0,0.0,1.0,0.0,0.0,0.0,1.0,1.0,0.0,0.0,0.0,1.0,0
peptide_nm_63,1.0,1.0,1.0,1.0,0.0,1.0,1.0,0.0,0.0,0.0,1.0,1.0,0.0,0.0,1.0,1.0,1.0,1.0,0.0,0.0,0
peptide_nm_64,0.0,0.0,1.5,1.0,0.0,0.0,1.0,1.0,1.0,1.0,1.0,1.0,1.0,1.0,1.0,1.0,1.0,1.0,1.0,0.0,0
peptide_nm_65,1.0,0.0,1.0,0.0,0.0,1.0,0.0,1.0,1.0,1.0,1.0,1.0,0.0,1.0,0.0,1.0,0.0,0.0,0.0,1.5,0
peptide_nm_66,1.0,1.0,1.0,1.0,1.0,0.0,0.0,1.0,0.0,1.5,0.0,1.0,0.0,1.0,1.0,1.0,1.0,0.0,0.0,0.0,0
peptide_nm_67,1.0,1.5,0.0,1.0,0.0,0.0,2.11,1.0,0.0,1.0,0.0,1.0,1.0,1.0,2.0,0.0,0.0,1.0,1.0,0.0,0
peptide_nm_68,0.0,0.0,0.0,1.0,0.0,0.0,1.0,1.0,1.0,0.0,0.0,1.0,1.0,0.0,1.0,0.0,1.0,0.0,1.0,1.0,0
peptide_nm_69,1.0,1.0,0.0,0.0,0.0,1.0,0.0,1.0,1.0,1.0,1.0,1.0,1.0,1.0,1.0,1.0,1.0,1.0,0.0,1.0,0
peptide_nm_70,1.0,1.0,1.0,1.0,0.0,0.0,1.0,0.0,0.0,1.0,1.0,1.0,0.0,0.0,0.0,0.0,1.67,0.0,0.0,1.0,0
peptide_nm_71,1.0,0.0,0.0,0.0,0.0,1.0,0.0,0.0,0.0,0.0,1.4,0.0,0.0,1.0,0.0,1.0,1.0,0.0,0.0,0.0,0
peptide_nm_72,1.0,1.0,0.0,1.0,0.0,1.0,1.0,1.0,1.0,1.0,1.67,1.0,1.0,0.0,0.0,1.0,0.0,0.0,0.0,1.0,0
peptide_nm_73,1.0,1.0,1.0,1.0,0.0,1.0,1.0,1.0,1.0,1.0,1.0,1.0,0.0,0.0,0.0,0.0,1.0,0.0,0.0,0.0,0
peptide_nm_74,0.0,0.0,1.0,1.0,0.0,0.0,0.0,0.0,1.0,1.0,1.0,1.0,0.0,1.0,1.0,1.0,0.0,0.0,1.0,0.0,0
peptide_nm_75,0.0,0.0,1.0,0.0,0.0,1.0,0.0,0.0,1.0,1.0,0.0,1.0,0.0,1.0,1.0,0.0,1.0,1.0,0.0,1.0,0
peptide_nm_76,1.0,0.0,0.0,1.0,0.0,1.0,1.0,1.0,0.0,1.0,0.0,1.0,1.0,1.0,1.0,1.0,0.0,0.0,1.0,0.0,0
peptide_nm_77,1.0,1.0,1.0,1.0,0.0,1.0,0.0,1.0,1.0,0.0,1.33,0.0,1.0,0.0,0.0,1.0,1.0,1.0,1.0,0.0,0
peptide_nm_78,1.0,0.0,0.0,1.0,1.0,0.0,1.0,1.0,1.0,0.0,1.4,1.0,1.0,1.0,1.0,1.0,0.0,0.0,0.0,1.0,0
peptide_nm_79,1.4,1.5,0.0,0.0,1.0,0.0,1.0,1.0,0.0,0.0,1.0,1.33,0.0,1.0,0.0,1.0,1.0,0.0,1.0,1.0,0
peptide_nm_80,1.0,0.0,1.0,0.0,1.0,0.0,0.0,1.33,0.0,1.0,1.0,1.0,0.0,0.0,1.0,0.0,0.0,0.0,1.0,1.0,0
peptide_nm_81,1.0,1.0,1.0,1.0,0.0,0.0,1.0,1.0,1.0,1.0,1.29,1.0,0.0,1.0,1.0,1.0,1.0,0.0,1.0,1.0,0
peptide_nm_82,1.0,1.0,1.0,1.0,0.0,1.0,1.0,1.0,1.0,0.0,1.0,1.0,0.0,1.0,1.0,1.0,1.0,0.0,1.0,1.0,0
peptide_nm_83,1.0,1.0,0.0,1.0,0.0,0.0,1.0,1.4,1.0,0.0,1.0,1.0,1.0,1.0,0.0,1.0,1.0,0.0,1.0,1.33,0
peptide_nm_84,1.0,1.0,0.0,1.0,1.0,1.0,1.0,1.0,0.0,1.0,0.0,1.0,0.0,1.0,0.0,1.0,1.0,1.0,0.0,1.0,0
peptide_nm_85,0.0,0.0,1.0,1.0,1.0,1.0,1.0,1.0,0.0,1.0,1.0,1.67,0.0,0.0,0.0,1.0,1.0,1.0,1.0,1.0,0
peptide_nm_86,1.0,1.0,1.0,1.0,1.0,1.0,1.4,1.0,0.0,1.0,1.0,1.0,0.0,0.0,1.0,1.0,1.0,0.0,0.0,1.0,0
peptide_nm_87,0.0,1.0,1.0,1.0,0.0,1.0,1.0,1.4,0.0,1.0,1.0,1.0,0.0,1.0,1.0,1.0,1.0,0.0,1.0,1.0,0
peptide_nm_88,0.0,0.0,1.0,1.0,0.0,1.0,1.0,1.0,1.0,0.0,1.0,1.0,0.0,0.0,0.0,0.0,0.0,0.0,0.0,1.0,0
peptide_nm_89,1.0,1.0,1.0,0.0,0.0,0.0,0.0,1.0,0.0,1.0,1.67,0.0,0.0,0.0,1.0,1.0,1.0,0.0,0.0,0.0,0
peptide_nm_90,1.4,0.0,0.0,1.0,0.0,1.0,1.0,0.0,0.0,0.0,1.0,1.0,0.0,0.0,0.0,1.0,0.0,0.0,0.0,0.0,0
peptide_nm_91,1.0,1.0,0.0,1.0,0.0,0.0,1.0,1.0,0.0,0.0,1.0,0.0,0.0,0.0,1.0,1.0,1.5,0.0,0.0,1.0,0
peptide_nm_92,1.0,1.0,0.0,0.0,0.0,0.0,1.0,1.0,0.0,1.0,1.67,1.0,1.0,1.0,0.0,1.0,1.0,0.0,0.0,0.0,0
peptide_nm_93,1.67,1.0,1.0,0.0,0.0,1.0,0.0,1.0,0.0,1.0,2.43,0.0,0.0,1.0,0.0,0.0,0.0,0.0,0.0,1.0,0
peptide_nm_94,0.0,1.0,1.0,1.0,0.0,0.0,1.73,1.0,0.0,0.0,1.0,1.0,1.0,1.67,0.0,1.0,0.0,0.0,1.0,1.0,0
peptide_nm_95,1.5,0.0,1.67,1.0,0.0,1.0,1.0,1.0,1.0,1.0,1.0,1.0,0.0,1.0,1.0,1.0,0.0,0.0,0.0,1.67,0
peptide_nm_96,1.0,1.0,0.0,0.0,0.0,1.0,0.0,0.0,1.0,0.0,1.0,0.0,0.0,0.0,1.0,1.4,0.0,0.0,0.0,1.0,0
peptide_nm_97,1.0,1.5,0.0,1.0,0.0,0.0,1.0,0.0,1.0,1.0,1.0,0.0,0.0,1.0,0.0,0.0,0.0,0.0,0.0,1.5,0
peptide_nm_98,1.0,0.0,0.0,1.0,0.0,1.0,1.0,1.0,1.0,1.0,1.0,0.0,1.0,1.0,0.0,0.0,0.0,0.0,0.0,1.0,0
peptide_nm_99,1.0,0.0,0.0,1.0,0.0,1.0,1.0,1.0,0.0,1.0,0.0,1.0,0.0,1.0,0.0,1.0,1.0,0.0,0.0,1.0,0
peptide_nm_100,1.0,0.0,0.0,1.0,0.0,0.0,0.0,1.0,0.0,0.0,1.0,0.0,0.0,0.0,0.0,1.0,0.0,1.0,1.0,1.0,0
peptide_nm_101,1.0,1.0,1.0,1.0,0.0,1.0,1.0,0.0,0.0,1.0,1.33,1.5,1.0,0.0,1.0,0.0,1.0,0.0,0.0,0.0,0
peptide_nm_102,1.0,1.0,1.67,0.0,0.0,1.67,1.0,1.5,0.0,1.0,1.0,1.0,1.0,1.0,1.0,1.0,1.0,0.0,1.0,0.0,0
peptide_nm_103,1.0,0.0,1.0,1.0,0.0,1.0,0.0,1.0,1.0,0.0,1.67,0.0,0.0,0.0,0.0,0.0,1.0,0.0,1.0,1.5,0
peptide_nm_104,1.0,0.0,0.0,0.0,1.0,1.0,1.0,1.0,1.0,1.4,1.0,1.0,1.0,1.0,1.0,1.0,0.0,0.0,1.0,1.0,0
peptide_nm_105,1.0,0.0,0.0,1.0,1.0,0.0,1.0,1.0,1.0,0.0,1.0,1.67,0.0,0.0,0.0,0.0,1.0,0.0,0.0,0.0,0
peptide_nm_106,0.0,1.0,0.0,1.0,0.0,0.0,1.0,1.0,1.0,1.33,0.0,1.0,1.0,1.0,0.0,0.0,1.0,0.0,1.0,1.0,0
peptide_nm_107,2.14,1.0,0.0,1.0,0.0,1.0,0.0,1.0,0.0,0.0,1.0,1.0,0.0,0.0,0.0,1.0,1.0,0.0,0.0,0.0,0
peptide_nm_108,1.0,0.0,0.0,1.0,1.0,1.0,1.0,0.0,0.0,0.0,1.0,1.5,0.0,1.0,1.0,1.0,1.0,1.0,1.0,0.0,0
peptide_nm_109,1.0,1.0,0.0,1.0,0.0,0.0,1.0,0.0,0.0,1.0,1.0,0.0,1.0,1.0,1.0,1.0,0.0,0.0,0.0,0.0,0
peptide_nm_110,1.0,1.0,0.0,0.0,0.0,0.0,1.0,1.0,0.0,1.4,1.0,0.0,0.0,1.67,1.67,1.0,2.0,0.0,0.0,0.0,0
peptide_nm_111,0.0,1.0,1.0,1.0,0.0,0.0,1.0,1.0,0.0,1.0,1.0,1.4,1.0,1.0,1.0,0.0,1.0,0.0,0.0,1.0,0
peptide_nm_112,1.0,1.0,1.0,0.0,0.0,1.0,1.0,1.0,0.0,1.0,1.0,1.0,0.0,0.0,0.0,1.67,1.0,0.0,0.0,1.0,0
peptide_nm_113,1.0,0.0,1.0,0.0,0.0,1.0,1.0,1.0,0.0,0.0,1.0,1.0,1.0,1.0,0.0,1.0,1.0,0.0,0.0,1.5,0
peptide_nm_114,1.0,0.0,1.0,1.0,1.0,1.0,1.0,1.0,1.0,1.0,1.0,1.29,1.0,1.0,0.0,1.0,1.0,0.0,0.0,1.0,0
peptide_nm_115,1.0,1.0,1.0,1.0,0.0,0.0,0.0,1.0,0.0,1.0,1.0,0.0,0.0,1.0,1.0,1.0,0.0,0.0,1.0,1.0,0
peptide_nm_116,0.0,1.0,1.0,0.0,0.0,0.0,1.0,1.0,1.0,0.0,1.0,1.0,0.0,1.0,1.0,0.0,0.0,0.0,0.0,1.0,0
peptide_nm_117,1.0,1.0,0.0,0.0,1.0,1.0,1.0,0.0,0.0,1.0,1.0,0.0,1.0,1.0,0.0,0.0,0.0,0.0,0.0,0.0,0
peptide_nm_118,1.0,2.0,0.0,1.0,0.0,0.0,1.0,0.0,0.0,1.0,0.0,1.0,0.0,0.0,1.0,0.0,0.0,0.0,0.0,1.0,0
peptide_nm_119,0.0,1.0,0.0,1.0,0.0,1.0,0.0,1.0,0.0,0.0,0.0,0.0,0.0,1.0,1.0,1.0,0.0,0.0,0.0,0.0,0
peptide_nm_120,1.0,1.0,1.0,0.0,0.0,1.0,1.0,1.0,0.0,1.0,1.0,1.4,0.0,1.0,0.0,1.0,1.0,0.0,0.0,0.0,0
peptide_nm_121,1.0,1.0,1.0,0.0,0.0,1.0,1.0,0.0,0.0,1.0,1.0,0.0,0.0,1.0,1.0,1.0,1.0,0.0,1.0,1.0,0
peptide_nm_122,1.57,1.0,1.4,1.0,1.0,0.0,1.0,0.0,1.0,1.0,1.0,0.0,0.0,1.0,1.67,0.0,1.0,0.0,1.0,1.0,0
peptide_nm_123,1.0,0.0,1.0,1.0,0.0,1.0,1.0,1.0,1.0,1.0,0.0,0.0,0.0,0.0,1.0,1.0,1.0,1.0,1.67,0.0,0
peptide_nm_124,0.0,1.0,0.0,0.0,0.0,0.0,0.0,0.0,1.0,1.0,1.0,1.0,0.0,0.0,1.0,1.0,0.0,0.0,0.0,0.0,0
peptide_nm_125,1.0,1.0,0.0,0.0,0.0,0.0,1.0,1.4,1.0,0.0,1.0,1.0,0.0,0.0,1.0,0.0,1.0,0.0,1.0,1.0,0
peptide_nm_126,2.14,1.0,1.0,1.0,0.0,1.0,1.0,1.0,1.0,1.0,1.0,0.0,0.0,0.0,1.0,1.0,0.0,0.0,1.0,1.0,0
peptide_nm_127,0.0,1.0,0.0,0.0,0.0,1.0,1.67,1.0,0.0,0.0,0.0,1.0,0.0,1.0,0.0,0.0,1.0,0.0,0.0,1.0,0
peptide_nm_128,1.0,1.0,0.0,1.0,0.0,1.0,0.0,1.0,0.0,0.0,1.0,1.0,0.0,0.0,0.0,0.0,0.0,1.0,0.0,0.0,0
peptide_nm_129,1.0,0.0,1.0,1.0,1.0,1.0,0.0,1.0,0.0,0.0,0.0,0.0,0.0,0.0,1.0,1.67,0.0,0.0,1.0,1.0,0
peptide_nm_130,1.0,0.0,0.0,1.0,0.0,1.0,1.67,0.0,0.0,0.0,1.0,0.0,1.0,0.0,0.0,1.0,1.0,0.0,0.0,0.0,0
peptide_nm_131,0.0,1.0,1.0,1.0,0.0,1.0,1.0,0.0,0.0,1.0,1.0,1.0,1.67,0.0,1.0,1.0,0.0,0.0,0.0,1.0,0
peptide_nm_132,1.0,1.0,0.0,0.0,1.0,1.4,1.0,0.0,0.0,1.0,1.0,0.0,0.0,0.0,1.0,1.0,1.0,0.0,0.0,0.0,0
peptide_nm_133,1.0,1.0,0.0,1.0,0.0,1.0,1.0,0.0,1.0,0.0,1.0,0.0,1.0,1.0,1.0,1.0,1.0,0.0,0.0,1.0,0
peptide_nm_134,1.0,0.0,0.0,0.0,0.0,0.0,0.0,1.0,0.0,0.0,1.5,0.0,0.0,1.0,2.0,0.0,0.0,0.0,1.0,1.5,0
peptide_nm_135,1.0,1.0,1.0,1.5,0.0,0.0,1.67,1.0,0.0,0.0,1.0,0.0,1.67,1.0,0.0,0.0,1.0,1.0,0.0,1.0,0
peptide_nm_136,1.0,1.0,0.0,1.0,0.0,0.0,0.0,1.0,0.0,1.0,0.0,0.0,1.0,1.0,0.0,1.0,0.0,0.0,1.0,1.0,0
peptide_nm_137,1.0,1.0,1.5,1.0,0.0,1.0,1.0,1.0,1.0,1.0,1.5,1.0,1.0,1.0,1.0,1.0,1.0,0.0,0.0,0.0,0
peptide_nm_138,0.0,0.0,1.0,1.0,0.0,1.0,1.5,0.0,0.0,1.0,0.0,1.0,0.0,1.0,1.0,1.0,1.0,0.0,0.0,0.0,0
peptide_nm_139,2.18,1.0,1.0,1.0,0.0,1.0,1.0,1.0,1.0,1.0,1.0,1.29,0.0,1.0,1.0,1.0,1.0,0.0,1.0,1.0,0
peptide_nm_140,1.0,1.0,0.0,0.0,0.0,0.0,1.0,0.0,0.0,1.0,1.5,1.67,0.0,1.0,0.0,1.0,1.4,0.0,0.0,1.0,0
peptide_nm_141,2.0,1.0,0.0,1.0,0.0,0.0,1.0,1.0,0.0,0.0,1.0,0.0,0.0,0.0,1.0,0.0,0.0,0.0,0.0,1.29,0
peptide_nm_142,0.0,0.0,1.0,1.0,0.0,1.0,0.0,1.0,0.0,1.0,1.0,1.0,0.0,0.0,0.0,0.0,1.0,0.0,0.0,1.0,0
peptide_nm_143,1.0,1.0,0.0,1.5,0.0,1.0,0.0,1.0,1.0,1.0,1.0,1.67,0.0,0.0,0.0,0.0,0.0,0.0,1.0,1.0,0
peptide_nm_144,0.0,0.0,0.0,0.0,0.0,0.0,0.0,0.0,0.0,0.0,1.0,0.0,1.0,1.0,1.0,1.5,1.0,0.0,0.0,1.0,0
peptide_nm_145,1.0,0.0,0.0,1.0,0.0,1.0,1.0,1.0,1.0,1.0,1.0,1.0,0.0,1.0,1.0,1.0,1.0,0.0,0.0,1.0,0
peptide_nm_146,1.0,0.0,0.0,1.67,0.0,1.0,1.0,1.0,0.0,1.0,1.0,0.0,0.0,0.0,0.0,0.0,0.0,0.0,0.0,1.0,0
peptide_nm_147,0.0,1.0,1.0,0.0,0.0,1.5,0.0,1.0,1.0,1.0,1.0,0.0,0.0,0.0,1.0,1.0,0.0,1.0,1.0,1.0,0
peptide_nm_148,0.0,1.0,0.0,1.0,0.0,1.0,1.0,1.0,0.0,1.5,0.0,0.0,1.0,1.0,1.0,1.0,0.0,0.0,1.0,1.0,0
peptide_nm_149,1.4,1.4,0.0,1.0,0.0,1.0,1.0,1.67,0.0,0.0,1.0,1.0,1.0,1.0,1.0,1.0,0.0,0.0,0.0,1.0,0
peptide_nm_150,1.0,1.0,0.0,1.0,0.0,0.0,1.0,1.0,1.0,0.0,1.0,1.0,1.0,0.0,1.0,1.0,1.5,0.0,0.0,0.0,0
peptide_nm_151,0.0,0.0,1.0,1.0,1.0,0.0,0.0,1.0,0.0,0.0,1.0,0.0,1.0,0.0,1.0,1.67,2.33,0.0,0.0,1.0,0
peptide_nm_152,1.0,1.0,0.0,0.0,0.0,1.0,1.0,1.67,0.0,1.0,1.0,1.0,0.0,0.0,0.0,1.0,1.0,0.0,0.0,1.0,0
peptide_nm_153,1.0,1.0,0.0,1.5,0.0,1.0,0.0,1.0,1.0,1.0,1.0,1.0,0.0,0.0,0.0,1.0,0.0,0.0,1.0,1.0,0
peptide_nm_154,1.0,1.0,0.0,2.14,0.0,0.0,0.0,1.0,0.0,1.0,1.0,1.0,0.0,1.0,0.0,1.0,1.0,0.0,0.0,1.0,0
peptide_nm_155,1.0,1.0,0.0,1.0,0.0,1.0,1.0,1.0,0.0,0.0,1.5,1.67,0.0,1.0,1.0,1.0,0.0,0.0,0.0,1.0,0
peptide_nm_156,0.0,0.0,1.0,1.0,0.0,0.0,1.0,1.0,0.0,1.4,1.0,1.0,0.0,0.0,0.0,1.0,1.0,0.0,0.0,1.0,0
peptide_nm_157,0.0,1.0,1.0,1.0,1.0,1.5,1.0,0.0,0.0,1.0,0.0,1.0,0.0,0.0,1.0,0.0,1.0,0.0,1.0,0.0,0
peptide_nm_158,0.0,1.0,1.0,1.0,0.0,1.0,1.25,1.0,0.0,0.0,1.0,1.0,0.0,1.0,0.0,1.67,1.0,0.0,1.0,1.0,0
peptide_nm_159,1.0,1.0,0.0,1.0,0.0,1.0,1.0,1.0,0.0,1.0,1.0,0.0,0.0,1.0,1.0,0.0,1.0,0.0,1.0,1.0,0
peptide_nm_160,1.33,1.0,1.0,1.0,0.0,1.0,1.0,1.67,1.0,1.5,1.0,1.0,1.0,1.0,1.0,0.0,0.0,0.0,1.0,1.0,0
peptide_nm_161,0.0,0.0,0.0,0.0,0.0,1.0,5.94,1.67,0.0,0.0,0.0,0.0,0.0,0.0,1.0,0.0,0.0,0.0,0.0,0.0,0
peptide_nm_162,1.0,0.0,0.0,0.0,0.0,0.0,1.0,1.33,1.0,1.33,1.0,2.33,1.0,0.0,0.0,1.0,1.0,0.0,0.0,0.0,0
peptide_nm_163,1.5,1.0,0.0,1.0,0.0,0.0,1.0,1.0,1.0,1.0,1.0,1.0,0.0,1.0,1.0,1.0,1.0,0.0,0.0,1.0,0
peptide_nm_164,1.0,1.0,0.0,0.0,0.0,1.0,1.0,1.4,1.0,1.0,1.0,1.0,0.0,0.0,1.0,1.0,1.0,0.0,0.0,1.0,0
peptide_nm_165,1.5,0.0,1.0,1.0,0.0,0.0,1.0,0.0,0.0,1.0,1.67,0.0,1.0,0.0,0.0,0.0,0.0,0.0,1.0,0.0,0
peptide_nm_166,0.0,0.0,1.33,1.0,1.0,0.0,1.0,1.0,0.0,0.0,1.0,1.0,0.0,1.0,1.0,1.0,1.0,0.0,1.0,1.0,0
peptide_nm_167,1.0,0.0,1.0,0.0,1.0,0.0,1.0,1.5,1.0,1.0,0.0,1.4,1.0,0.0,1.5,0.0,0.0,0.0,0.0,1.0,0
peptide_nm_168,1.0,1.0,1.0,1.5,1.0,1.0,0.0,1.0,0.0,1.0,1.5,1.0,1.0,1.0,1.0,0.0,0.0,1.0,1.0,1.0,0
peptide_nm_169,1.0,1.0,2.33,1.0,0.0,0.0,1.0,1.0,0.0,1.0,0.0,1.0,1.0,0.0,0.0,1.0,0.0,1.0,0.0,0.0,0
peptide_nm_170,0.0,1.0,1.0,0.0,0.0,1.0,1.0,1.0,0.0,1.0,1.0,0.0,0.0,1.0,0.0,1.0,1.0,0.0,0.0,0.0,0
peptide_nm_171,1.29,0.0,0.0,1.0,1.0,1.0,1.0,1.4,1.0,1.0,1.0,1.0,0.0,0.0,1.0,0.0,1.0,0.0,1.0,1.0,0
peptide_nm_172,1.29,1.0,1.0,1.0,0.0,1.67,1.0,1.0,0.0,1.0,1.0,0.0,1.0,0.0,0.0,0.0,0.0,0.0,0.0,1.0,0
peptide_nm_173,1.5,0.0,0.0,0.0,0.0,1.0,1.0,1.0,0.0,0.0,1.0,1.0,0.0,0.0,0.0,0.0,0.0,0.0,0.0,1.67,0
peptide_nm_174,1.0,1.0,0.0,1.0,1.0,1.0,1.0,1.0,1.0,1.0,1.0,1.0,1.0,2.0,1.0,1.0,0.0,0.0,0.0,1.0,0
peptide_nm_175,1.0,0.0,1.0,1.0,0.0,0.0,1.0,1.0,0.0,1.4,1.0,1.0,1.0,0.0,0.0,0.0,1.0,0.0,1.0,0.0,0
peptide_nm_176,1.0,1.4,0.0,1.0,0.0,0.0,1.29,1.0,1.0,1.0,1.46,0.0,1.0,0.0,1.5,1.0,1.0,0.0,1.0,1.0,0
peptide_nm_177,0.0,0.0,0.0,1.0,1.0,1.0,0.0,0.0,0.0,0.0,1.5,0.0,0.0,0.0,1.0,1.0,0.0,0.0,1.0,1.0,0
peptide_nm_178,1.0,0.0,0.0,0.0,0.0,0.0,1.0,1.0,1.0,1.0,1.0,0.0,0.0,0.0,1.0,1.0,1.0,0.0,0.0,1.0,0
peptide_nm_179,0.0,1.0,1.0,1.0,0.0,1.0,1.0,0.0,0.0,0.0,0.0,1.0,0.0,0.0,0.0,1.0,0.0,1.0,1.0,1.0,0
peptide_nm_180,1.29,1.0,1.0,1.0,0.0,1.0,1.0,1.0,1.0,1.0,1.0,1.0,1.0,1.0,1.0,1.0,1.0,1.0,1.0,1.0,0
peptide_nm_181,0.0,0.0,0.0,0.0,1.0,0.0,0.0,1.0,0.0,1.33,1.67,0.0,1.0,0.0,1.0,0.0,0.0,0.0,0.0,0.0,0
peptide_nm_182,0.0,0.0,1.0,0.0,0.0,0.0,1.0,0.0,0.0,1.0,1.67,1.0,0.0,1.0,1.0,1.0,0.0,0.0,0.0,1.5,0
peptide_nm_183,1.0,1.0,0.0,0.0,0.0,1.4,0.0,1.0,2.0,0.0,1.0,1.0,1.0,1.0,1.0,0.0,0.0,0.0,1.0,1.0,0
peptide_nm_184,1.0,1.0,0.0,1.0,1.0,0.0,1.0,1.0,0.0,0.0,1.5,0.0,0.0,1.0,1.0,1.0,1.0,1.0,1.0,1.0,0
peptide_nm_185,1.0,1.0,0.0,1.5,1.0,0.0,1.0,1.0,1.0,1.0,0.0,1.0,1.0,0.0,0.0,1.0,1.0,0.0,1.0,1.0,0
peptide_nm_186,1.0,1.0,0.0,0.0,0.0,0.0,0.0,1.0,0.0,0.0,0.0,1.0,0.0,1.67,1.0,1.0,1.0,0.0,1.0,0.0,0
peptide_nm_187,1.0,1.0,0.0,1.0,0.0,1.0,0.0,1.33,0.0,1.0,1.0,0.0,0.0,0.0,1.0,0.0,1.0,0.0,0.0,1.0,0
peptide_nm_188,1.0,1.0,0.0,0.0,0.0,0.0,1.0,1.0,0.0,1.0,1.0,1.0,0.0,1.0,1.0,1.0,0.0,0.0,0.0,1.0,0
peptide_nm_189,1.57,1.0,1.0,1.0,0.0,1.0,1.91,1.0,0.0,1.0,1.33,1.0,1.0,1.0,1.0,1.5,1.0,1.0,1.0,1.0,0
peptide_nm_190,1.0,1.67,0.0,1.0,0.0,0.0,0.0,1.0,0.0,1.0,1.67,1.0,0.0,0.0,0.0,1.0,0.0,0.0,0.0,1.0,0
peptide_nm_191,1.0,1.0,1.0,1.0,0.0,0.0,1.0,0.0,0.0,1.0,1.0,1.0,0.0,1.0,1.0,1.0,1.0,0.0,1.0,1.67,0
peptide_nm_192,1.0,1.5,1.0,0.0,0.0,0.0,0.0,1.67,0.0,0.0,0.0,1.57,0.0,1.0,1.0,1.0,1.0,0.0,0.0,0.0,0
peptide_nm_193,0.0,1.0,1.0,1.0,0.0,0.0,1.0,0.0,0.0,1.0,1.0,1.0,0.0,0.0,1.0,1.0,0.0,1.0,1.0,1.0,0
peptide_nm_194,1.0,1.0,1.0,1.0,0.0,1.0,1.33,1.0,0.0,1.0,1.0,0.0,1.0,0.0,0.0,1.0,0.0,0.0,1.0,0.0,0
peptide_nm_195,0.0,1.0,1.4,1.0,0.0,0.0,1.4,0.0,0.0,1.0,1.0,1.4,1.0,1.0,1.0,1.0,1.0,0.0,1.0,1.0,0
peptide_nm_196,0.0,0.0,1.0,0.0,0.0,0.0,1.0,0.0,1.0,1.0,0.0,0.0,0.0,1.0,0.0,0.0,0.0,0.0,1.0,1.0,0
peptide_nm_197,0.0,1.0,0.0,1.0,0.0,1.0,1.0,0.0,1.0,0.0,1.5,1.0,0.0,1.67,0.0,1.0,0.0,0.0,0.0,1.0,0
peptide_nm_198,0.0,0.0,0.0,0.0,0.0,1.67,1.0,1.0,0.0,0.0,1.5,1.0,0.0,1.0,1.67,0.0,0.0,0.0,1.0,1.0,0
peptide_nm_199,1.0,1.0,1.0,1.0,1.0,0.0,1.4,0.0,1.0,0.0,1.0,0.0,0.0,1.0,0.0,1.0,1.0,0.0,0.0,1.0,0
peptide_nm_200,0.0,1.0,0.0,0.0,0.0,0.0,1.67,1.0,0.0,1.0,1.0,0.0,0.0,0.0,0.0,1.0,1.0,0.0,0.0,0.0,0
peptide_nm_201,1.0,1.5,1.0,1.0,0.0,1.0,0.0,1.0,0.0,1.0,1.0,1.0,1.0,0.0,0.0,1.0,0.0,0.0,1.0,1.0,0
peptide_nm_202,1.0,0.0,0.0,0.0,0.0,1.0,0.0,1.0,0.0,0.0,1.0,0.0,0.0,1.0,1.0,0.0,0.0,0.0,0.0,1.0,0
peptide_nm_203,1.0,1.0,1.0,1.67,0.0,0.0,0.0,1.0,0.0,1.55,1.0,1.0,0.0,1.0,1.0,1.0,2.0,0.0,0.0,0.0,0
peptide_nm_204,1.0,1.0,0.0,1.0,0.0,1.0,0.0,1.0,0.0,0.0,1.0,1.0,0.0,0.0,0.0,1.67,0.0,0.0,0.0,1.0,0
peptide_nm_205,0.0,1.67,0.0,1.0,0.0,0.0,1.0,1.0,0.0,0.0,0.0,1.0,2.0,1.0,0.0,0.0,1.0,0.0,1.0,0.0,0
peptide_nm_206,1.0,0.0,0.0,1.0,0.0,1.0,1.0,0.0,0.0,1.0,1.0,1.0,0.0,1.0,1.0,0.0,1.0,0.0,0.0,1.0,0
peptide_nm_207,1.0,1.0,1.33,0.0,0.0,1.0,0.0,1.0,1.0,1.0,1.0,1.0,0.0,0.0,1.0,0.0,1.0,1.0,1.0,1.0,0
peptide_nm_208,1.0,0.0,0.0,0.0,0.0,1.0,1.0,1.0,0.0,0.0,0.0,1.0,0.0,1.0,1.0,0.0,1.0,0.0,0.0,1.0,0
peptide_nm_209,1.0,1.0,0.0,1.0,1.0,1.0,1.0,0.0,0.0,1.0,1.0,1.0,1.67,0.0,1.0,0.0,0.0,0.0,1.0,0.0,0
peptide_nm_210,1.0,1.0,0.0,1.0,0.0,0.0,1.0,1.67,0.0,1.0,1.4,1.0,1.0,0.0,1.0,1.0,1.0,1.0,0.0,1.4,0
peptide_nm_211,1.0,0.0,1.0,1.0,1.0,0.0,1.0,1.0,1.0,1.4,1.0,1.4,1.0,0.0,0.0,1.0,0.0,0.0,1.0,1.0,0
peptide_nm_212,1.0,1.5,1.33,0.0,0.0,1.0,1.0,0.0,0.0,1.0,1.0,1.0,0.0,1.0,1.0,1.0,1.0,0.0,1.0,1.0,0
peptide_nm_213,1.0,1.67,1.0,1.0,1.0,1.0,1.0,1.0,1.0,1.0,1.0,1.18,1.0,1.0,1.0,1.22,1.0,0.0,1.0,1.0,0
peptide_nm_214,1.0,2.0,1.0,0.0,0.0,0.0,1.67,0.0,0.0,0.0,1.0,0.0,0.0,1.0,0.0,0.0,0.0,0.0,0.0,0.0,0
peptide_nm_215,1.0,0.0,0.0,1.0,0.0,1.0,1.0,0.0,0.0,1.0,1.0,0.0,0.0,0.0,0.0,1.0,0.0,0.0,1.0,0.0,0
peptide_nm_216,1.5,1.0,1.0,1.5,0.0,0.0,0.0,0.0,0.0,1.0,1.0,1.0,0.0,0.0,0.0,1.0,1.0,0.0,0.0,1.0,0
peptide_nm_217,1.0,1.0,1.0,1.0,0.0,1.0,1.0,1.0,0.0,1.0,1.0,1.0,0.0,0.0,1.0,0.0,0.0,0.0,1.0,1.5,0
peptide_nm_218,0.0,1.0,1.0,1.0,0.0,1.0,1.0,0.0,0.0,1.0,0.0,0.0,1.0,0.0,1.0,1.0,1.0,0.0,0.0,0.0,0
peptide_nm_219,0.0,1.0,0.0,1.0,0.0,1.0,1.0,1.0,1.0,0.0,1.5,1.0,0.0,0.0,1.0,1.0,1.0,0.0,0.0,0.0,0
peptide_nm_220,1.0,1.0,0.0,1.4,0.0,1.0,0.0,1.0,1.0,1.0,1.0,1.0,1.0,0.0,1.0,0.0,1.0,0.0,1.0,1.0,0
peptide_nm_221,1.0,0.0,0.0,0.0,1.0,0.0,1.0,0.0,1.0,0.0,0.0,1.0,1.0,1.0,0.0,1.0,0.0,0.0,1.0,1.0,0
peptide_nm_222,1.0,0.0,0.0,0.0,0.0,1.0,1.0,0.0,0.0,0.0,0.0,1.92,0.0,0.0,1.0,2.14,1.0,0.0,0.0,1.5,0
peptide_nm_223,1.0,1.0,0.0,0.0,0.0,1.0,1.0,1.0,0.0,1.0,1.0,1.0,1.0,1.0,0.0,1.0,0.0,0.0,1.0,0.0,0
peptide_nm_224,0.0,0.0,1.0,0.0,0.0,1.0,0.0,1.0,1.0,0.0,0.0,0.0,1.0,0.0,1.0,1.4,0.0,0.0,1.0,0.0,0
peptide_nm_225,1.0,1.0,0.0,1.0,0.0,0.0,1.0,1.0,1.0,1.0,1.0,1.0,0.0,1.0,1.0,1.33,1.0,0.0,0.0,1.0,0
peptide_nm_226,0.0,0.0,1.0,0.0,1.0,0.0,1.67,1.0,0.0,1.0,1.0,0.0,0.0,1.67,0.0,1.0,1.0,0.0,0.0,0.0,0
peptide_nm_227,1.0,1.0,0.0,0.0,0.0,0.0,1.0,0.0,0.0,1.0,1.0,1.0,1.0,0.0,0.0,1.0,0.0,1.0,1.0,1.0,0
peptide_nm_228,1.0,1.0,1.0,1.0,1.0,0.0,0.0,1.0,0.0,1.5,0.0,1.0,1.0,0.0,1.0,0.0,0.0,0.0,1.0,1.0,0
peptide_nm_229,0.0,0.0,0.0,0.0,0.0,0.0,1.0,0.0,0.0,1.0,2.14,1.67,0.0,1.0,0.0,1.0,1.0,0.0,0.0,1.0,0
peptide_nm_230,0.0,0.0,1.67,1.0,0.0,0.0,0.0,1.0,1.0,1.0,1.0,0.0,0.0,0.0,0.0,1.0,1.0,0.0,1.0,0.0,0
peptide_nm_231,0.0,0.0,0.0,1.0,1.0,0.0,1.0,0.0,0.0,1.0,1.0,1.0,1.0,1.0,0.0,0.0,1.0,0.0,1.0,0.0,0
peptide_nm_232,1.67,1.0,0.0,1.0,0.0,0.0,1.0,1.0,0.0,1.0,1.0,1.0,1.0,1.0,1.0,1.0,1.0,0.0,0.0,1.0,0
peptide_nm_233,1.0,1.0,1.0,1.0,0.0,1.0,1.67,1.0,0.0,1.0,1.0,1.0,0.0,1.0,1.0,0.0,1.0,0.0,1.0,1.0,0
peptide_nm_234,1.0,1.67,0.0,1.0,1.0,1.0,1.0,1.0,0.0,1.0,1.0,0.0,0.0,1.0,0.0,0.0,1.0,0.0,1.0,1.0,0
peptide_nm_235,0.0,1.0,0.0,1.4,0.0,0.0,1.0,1.0,0.0,1.0,1.67,0.0,1.0,0.0,1.0,0.0,1.0,0.0,0.0,1.0,0
peptide_nm_236,1.33,0.0,1.5,0.0,0.0,1.0,1.0,1.0,1.0,1.67,1.0,1.0,1.0,0.0,1.0,1.0,1.0,0.0,1.0,0.0,0
peptide_nm_237,0.0,0.0,0.0,0.0,0.0,1.0,1.0,1.33,0.0,1.0,1.0,0.0,0.0,0.0,1.67,0.0,1.0,0.0,0.0,1.0,0
peptide_nm_238,1.0,0.0,0.0,1.0,0.0,0.0,0.0,0.0,0.0,0.0,1.0,1.0,1.0,1.0,1.0,1.0,0.0,0.0,1.0,0.0,0
peptide_nm_239,1.0,1.0,1.0,1.0,0.0,2.0,0.0,1.0,1.0,0.0,1.0,0.0,0.0,0.0,1.0,0.0,1.0,0.0,1.0,1.0,0
peptide_nm_240,1.0,1.0,1.0,0.0,0.0,1.0,0.0,1.0,0.0,1.0,1.0,1.5,1.67,1.0,1.0,0.0,1.0,1.0,1.0,1.0,0
peptide_nm_241,1.0,1.0,0.0,1.0,0.0,0.0,2.54,1.67,0.0,0.0,1.0,1.0,0.0,1.0,1.0,0.0,1.0,0.0,0.0,1.0,0
peptide_nm_242,0.0,1.0,0.0,1.0,0.0,1.0,0.0,0.0,1.0,1.67,1.4,0.0,1.0,1.0,0.0,1.33,1.0,0.0,1.0,1.0,0
peptide_nm_243,1.0,1.0,1.0,1.5,1.0,0.0,1.0,1.67,0.0,1.0,0.0,1.0,0.0,1.0,1.0,1.0,1.0,0.0,1.0,1.33,0
peptide_nm_244,0.0,1.0,1.67,1.0,0.0,0.0,0.0,1.0,0.0,0.0,1.67,1.0,0.0,1.0,0.0,0.0,1.0,0.0,0.0,0.0,0
peptide_nm_245,1.0,1.0,0.0,1.0,0.0,0.0,1.0,0.0,1.0,0.0,1.0,1.0,1.0,0.0,1.0,0.0,1.0,0.0,0.0,1.0,0
peptide_nm_246,1.0,0.0,1.0,1.0,0.0,0.0,1.0,1.0,0.0,1.0,1.4,1.0,1.0,0.0,1.0,0.0,0.0,0.0,0.0,0.0,0
peptide_nm_247,1.0,1.0,1.0,0.0,0.0,1.0,0.0,1.0,0.0,1.0,0.0,1.0,0.0,0.0,1.0,0.0,1.0,1.0,0.0,1.0,0
peptide_nm_248,1.0,1.0,0.0,1.0,0.0,0.0,1.0,1.0,1.0,1.0,1.0,1.0,1.0,0.0,0.0,0.0,0.0,0.0,0.0,0.0,0
peptide_nm_249,1.0,0.0,0.0,1.0,1.0,1.0,1.0,1.0,1.0,1.0,1.0,0.0,1.0,0.0,1.0,1.0,0.0,0.0,0.0,1.0,0
peptide_nm_250,1.0,1.0,1.0,0.0,0.0,0.0,1.0,1.0,1.0,0.0,1.0,1.0,0.0,0.0,1.0,0.0,1.0,1.0,0.0,1.0,0
peptide_nm_251,1.0,0.0,0.0,0.0,0.0,1.0,1.0,1.0,0.0,1.0,1.0,1.0,0.0,0.0,0.0,1.0,0.0,0.0,0.0,1.5,0
peptide_nm_252,1.0,0.0,0.0,1.4,0.0,1.0,0.0,0.0,0.0,0.0,1.0,0.0,1.0,0.0,1.0,1.0,1.0,0.0,0.0,0.0,0
peptide_nm_253,0.0,1.0,0.0,0.0,0.0,0.0,1.0,1.0,0.0,0.0,1.0,0.0,1.0,1.0,0.0,0.0,0.0,0.0,0.0,1.0,0
peptide_nm_254,1.0,1.0,1.0,1.33,1.0,0.0,1.4,1.0,0.0,1.0,1.0,1.0,0.0,1.0,1.0,1.0,1.0,0.0,1.5,1.25,0
peptide_nm_255,1.0,1.0,1.0,0.0,0.0,1.0,1.0,1.0,1.0,0.0,0.0,1.0,0.0,1.0,0.0,0.0,1.0,1.0,1.0,1.0,0
peptide_nm_256,0.0,0.0,0.0,1.0,0.0,0.0,1.0,1.0,0.0,1.0,1.0,1.67,1.0,1.0,0.0,0.0,0.0,0.0,0.0,0.0,0
peptide_nm_257,1.0,0.0,1.0,0.0,1.0,0.0,1.0,1.0,0.0,0.0,1.0,1.0,0.0,0.0,1.0,2.0,0.0,1.0,1.0,1.0,0
peptide_nm_258,0.0,0.0,1.0,1.0,0.0,1.0,1.0,1.0,0.0,1.0,1.0,1.0,0.0,1.0,1.0,0.0,0.0,1.0,0.0,1.0,0
peptide_nm_259,1.0,1.0,0.0,1.0,0.0,1.0,1.0,0.0,0.0,1.33,1.0,1.0,1.0,0.0,1.0,0.0,1.0,1.0,1.0,1.0,0
peptide_nm_260,1.0,1.5,0.0,1.0,0.0,0.0,1.0,1.0,0.0,1.0,1.0,0.0,0.0,0.0,1.0,1.0,0.0,0.0,0.0,1.0,0
peptide_nm_261,1.57,0.0,0.0,1.0,1.0,0.0,1.0,1.5,0.0,1.0,1.0,1.0,0.0,0.0,0.0,1.0,0.0,0.0,1.0,1.0,0
peptide_nm_262,0.0,0.0,1.0,1.0,0.0,0.0,0.0,0.0,0.0,1.4,1.5,1.0,1.0,1.4,1.0,1.5,0.0,0.0,1.0,0.0,0
peptide_nm_263,1.0,0.0,0.0,1.0,1.0,1.0,1.0,1.0,1.0,1.0,1.0,1.0,0.0,1.0,0.0,1.0,1.0,0.0,1.0,1.0,0
peptide_nm_264,1.0,1.0,0.0,1.0,0.0,0.0,1.0,1.0,0.0,1.0,1.0,1.0,0.0,0.0,1.0,1.0,1.0,1.0,0.0,0.0,0
peptide_nm_265,1.67,0.0,0.0,0.0,0.0,1.0,0.0,1.0,0.0,1.0,1.0,1.0,0.0,0.0,0.0,1.0,0.0,0.0,0.0,0.0,0
peptide_nm_266,1.0,1.0,0.0,0.0,0.0,1.0,0.0,1.0,0.0,0.0,0.0,1.0,1.0,0.0,1.0,1.0,0.0,1.0,0.0,1.0,0
peptide_nm_267,0.0,0.0,0.0,0.0,0.0,0.0,1.0,1.0,0.0,1.0,1.0,0.0,0.0,1.0,1.0,1.0,0.0,0.0,0.0,1.0,0
peptide_nm_268,0.0,0.0,1.0,1.0,0.0,0.0,1.57,1.0,0.0,1.0,0.0,1.67,0.0,0.0,0.0,1.5,0.0,0.0,0.0,0.0,0
peptide_nm_269,1.5,1.0,1.0,1.0,0.0,0.0,1.0,1.0,0.0,1.0,1.0,1.0,1.0,0.0,0.0,1.0,1.0,0.0,1.0,1.0,0
peptide_nm_270,1.0,1.0,0.0,0.0,0.0,1.0,1.0,1.0,0.0,1.0,1.0,1.0,0.0,0.0,0.0,0.0,1.0,1.0,1.0,0.0,0
peptide_nm_271,1.0,1.0,1.0,1.0,0.0,1.0,1.0,1.0,0.0,0.0,0.0,1.0,0.0,0.0,0.0,0.0,0.0,0.0,0.0,0.0,0
peptide_nm_272,1.0,0.0,1.0,0.0,0.0,0.0,0.0,1.57,0.0,0.0,0.0,1.0,0.0,1.0,0.0,0.0,0.0,0.0,1.0,0.0,0
peptide_nm_273,1.0,1.0,0.0,0.0,1.0,1.0,0.0,1.0,0.0,1.5,4.73,0.0,0.0,0.0,0.0,0.0,1.0,0.0,1.0,1.0,0
peptide_nm_274,1.0,1.0,0.0,0.0,1.0,1.0,1.0,1.5,0.0,0.0,1.0,1.0,0.0,1.0,1.0,1.0,1.0,0.0,0.0,1.0,0
peptide_nm_275,0.0,0.0,1.0,1.0,0.0,1.0,0.0,1.0,0.0,0.0,1.0,0.0,1.0,0.0,1.0,0.0,1.0,0.0,0.0,1.0,0
peptide_nm_276,1.0,0.0,0.0,0.0,0.0,1.0,0.0,0.0,0.0,0.0,4.86,0.0,0.0,0.0,0.0,0.0,1.0,0.0,0.0,0.0,0
peptide_nm_277,1.33,1.0,0.0,1.33,1.0,1.0,1.29,1.89,1.0,1.0,1.0,1.0,1.0,1.5,1.0,1.0,1.0,0.0,1.0,1.0,0
peptide_nm_278,1.0,0.0,0.0,0.0,0.0,1.0,0.0,1.0,1.0,0.0,0.0,0.0,0.0,1.0,1.0,1.0,1.0,0.0,0.0,1.0,0
peptide_nm_279,1.57,0.0,0.0,1.0,1.0,0.0,0.0,1.0,1.0,0.0,1.0,0.0,0.0,1.0,1.0,1.0,0.0,0.0,1.0,0.0,0
peptide_nm_280,1.4,1.0,1.0,1.0,1.0,1.0,1.0,1.0,0.0,1.0,1.0,1.0,0.0,0.0,1.0,1.0,0.0,0.0,0.0,0.0,0
peptide_nm_281,1.0,1.0,0.0,1.0,0.0,1.67,1.0,0.0,0.0,1.0,1.0,0.0,0.0,0.0,0.0,0.0,0.0,0.0,1.0,1.0,0
peptide_nm_282,1.0,0.0,0.0,1.0,0.0,0.0,0.0,1.0,1.0,1.0,1.0,0.0,1.0,1.0,0.0,1.0,1.0,0.0,0.0,0.0,0
peptide_nm_283,0.0,1.0,0.0,0.0,0.0,0.0,1.0,1.0,1.0,0.0,0.0,1.0,0.0,0.0,0.0,1.0,1.0,0.0,1.0,1.0,0
peptide_nm_284,0.0,0.0,1.0,0.0,0.0,1.0,1.5,1.0,1.0,1.0,1.4,0.0,1.0,0.0,1.0,1.0,1.0,1.0,0.0,1.0,0
peptide_nm_285,1.0,0.0,1.0,1.0,0.0,0.0,1.0,1.0,1.0,1.0,1.0,0.0,0.0,1.0,1.0,1.0,0.0,0.0,0.0,0.0,0
peptide_nm_286,1.0,0.0,1.0,1.0,0.0,1.0,1.0,0.0,1.0,1.0,1.67,1.0,1.0,1.0,0.0,1.0,1.0,0.0,1.0,1.0,0
peptide_nm_287,1.67,1.0,0.0,0.0,0.0,1.0,0.0,1.0,0.0,0.0,1.67,0.0,0.0,0.0,1.5,0.0,0.0,0.0,0.0,1.0,0
peptide_nm_288,0.0,0.0,0.0,1.0,0.0,1.0,1.0,1.0,1.0,1.0,1.0,0.0,0.0,1.0,1.0,1.67,1.0,0.0,0.0,0.0,0
peptide_nm_289,1.0,0.0,0.0,1.0,1.0,1.0,0.0,1.0,0.0,1.0,1.0,1.0,1.0,1.0,1.0,0.0,0.0,1.0,0.0,1.0,0
peptide_nm_290,0.0,1.0,1.0,0.0,0.0,1.0,1.0,0.0,1.0,2.33,1.0,1.0,0.0,0.0,1.0,0.0,0.0,0.0,0.0,0.0,0
peptide_nm_291,1.5,0.0,0.0,0.0,0.0,1.0,0.0,1.0,0.0,1.0,1.0,1.0,0.0,0.0,0.0,1.5,0.0,0.0,1.0,1.0,0
peptide_nm_292,1.0,1.5,0.0,1.0,0.0,1.0,1.0,0.0,0.0,0.0,0.0,1.0,0.0,0.0,1.0,0.0,1.0,0.0,1.0,0.0,0
peptide_nm_293,1.0,0.0,0.0,0.0,0.0,0.0,1.5,0.0,0.0,1.0,1.67,1.0,1.0,0.0,0.0,0.0,1.0,1.0,0.0,0.0,0
peptide_nm_294,1.0,0.0,1.0,0.0,0.0,1.0,1.0,0.0,0.0,0.0,1.0,1.0,0.0,0.0,1.4,1.0,1.0,0.0,1.0,1.0,0
peptide_nm_295,1.0,1.0,0.0,1.0,1.0,1.0,1.0,1.0,0.0,1.0,1.5,0.0,1.0,0.0,0.0,1.0,0.0,0.0,0.0,1.4,0
peptide_nm_296,1.0,0.0,0.0,0.0,1.0,1.0,1.0,1.33,0.0,1.0,1.0,1.0,0.0,1.0,0.0,1.0,1.0,0.0,1.0,1.0,0
peptide_nm_297,1.0,1.67,0.0,1.4,0.0,1.0,1.0,1.0,0.0,0.0,1.0,1.0,0.0,1.0,0.0,1.0,1.0,0.0,1.5,1.0,0
peptide_nm_298,1.0,1.0,0.0,1.0,0.0,1.0,1.5,1.0,1.0,1.0,0.0,1.5,1.0,0.0,1.0,1.0,1.0,0.0,1.0,0.0,0
peptide_nm_299,1.0,0.0,1.0,0.0,1.0,0.0,0.0,1.0,0.0,0.0,0.0,0.0,0.0,0.0,0.0,1.0,1.0,0.0,1.0,1.0,0
peptide_nm_300,1.5,1.0,1.0,0.0,0.0,1.0,1.0,0.0,0.0,0.0,1.0,0.0,1.0,1.0,1.0,2.6,1.0,0.0,1.0,1.0,0
peptide_nm_301,1.0,0.0,0.0,1.0,0.0,0.0,1.0,1.0,1.0,1.0,1.5,1.5,0.0,1.0,1.0,0.0,0.0,0.0,0.0,1.0,0
peptide_nm_302,1.4,1.0,0.0,1.0,0.0,0.0,1.0,0.0,0.0,1.0,1.0,1.0,0.0,0.0,0.0,1.0,0.0,0.0,1.0,1.0,0
peptide_nm_303,1.0,0.0,0.0,1.0,0.0,0.0,0.0,1.0,0.0,0.0,1.0,1.67,0.0,0.0,1.0,1.0,1.0,0.0,0.0,1.0,0
peptide_nm_304,1.18,1.0,1.0,1.0,1.0,1.0,1.29,1.0,1.0,1.0,1.0,1.0,1.0,1.0,1.22,1.0,1.5,0.0,1.0,1.44,0
peptide_nm_305,1.0,0.0,0.0,1.0,0.0,0.0,1.0,1.0,0.0,0.0,1.0,0.0,0.0,0.0,0.0,0.0,0.0,0.0,0.0,1.67,0
peptide_nm_306,1.0,1.0,0.0,0.0,0.0,0.0,1.0,1.0,1.0,1.0,1.4,0.0,0.0,0.0,1.0,0.0,1.0,1.0,1.0,1.67,0
peptide_nm_307,0.0,0.0,0.0,0.0,1.0,1.0,0.0,0.0,0.0,1.0,1.0,1.0,0.0,1.0,1.0,0.0,1.0,0.0,0.0,0.0,0
peptide_nm_308,1.0,1.0,0.0,0.0,0.0,1.0,1.0,1.0,0.0,1.0,0.0,0.0,0.0,1.0,0.0,1.0,0.0,0.0,0.0,0.0,0
peptide_nm_309,1.0,1.0,0.0,0.0,0.0,1.0,1.4,1.5,1.0,1.0,1.0,1.0,1.0,1.0,1.0,1.0,1.0,1.0,0.0,1.0,0
peptide_nm_310,1.0,0.0,1.0,0.0,0.0,1.0,1.0,1.5,1.0,1.0,1.33,1.0,1.0,0.0,1.0,1.0,0.0,0.0,0.0,1.5,0
peptide_nm_311,1.0,1.0,1.0,0.0,0.0,1.0,0.0,1.0,0.0,0.0,1.0,1.33,0.0,0.0,1.0,0.0,1.0,0.0,0.0,1.0,0
peptide_nm_312,1.0,0.0,1.0,1.0,0.0,1.0,1.0,0.0,0.0,1.0,1.0,1.0,1.0,1.0,1.0,1.0,0.0,0.0,1.0,1.0,0
peptide_nm_313,1.0,0.0,0.0,1.0,0.0,0.0,0.0,1.0,1.0,0.0,0.0,0.0,1.0,1.5,1.0,0.0,1.67,0.0,0.0,1.0,0
peptide_nm_314,0.0,1.0,0.0,1.0,1.0,1.0,1.0,1.0,0.0,0.0,1.0,1.0,0.0,0.0,0.0,1.0,0.0,0.0,0.0,1.0,0
peptide_nm_315,1.0,0.0,1.0,0.0,1.0,1.67,1.0,1.0,1.0,1.0,0.0,1.0,0.0,1.0,1.0,1.0,0.0,1.67,1.0,1.0,0
peptide_nm_316,0.0,0.0,1.0,1.0,0.0,0.0,1.0,2.14,0.0,0.0,1.0,1.0,0.0,1.0,1.0,1.0,1.0,1.0,0.0,0.0,0
peptide_nm_317,0.0,1.0,1.0,0.0,0.0,0.0,1.0,0.0,0.0,1.0,1.33,0.0,1.0,0.0,1.33,0.0,1.0,1.0,0.0,1.0,0
peptide_nm_318,1.0,1.0,0.0,0.0,0.0,1.0,0.0,1.0,0.0,1.0,1.5,0.0,0.0,1.67,1.0,1.0,1.0,0.0,0.0,0.0,0
peptide_nm_319,1.67,1.0,0.0,0.0,1.0,1.0,1.4,1.0,1.0,0.0,1.0,1.0,0.0,1.0,1.67,1.0,1.0,0.0,0.0,1.0,0
peptide_nm_320,1.0,0.0,1.0,1.0,0.0,1.0,1.0,1.0,0.0,1.0,1.0,1.0,1.0,0.0,1.0,0.0,0.0,0.0,0.0,0.0,0
peptide_nm_321,1.0,1.0,1.0,0.0,0.0,1.0,1.0,1.0,0.0,1.0,1.0,1.0,1.0,0.0,1.0,1.0,1.0,1.0,0.0,1.0,0
peptide_nm_322,0.0,1.0,1.0,0.0,0.0,0.0,0.0,1.5,0.0,0.0,1.0,1.0,0.0,1.0,0.0,0.0,1.0,0.0,0.0,0.0,0
peptide_nm_323,1.0,0.0,0.0,1.0,0.0,1.0,1.0,1.0,0.0,0.0,1.0,0.0,1.0,1.0,1.0,1.5,0.0,0.0,0.0,1.5,0
peptide_nm_324,1.0,1.0,1.0,1.0,0.0,1.0,0.0,1.0,0.0,1.0,1.0,1.0,0.0,0.0,1.0,1.0,1.0,0.0,0.0,0.0,0
peptide_nm_325,1.0,1.0,0.0,1.0,0.0,0.0,1.0,0.0,1.0,1.0,1.5,1.67,0.0,0.0,1.0,1.0,1.0,1.0,0.0,1.0,0
peptide_nm_326,1.0,1.0,2.0,1.0,0.0,1.0,0.0,1.0,1.0,1.0,1.0,1.67,0.0,0.0,0.0,1.0,1.0,0.0,1.0,0.0,0
peptide_nm_327,1.0,1.0,1.0,1.0,0.0,1.0,1.29,1.0,1.0,1.0,1.57,1.0,0.0,1.0,1.0,1.2,1.33,1.0,1.0,1.29,0
peptide_nm_328,1.5,2.6,0.0,1.0,0.0,1.0,1.0,1.0,0.0,0.0,1.0,0.0,1.0,0.0,0.0,0.0,1.0,0.0,0.0,1.0,0
peptide_nm_329,1.0,1.0,0.0,1.0,0.0,1.0,0.0,1.0,1.0,1.0,1.0,0.0,0.0,0.0,1.0,0.0,1.0,0.0,0.0,1.0,0
peptide_nm_330,1.0,0.0,0.0,1.0,0.0,1.0,1.67,1.0,1.0,1.0,1.0,1.0,1.0,1.0,1.0,1.4,1.0,0.0,1.0,1.0,0
peptide_nm_331,1.0,0.0,0.0,1.0,0.0,1.0,1.0,1.0,0.0,0.0,1.0,1.0,1.0,1.0,0.0,0.0,1.0,0.0,0.0,1.0,0
peptide_nm_332,1.25,1.0,1.0,1.0,1.0,0.0,1.0,1.29,1.0,0.0,1.71,0.0,1.0,1.67,1.8,1.0,1.44,1.0,1.0,1.29,0
peptide_nm_333,1.0,1.0,0.0,1.0,0.0,0.0,1.0,1.0,0.0,1.0,1.67,1.0,0.0,1.0,0.0,0.0,1.5,0.0,0.0,0.0,0
peptide_nm_334,1.0,0.0,0.0,0.0,1.0,1.0,1.0,1.0,1.0,1.0,0.0,1.0,0.0,1.0,0.0,1.0,1.0,0.0,0.0,1.0,0
peptide_nm_335,1.67,1.0,0.0,0.0,1.0,1.0,1.0,1.5,1.0,0.0,1.0,0.0,0.0,1.0,0.0,1.0,1.0,0.0,1.0,1.0,0
peptide_nm_336,1.0,1.0,0.0,1.0,0.0,0.0,1.0,1.0,1.0,1.0,1.0,1.0,1.0,1.0,0.0,1.0,0.0,0.0,1.0,1.0,0
peptide_nm_337,1.0,1.0,1.0,0.0,0.0,0.0,1.4,1.0,0.0,1.33,1.0,1.0,0.0,1.0,1.0,1.0,1.0,0.0,0.0,1.0,0
peptide_nm_338,1.0,1.0,1.0,1.0,0.0,1.0,0.0,1.0,1.0,0.0,1.0,1.0,1.0,1.0,0.0,1.0,1.0,1.0,1.0,1.0,0
peptide_nm_339,1.0,1.0,1.0,1.0,1.0,1.0,1.0,1.0,1.0,1.0,1.0,1.0,0.0,0.0,1.0,1.0,1.0,0.0,0.0,1.67,0
peptide_nm_340,0.0,1.0,1.0,1.0,0.0,0.0,1.0,1.0,0.0,1.0,1.0,1.0,0.0,0.0,0.0,1.0,1.0,0.0,0.0,1.0,0
peptide_nm_341,0.0,0.0,1.0,1.5,0.0,0.0,0.0,1.0,0.0,0.0,1.0,1.0,0.0,1.0,1.0,1.0,0.0,0.0,1.0,1.0,0
peptide_nm_342,1.67,1.0,0.0,0.0,0.0,1.0,1.0,0.0,0.0,1.0,1.0,0.0,1.0,1.0,1.0,1.0,0.0,0.0,1.0,1.5,0
peptide_nm_343,1.0,1.5,1.0,1.0,0.0,0.0,1.0,1.0,0.0,1.0,1.0,1.0,0.0,1.0,0.0,1.0,1.0,0.0,1.0,1.0,0
peptide_nm_344,1.0,1.67,0.0,1.0,0.0,1.67,1.0,0.0,0.0,1.5,1.0,1.0,1.0,1.0,0.0,0.0,0.0,0.0,0.0,1.0,0
peptide_nm_345,1.33,1.0,1.0,1.0,0.0,0.0,1.0,1.0,1.0,1.0,1.0,1.0,0.0,1.0,0.0,0.0,1.0,1.0,0.0,0.0,0
peptide_nm_346,1.0,0.0,0.0,0.0,0.0,0.0,1.0,0.0,0.0,1.0,1.0,0.0,1.0,0.0,0.0,1.67,0.0,0.0,1.0,1.0,0
peptide_nm_347,1.0,0.0,0.0,1.0,1.0,1.0,1.0,1.0,0.0,1.0,0.0,1.0,0.0,0.0,1.0,1.0,1.0,0.0,0.0,1.0,0
peptide_nm_348,1.4,1.0,0.0,1.0,0.0,1.0,1.0,0.0,1.0,0.0,0.0,1.0,0.0,0.0,1.0,1.67,0.0,0.0,1.0,1.0,0
peptide_nm_349,1.0,1.0,0.0,1.0,0.0,0.0,1.0,0.0,0.0,1.0,1.0,1.5,0.0,1.0,0.0,1.0,0.0,0.0,0.0,1.0,0
peptide_nm_350,1.0,1.4,1.0,1.0,0.0,0.0,0.0,1.33,1.0,0.0,1.0,1.0,1.0,1.0,1.0,1.0,1.0,0.0,1.0,1.0,0
peptide_nm_351,1.0,0.0,0.0,1.0,1.0,1.0,1.0,1.0,0.0,1.0,0.0,1.0,0.0,1.0,1.0,1.0,0.0,1.0,1.0,1.0,0
peptide_nm_352,1.0,1.0,1.5,1.0,0.0,0.0,1.57,1.0,0.0,1.0,1.0,1.0,0.0,0.0,1.67,0.0,0.0,1.0,1.0,1.0,0
peptide_nm_353,1.0,1.0,1.0,0.0,0.0,1.0,1.0,1.0,1.0,1.0,1.0,1.0,0.0,0.0,1.0,1.0,0.0,0.0,1.0,1.0,0
peptide_nm_354,1.0,0.0,0.0,0.0,0.0,0.0,1.67,1.0,0.0,1.0,1.5,0.0,0.0,1.0,1.0,1.0,0.0,0.0,1.0,1.0,0
peptide_nm_355,1.0,1.0,1.0,1.0,0.0,1.0,1.67,1.0,1.0,1.0,1.5,1.0,1.0,1.0,0.0,1.4,1.0,1.0,0.0,0.0,0
peptide_nm_356,1.0,1.0,0.0,0.0,0.0,0.0,1.0,1.0,0.0,0.0,1.0,1.0,0.0,1.0,1.0,0.0,0.0,0.0,0.0,1.67,0
peptide_nm_357,1.0,0.0,0.0,1.0,0.0,1.0,1.0,1.0,0.0,1.0,1.0,1.0,0.0,1.0,1.0,1.0,1.0,1.0,0.0,1.0,0
peptide_nm_358,1.4,0.0,0.0,0.0,0.0,1.0,1.0,0.0,1.0,0.0,1.0,1.0,0.0,0.0,1.0,1.0,1.0,0.0,1.0,1.0,0
peptide_nm_359,0.0,1.0,0.0,1.0,0.0,0.0,1.5,1.0,0.0,0.0,1.0,0.0,0.0,0.0,1.0,1.0,1.0,0.0,0.0,0.0,0
peptide_nm_360,1.0,1.0,0.0,0.0,0.0,1.0,0.0,0.0,0.0,0.0,1.0,1.0,0.0,1.0,0.0,1.0,1.0,0.0,0.0,1.0,0
peptide_nm_361,0.0,0.0,1.0,0.0,0.0,0.0,1.0,0.0,0.0,0.0,1.0,0.0,0.0,1.0,0.0,1.0,1.0,0.0,1.0,1.0,0
peptide_nm_362,1.91,1.5,0.0,1.0,0.0,1.0,1.0,1.0,0.0,1.0,1.89,0.0,0.0,1.0,1.0,1.0,1.0,1.0,0.0,1.0,0
peptide_nm_363,0.0,0.0,0.0,1.67,0.0,0.0,1.57,1.5,0.0,1.0,1.0,0.0,1.0,1.0,1.0,0.0,1.0,0.0,1.0,0.0,0
peptide_nm_364,1.0,0.0,1.0,2.0,0.0,0.0,1.0,1.0,0.0,1.0,0.0,1.0,0.0,1.0,0.0,0.0,0.0,0.0,1.0,1.0,0
peptide_nm_365,1.0,0.0,1.0,1.0,0.0,1.0,1.0,1.0,1.0,1.0,1.0,1.33,0.0,1.0,1.0,1.0,1.0,0.0,0.0,0.0,0
peptide_nm_366,1.0,1.0,0.0,1.0,0.0,0.0,0.0,1.0,0.0,1.0,1.0,0.0,0.0,1.0,0.0,1.0,0.0,0.0,1.0,1.5,0
peptide_nm_367,1.0,0.0,0.0,1.0,0.0,1.0,1.0,1.0,1.0,0.0,1.0,1.0,1.0,0.0,1.0,1.0,0.0,1.0,0.0,0.0,0
peptide_nm_368,0.0,1.0,0.0,1.0,0.0,1.5,0.0,0.0,0.0,0.0,1.67,1.0,0.0,1.0,0.0,0.0,1.0,0.0,0.0,0.0,0
peptide_nm_369,1.0,1.0,0.0,1.0,0.0,1.0,0.0,1.0,0.0,0.0,1.5,1.0,0.0,1.0,1.0,1.0,1.0,0.0,0.0,1.0,0
peptide_nm_370,1.0,1.0,1.0,1.0,0.0,0.0,0.0,1.0,0.0,1.0,1.0,0.0,0.0,0.0,1.0,1.4,1.0,0.0,1.0,1.0,0
peptide_nm_371,1.0,0.0,0.0,0.0,0.0,0.0,0.0,1.0,0.0,1.0,1.0,1.0,0.0,1.0,0.0,1.0,1.0,0.0,0.0,1.5,0
peptide_nm_372,1.0,1.0,0.0,1.0,0.0,1.0,0.0,0.0,0.0,0.0,2.0,1.0,0.0,0.0,0.0,1.0,0.0,0.0,1.0,1.0,0
peptide_nm_373,1.0,1.0,1.0,1.0,0.0,1.0,0.0,1.0,0.0,0.0,1.33,1.0,0.0,0.0,0.0,1.0,1.0,0.0,1.0,1.0,0
peptide_nm_374,1.29,1.0,0.0,0.0,0.0,1.0,1.0,1.0,1.0,1.0,1.0,1.0,1.0,1.0,0.0,1.0,1.0,0.0,0.0,1.0,0
peptide_nm_375,1.5,1.29,1.0,1.5,1.0,0.0,1.0,1.0,1.0,1.0,1.0,0.0,1.0,1.0,1.0,1.0,0.0,1.0,1.0,1.22,0
peptide_nm_376,1.0,0.0,0.0,0.0,1.0,0.0,0.0,1.0,0.0,1.0,1.67,0.0,1.0,1.0,0.0,0.0,1.0,0.0,0.0,2.14,0
peptide_nm_377,1.0,1.0,1.0,1.0,0.0,1.0,0.0,1.0,0.0,1.0,1.0,1.5,1.0,0.0,0.0,1.0,1.0,1.0,1.0,0.0,0
peptide_nm_378,1.0,1.0,1.0,1.0,1.0,1.0,1.0,1.33,0.0,0.0,1.0,0.0,0.0,1.0,0.0,1.0,1.0,0.0,1.0,1.0,0
peptide_nm_379,1.0,1.0,0.0,0.0,1.0,0.0,1.0,1.0,1.0,0.0,1.0,0.0,0.0,0.0,1.0,0.0,1.0,0.0,0.0,1.0,0
peptide_nm_380,1.0,0.0,0.0,1.0,1.0,0.0,2.33,1.0,1.0,1.0,1.0,1.0,0.0,1.0,1.0,1.0,1.0,1.0,1.0,0.0,0
peptide_nm_381,1.0,0.0,0.0,0.0,0.0,1.0,1.0,1.0,0.0,0.0,1.5,1.0,0.0,0.0,0.0,0.0,1.5,1.0,0.0,1.0,0
peptide_nm_382,1.5,1.0,0.0,1.0,0.0,0.0,1.0,1.0,0.0,1.0,0.0,1.0,0.0,0.0,0.0,0.0,1.0,0.0,0.0,1.0,0
peptide_nm_383,0.0,0.0,0.0,1.0,0.0,1.0,1.0,1.0,1.0,1.0,1.0,0.0,0.0,0.0,1.0,0.0,1.0,0.0,0.0,1.0,0
peptide_nm_384,1.0,1.0,1.0,0.0,0.0,0.0,0.0,1.0,1.0,0.0,1.0,0.0,1.0,1.0,1.0,0.0,0.0,0.0,1.0,1.0,0
peptide_nm_385,1.33,1.0,1.0,1.0,0.0,0.0,1.0,1.0,0.0,0.0,1.0,1.0,1.0,0.0,0.0,1.0,0.0,0.0,0.0,0.0,0
peptide_nm_386,0.0,1.0,1.5,0.0,0.0,0.0,0.0,1.0,0.0,0.0,0.0,0.0,0.0,0.0,0.0,1.89,1.0,0.0,0.0,0.0,0
peptide_nm_387,1.0,0.0,1.0,1.0,0.0,1.0,1.0,1.0,1.0,1.0,1.0,0.0,0.0,0.0,0.0,0.0,0.0,1.0,0.0,1.4,0
peptide_nm_388,1.0,0.0,1.0,0.0,0.0,1.0,1.0,1.0,1.0,1.0,1.0,0.0,1.0,0.0,0.0,1.0,1.0,1.0,0.0,1.0,0
peptide_nm_389,1.0,1.0,0.0,1.0,1.0,1.0,1.0,1.4,1.0,1.0,1.4,1.0,1.67,1.0,1.0,1.0,1.0,0.0,1.0,1.0,0
peptide_nm_390,1.0,1.0,0.0,1.0,0.0,0.0,1.0,1.0,0.0,1.0,1.0,1.0,0.0,0.0,0.0,1.0,0.0,1.0,0.0,1.0,0
peptide_nm_391,1.29,0.0,0.0,0.0,0.0,0.0,0.0,1.33,0.0,1.33,1.0,0.0,0.0,1.0,0.0,0.0,1.0,1.0,0.0,1.0,0
peptide_nm_392,1.0,1.67,1.0,0.0,0.0,1.0,0.0,1.0,1.0,0.0,0.0,0.0,0.0,0.0,1.0,1.83,1.0,0.0,0.0,0.0,0
peptide_nm_393,0.0,1.0,0.0,1.0,1.0,0.0,0.0,0.0,1.0,0.0,1.0,0.0,0.0,0.0,0.0,1.0,1.0,0.0,0.0,0.0,0
peptide_nm_394,0.0,1.0,1.0,1.0,0.0,0.0,1.0,1.0,0.0,1.0,1.0,1.5,1.0,0.0,1.0,0.0,1.0,1.0,1.0,1.0,0
peptide_nm_395,1.0,0.0,0.0,1.0,0.0,0.0,1.0,1.0,1.0,1.0,1.0,1.0,0.0,0.0,1.4,0.0,1.0,0.0,1.0,1.0,0
peptide_nm_396,0.0,1.0,0.0,0.0,0.0,0.0,1.0,1.5,0.0,1.0,1.0,1.0,0.0,0.0,1.0,0.0,0.0,0.0,1.0,1.67,0
peptide_nm_397,1.0,1.0,0.0,0.0,0.0,0.0,1.0,1.0,0.0,0.0,1.0,0.0,0.0,1.0,0.0,1.0,1.0,0.0,0.0,1.0,0
peptide_nm_398,1.36,0.0,0.0,1.0,0.0,1.0,1.0,0.0,0.0,1.0,1.0,1.0,0.0,0.0,1.0,1.0,0.0,0.0,1.0,1.4,0
peptide_nm_399,1.0,0.0,1.0,1.0,0.0,0.0,1.0,1.0,0.0,0.0,1.0,1.0,0.0,1.0,1.0,0.0,0.0,0.0,1.0,1.67,0
peptide_nm_400,1.0,0.0,1.0,1.0,0.0,0.0,1.0,1.0,1.0,1.0,1.0,0.0,0.0,1.0,1.0,1.0,1.0,0.0,0.0,1.0,0
peptide_nm_401,1.0,0.0,1.0,1.0,1.0,1.5,1.67,1.0,1.0,0.0,1.29,0.0,0.0,1.0,1.0,1.0,1.0,0.0,0.0,1.0,0
peptide_nm_402,1.0,1.5,1.0,1.0,0.0,1.0,1.0,0.0,0.0,1.0,1.0,1.0,0.0,1.0,1.0,0.0,1.0,0.0,0.0,1.0,0
peptide_nm_403,1.0,1.0,1.0,1.0,0.0,0.0,1.0,1.0,1.0,1.0,1.0,0.0,1.0,1.0,1.0,0.0,1.0,0.0,0.0,1.5,0
peptide_nm_404,1.67,0.0,0.0,1.0,1.0,0.0,0.0,1.5,0.0,1.0,1.0,0.0,1.0,0.0,1.0,1.0,1.0,0.0,1.0,1.0,0
peptide_nm_405,0.0,1.0,1.0,1.0,0.0,1.0,0.0,1.0,1.0,1.0,1.0,0.0,0.0,1.67,1.0,1.0,0.0,0.0,0.0,2.14,0
peptide_nm_406,1.0,1.0,1.0,0.0,1.0,0.0,1.0,0.0,0.0,0.0,0.0,0.0,0.0,1.0,1.0,1.0,1.0,0.0,0.0,1.0,0
peptide_nm_407,1.0,0.0,1.0,1.0,0.0,0.0,0.0,1.0,1.0,0.0,1.0,0.0,0.0,1.0,0.0,0.0,0.0,0.0,0.0,1.0,0
peptide_nm_408,1.83,0.0,0.0,1.0,0.0,0.0,1.0,0.0,0.0,1.0,1.0,1.0,0.0,1.0,1.0,0.0,0.0,0.0,0.0,1.0,0
peptide_nm_409,0.0,0.0,1.0,1.0,0.0,0.0,1.4,0.0,1.67,0.0,1.0,0.0,0.0,1.0,1.5,1.0,1.0,0.0,0.0,1.0,0
peptide_nm_410,1.4,1.0,1.0,1.0,1.0,0.0,1.0,1.4,1.0,1.0,1.0,1.0,1.0,0.0,1.0,1.0,1.0,0.0,1.0,1.0,0
peptide_nm_411,1.33,2.0,0.0,1.0,0.0,0.0,1.0,1.0,0.0,1.0,1.0,1.67,0.0,0.0,0.0,0.0,1.0,0.0,1.0,1.67,0
peptide_nm_412,0.0,0.0,1.0,1.5,0.0,0.0,1.89,0.0,0.0,1.0,1.0,1.0,0.0,0.0,1.0,1.0,1.0,0.0,0.0,0.0,0
peptide_nm_413,1.0,1.0,1.0,1.0,0.0,1.0,1.0,0.0,1.0,1.0,1.0,1.0,0.0,1.0,1.0,1.4,1.0,1.0,1.0,1.0,0
peptide_nm_414,1.0,0.0,1.0,1.0,0.0,1.0,0.0,0.0,0.0,1.0,1.57,1.0,0.0,0.0,1.0,1.0,1.0,0.0,0.0,0.0,0
peptide_nm_415,1.0,0.0,0.0,1.0,0.0,1.0,1.0,1.0,0.0,0.0,1.0,1.0,1.0,0.0,0.0,0.0,1.0,0.0,1.0,1.0,0
peptide_nm_416,1.33,0.0,1.0,1.0,0.0,1.0,0.0,1.0,0.0,1.0,1.0,0.0,0.0,0.0,0.0,1.0,1.0,0.0,0.0,0.0,0
peptide_nm_417,1.0,0.0,1.0,1.0,0.0,0.0,1.0,1.0,0.0,1.0,0.0,0.0,0.0,1.0,1.0,1.0,1.0,0.0,1.0,1.0,0
peptide_nm_418,1.0,1.0,1.0,0.0,0.0,0.0,1.0,1.0,0.0,1.0,1.0,0.0,1.0,0.0,1.0,0.0,0.0,0.0,1.0,1.0,0
peptide_nm_419,1.0,1.5,0.0,1.0,0.0,0.0,1.0,0.0,0.0,0.0,1.0,0.0,1.0,1.0,0.0,1.0,0.0,0.0,0.0,1.0,0
peptide_nm_420,1.0,0.0,1.0,0.0,0.0,0.0,0.0,1.0,0.0,1.0,0.0,0.0,1.0,1.0,1.0,1.5,1.0,0.0,1.0,1.4,0
peptide_nm_421,1.0,0.0,1.0,1.0,1.0,1.0,0.0,0.0,1.0,0.0,0.0,0.0,0.0,0.0,0.0,1.0,1.0,0.0,1.0,0.0,0
peptide_nm_422,1.0,0.0,1.0,0.0,1.0,0.0,1.0,1.0,1.0,1.0,1.0,0.0,1.0,1.0,1.0,1.67,1.0,0.0,0.0,0.0,0
peptide_nm_423,1.0,1.5,0.0,1.0,0.0,1.0,0.0,1.0,1.0,1.0,0.0,1.0,0.0,0.0,1.5,1.5,0.0,0.0,1.0,0.0,0
peptide_nm_424,1.5,1.0,1.0,1.0,0.0,0.0,1.0,1.0,0.0,1.67,1.0,1.0,1.0,1.0,1.0,1.0,1.0,0.0,1.0,1.0,0
peptide_nm_425,1.0,1.0,1.0,1.0,0.0,1.0,0.0,1.0,0.0,1.0,1.0,1.0,1.0,0.0,1.0,1.0,0.0,1.0,0.0,1.0,0
peptide_nm_426,1.0,1.0,1.0,0.0,0.0,0.0,1.33,1.0,0.0,0.0,1.0,1.0,0.0,1.0,0.0,1.0,1.0,0.0,0.0,1.0,0
peptide_nm_427,1.0,1.0,1.0,1.5,0.0,1.0,1.0,1.0,1.0,1.67,1.25,0.0,0.0,0.0,1.0,1.5,1.5,1.0,1.0,1.0,0
peptide_nm_428,0.0,0.0,1.0,0.0,0.0,1.0,1.0,1.0,1.0,1.0,1.0,1.0,0.0,1.0,0.0,1.0,1.0,0.0,1.0,0.0,0
peptide_nm_429,0.0,1.0,1.0,0.0,0.0,1.0,0.0,1.0,0.0,0.0,1.0,0.0,0.0,0.0,1.0,0.0,0.0,1.0,0.0,1.0,0
peptide_nm_430,0.0,1.0,0.0,1.0,0.0,0.0,1.0,1.0,1.0,0.0,1.0,1.0,1.0,1.0,1.0,0.0,0.0,0.0,1.0,1.0,0
peptide_nm_431,1.0,0.0,1.0,0.0,0.0,0.0,0.0,1.0,0.0,1.0,1.0,1.0,1.0,1.0,1.0,1.0,0.0,1.0,0.0,1.0,0
peptide_nm_432,1.5,0.0,1.0,1.0,1.0,1.0,0.0,0.0,1.0,0.0,1.0,0.0,0.0,0.0,1.0,0.0,1.0,0.0,1.0,1.0,0
peptide_nm_433,0.0,1.0,0.0,0.0,0.0,0.0,1.0,1.0,0.0,0.0,1.0,1.0,0.0,0.0,1.0,1.4,1.0,0.0,0.0,0.0,0
peptide_nm_434,1.0,1.0,1.0,1.0,1.0,0.0,1.0,1.0,1.0,1.0,1.0,1.0,1.0,1.0,1.0,1.4,1.0,0.0,1.0,0.0,0
peptide_nm_435,1.67,1.33,1.0,0.0,0.0,0.0,1.0,1.0,1.0,1.0,1.0,0.0,0.0,0.0,1.0,1.0,1.0,0.0,0.0,1.0,0
peptide_nm_436,1.0,0.0,1.0,0.0,1.0,0.0,0.0,0.0,1.5,0.0,1.0,1.0,0.0,0.0,1.0,1.0,0.0,1.0,1.0,1.0,0
peptide_nm_437,1.67,1.0,0.0,1.0,0.0,0.0,0.0,0.0,0.0,1.0,1.0,1.0,1.0,0.0,1.0,1.0,0.0,0.0,1.0,1.0,0
peptide_nm_438,1.67,1.0,0.0,0.0,0.0,0.0,1.0,0.0,0.0,1.0,0.0,0.0,0.0,0.0,0.0,1.0,0.0,0.0,0.0,0.0,0
peptide_nm_439,1.0,1.0,0.0,1.0,0.0,1.0,1.67,1.0,0.0,1.0,1.0,1.0,1.0,1.0,1.0,1.0,1.0,0.0,0.0,0.0,0
peptide_nm_440,0.0,0.0,0.0,1.0,0.0,1.0,1.4,0.0,1.0,0.0,0.0,1.0,1.0,1.0,1.0,1.0,0.0,0.0,1.0,0.0,0
peptide_nm_441,0.0,0.0,1.0,0.0,0.0,1.0,1.0,1.0,0.0,1.0,1.0,1.0,0.0,0.0,1.0,1.0,0.0,0.0,0.0,1.0,0
peptide_nm_442,0.0,0.0,1.0,1.0,1.0,1.0,0.0,1.0,0.0,1.0,1.0,1.0,1.0,0.0,0.0,0.0,0.0,0.0,1.0,0.0,0
peptide_pm_1,0.0,0.0,0.0,0.0,1.0,0.0,0.0,1.0,0.0,1.0,1.0,1.5,0.0,1.0,0.0,1.0,0.0,0.0,0.0,1.0,1
peptide_pm_2,0.0,0.0,0.0,0.0,0.0,0.0,0.0,0.0,1.0,1.0,1.29,1.25,0.0,1.0,0.0,1.4,1.0,1.0,0.0,1.0,1
peptide_pm_3,0.0,0.0,0.0,0.0,0.0,0.0,0.0,0.0,0.0,0.0,0.0,1.0,0.0,1.67,0.0,0.0,0.0,0.0,0.0,0.0,1
peptide_pm_4,0.0,0.0,0.0,0.0,0.0,0.0,0.0,0.0,0.0,0.0,1.67,1.67,0.0,0.0,0.0,0.0,0.0,0.0,0.0,0.0,1
peptide_pm_5,1.0,0.0,1.5,0.0,1.0,0.0,1.0,1.0,0.0,1.0,1.67,0.0,0.0,0.0,1.0,1.0,1.0,1.0,1.0,1.0,1
peptide_pm_6,1.0,0.0,0.0,0.0,0.0,0.0,0.0,1.0,0.0,1.0,1.0,1.5,1.0,1.0,0.0,0.0,0.0,0.0,0.0,1.0,1
peptide_pm_7,1.0,1.0,0.0,0.0,0.0,0.0,0.0,1.0,0.0,1.0,1.0,1.0,0.0,0.0,0.0,1.0,0.0,1.0,0.0,1.0,1
peptide_pm_8,1.83,0.0,0.0,1.0,0.0,1.0,0.0,1.0,1.0,1.0,1.0,1.4,1.0,0.0,0.0,1.0,1.0,1.0,0.0,0.0,1
peptide_pm_9,1.0,0.0,1.0,0.0,0.0,0.0,0.0,1.0,0.0,1.0,1.0,1.67,0.0,1.0,0.0,0.0,1.0,0.0,0.0,1.0,1
peptide_pm_10,1.25,0.0,1.0,0.0,0.0,1.0,1.0,1.5,0.0,0.0,1.0,1.22,1.0,1.0,0.0,0.0,1.0,0.0,1.0,1.4,1
peptide_pm_11,0.0,1.0,0.0,1.0,1.0,0.0,1.0,0.0,0.0,0.0,1.0,1.0,0.0,1.0,0.0,1.0,0.0,1.0,0.0,1.0,1
peptide_pm_12,1.0,0.0,0.0,0.0,0.0,0.0,0.0,0.0,1.0,1.0,1.0,1.73,0.0,1.0,0.0,1.4,1.0,1.0,0.0,1.0,1
peptide_pm_13,0.0,0.0,0.0,0.0,0.0,0.0,0.0,0.0,0.0,0.0,6.33,2.33,0.0,0.0,0.0,0.0,0.0,0.0,0.0,0.0,1
peptide_pm_14,0.0,0.0,1.0,0.0,1.0,0.0,1.0,1.0,0.0,1.0,1.0,0.0,0.0,1.0,1.0,1.4,1.0,0.0,1.0,1.0,1
peptide_pm_15,1.4,1.0,1.0,1.0,1.0,0.0,0.0,1.0,0.0,1.0,1.4,1.0,1.0,1.0,0.0,1.0,1.0,0.0,0.0,1.0,1
peptide_pm_16,1.0,1.0,0.0,0.0,0.0,0.0,0.0,1.0,1.0,1.0,1.0,1.44,0.0,1.0,0.0,1.0,0.0,0.0,1.0,1.0,1
peptide_pm_17,1.67,0.0,1.0,0.0,0.0,0.0,0.0,1.0,0.0,1.0,1.5,1.0,0.0,0.0,0.0,1.0,1.0,0.0,0.0,0.0,1
peptide_pm_18,0.0,1.25,0.0,0.0,1.0,0.0,0.0,1.0,0.0,0.0,0.0,1.0,0.0,1.0,0.0,0.0,0.0,1.0,1.0,1.0,1
peptide_pm_19,1.0,0.0,0.0,0.0,0.0,0.0,0.0,0.0,1.0,1.0,1.0,1.44,0.0,1.0,1.0,0.0,0.0,1.0,0.0,0.0,1
peptide_pm_20,1.0,0.0,0.0,0.0,0.0,0.0,0.0,0.0,0.0,0.0,1.0,4.33,0.0,1.0,0.0,0.0,0.0,1.0,0.0,0.0,1
peptide_pm_21,1.0,0.0,0.0,0.0,0.0,0.0,0.0,0.0,1.0,1.0,1.4,1.25,0.0,1.0,0.0,1.4,1.0,1.0,0.0,1.0,1
peptide_pm_22,0.0,2.14,0.0,0.0,1.0,0.0,0.0,1.0,0.0,0.0,0.0,0.0,0.0,1.0,0.0,0.0,0.0,0.0,1.0,1.0,1
peptide_pm_23,1.0,0.0,0.0,1.0,1.0,1.0,0.0,1.29,1.0,1.0,1.0,1.0,1.0,1.0,0.0,1.0,1.0,0.0,0.0,1.0,1
peptide_pm_24,0.0,0.0,0.0,0.0,0.0,0.0,0.0,0.0,0.0,0.0,1.57,2.11,0.0,0.0,0.0,0.0,0.0,1.0,0.0,0.0,1
peptide_pm_25,1.4,0.0,1.0,1.0,1.0,0.0,0.0,1.0,0.0,0.0,1.25,1.0,0.0,1.0,0.0,1.0,1.0,0.0,0.0,1.0,1
peptide_pm_26,1.4,0.0,1.0,0.0,0.0,0.0,0.0,0.0,0.0,1.0,1.0,1.5,0.0,0.0,0.0,0.0,0.0,0.0,0.0,0.0,1
peptide_pm_27,1.0,1.0,0.0,0.0,1.0,0.0,0.0,1.0,0.0,0.0,0.0,1.0,0.0,0.0,1.4,1.0,1.0,1.0,1.0,0.0,1
peptide_pm_28,1.33,0.0,0.0,0.0,0.0,0.0,0.0,0.0,0.0,0.0,1.0,4.33,0.0,1.0,0.0,0.0,0.0,1.0,0.0,0.0,1
peptide_pm_29,0.0,0.0,0.0,0.0,0.0,0.0,0.0,1.67,0.0,1.0,1.33,0.0,0.0,0.0,1.0,1.0,0.0,0.0,0.0,0.0,1
peptide_pm_30,1.0,0.0,0.0,0.0,0.0,0.0,0.0,0.0,1.0,1.0,1.0,1.44,0.0,1.0,0.0,0.0,0.0,1.0,0.0,0.0,1
peptide_pm_31,1.0,0.0,0.0,0.0,0.0,0.0,1.0,1.0,1.0,1.0,1.0,1.0,1.0,1.0,0.0,1.0,0.0,0.0,0.0,0.0,1
peptide_pm_32,1.67,1.0,0.0,1.0,1.0,0.0,0.0,0.0,1.0,0.0,1.0,0.0,0.0,0.0,0.0,0.0,0.0,1.0,0.0,0.0,1
peptide_pm_33,1.67,1.0,0.0,0.0,0.0,1.5,0.0,1.0,0.0,0.0,1.5,1.0,0.0,1.0,1.0,1.0,0.0,0.0,0.0,0.0,1
peptide_pm_34,1.0,1.5,0.0,0.0,0.0,0.0,0.0,1.0,1.0,1.4,1.0,1.5,0.0,0.0,1.0,0.0,1.0,0.0,1.0,1.0,1
peptide_pm_35,1.0,0.0,0.0,0.0,0.0,0.0,0.0,1.0,0.0,1.0,1.0,0.0,0.0,1.0,1.0,1.0,0.0,0.0,0.0,1.0,1
peptide_pm_36,1.4,0.0,0.0,1.0,0.0,0.0,0.0,1.0,0.0,0.0,1.4,1.0,0.0,1.0,0.0,0.0,0.0,0.0,0.0,1.0,1
peptide_pm_37,1.5,1.0,0.0,0.0,0.0,1.67,0.0,1.0,1.0,1.0,1.33,1.0,0.0,1.0,1.0,1.0,0.0,0.0,0.0,1.0,1
peptide_pm_38,1.0,1.0,0.0,0.0,0.0,0.0,0.0,1.0,0.0,1.0,1.67,1.0,0.0,1.0,0.0,1.0,0.0,0.0,0.0,0.0,1
peptide_pm_39,1.0,0.0,1.0,1.0,1.0,1.0,0.0,1.29,1.0,1.0,1.33,1.0,1.0,1.0,0.0,1.0,1.0,0.0,0.0,1.0,1
peptide_pm_40,1.0,1.0,0.0,0.0,0.0,0.0,0.0,1.0,0.0,1.0,1.0,1.0,0.0,1.0,0.0,0.0,1.0,1.0,0.0,1.0,1
peptide_pm_41,0.0,2.14,0.0,0.0,1.0,0.0,0.0,1.0,0.0,0.0,0.0,0.0,0.0,1.0,0.0,0.0,0.0,0.0,1.0,1.0,1
peptide_pm_42,1.0,0.0,0.0,1.0,0.0,0.0,0.0,1.0,0.0,1.0,1.0,1.4,0.0,1.0,0.0,1.4,0.0,1.0,0.0,1.0,1
peptide_pm_43,0.0,1.0,0.0,0.0,0.0,0.0,0.0,1.0,0.0,0.0,1.0,4.11,0.0,0.0,0.0,0.0,0.0,0.0,1.0,1.0,1
peptide_pm_44,0.0,2.0,0.0,0.0,1.0,0.0,0.0,2.14,0.0,0.0,1.0,0.0,0.0,1.0,0.0,0.0,0.0,0.0,1.0,1.0,1
peptide_pm_45,0.0,1.0,1.0,0.0,1.0,0.0,1.0,1.33,0.0,1.0,1.0,0.0,0.0,0.0,1.0,1.0,1.0,1.0,0.0,1.0,1
peptide_pm_46,0.0,1.67,0.0,0.0,0.0,0.0,0.0,0.0,0.0,1.0,1.5,1.0,0.0,0.0,1.0,0.0,0.0,1.0,0.0,0.0,1
peptide_pm_47,0.0,1.0,1.0,0.0,1.0,0.0,1.0,1.33,0.0,0.0,1.0,0.0,0.0,0.0,1.0,1.0,1.0,1.0,0.0,1.0,1
peptide_pm_48,1.0,0.0,1.0,0.0,1.0,0.0,1.0,1.0,0.0,1.0,0.0,1.0,0.0,0.0,1.0,1.4,1.0,1.0,1.0,1.0,1
peptide_pm_49,1.67,0.0,0.0,0.0,0.0,0.0,0.0,1.0,0.0,1.0,1.67,1.4,0.0,0.0,1.0,0.0,0.0,0.0,0.0,1.0,1
peptide_pm_50,1.67,0.0,0.0,0.0,0.0,0.0,0.0,1.0,0.0,1.0,1.67,1.33,0.0,0.0,0.0,0.0,0.0,0.0,0.0,1.0,1
peptide_pm_51,1.0,0.0,1.0,1.0,0.0,0.0,1.0,1.0,1.0,1.0,1.0,1.0,1.0,1.5,0.0,1.0,1.0,1.0,0.0,1.33,1
peptide_pm_52,0.0,1.4,0.0,1.0,0.0,0.0,0.0,1.0,0.0,1.0,1.0,1.5,1.0,1.0,0.0,1.0,1.0,0.0,0.0,1.0,1
peptide_pm_53,1.0,0.0,0.0,0.0,0.0,1.0,0.0,1.0,0.0,1.5,1.0,0.0,0.0,1.5,1.0,1.67,1.0,0.0,0.0,0.0,1
peptide_pm_54,0.0,1.33,0.0,0.0,1.0,0.0,0.0,1.0,0.0,0.0,0.0,1.0,0.0,1.0,0.0,0.0,0.0,1.0,1.0,1.0,1
peptide_pm_55,0.0,1.0,0.0,0.0,0.0,0.0,0.0,0.0,0.0,0.0,0.0,1.5,0.0,1.5,1.0,0.0,0.0,0.0,0.0,0.0,1
peptide_pm_56,0.0,1.0,1.0,0.0,1.0,0.0,1.0,1.33,0.0,0.0,1.0,0.0,0.0,0.0,1.0,1.0,1.0,1.0,0.0,1.0,1
peptide_pm_57,0.0,0.0,0.0,0.0,0.0,0.0,0.0,0.0,0.0,0.0,1.62,1.57,0.0,0.0,1.0,0.0,0.0,1.0,0.0,0.0,1
peptide_pm_58,0.0,1.0,1.0,1.0,1.0,0.0,1.0,1.33,0.0,1.0,1.0,0.0,0.0,1.0,1.0,1.0,1.0,1.0,0.0,1.0,1
peptide_pm_59,0.0,1.0,0.0,1.0,1.0,0.0,1.0,0.0,0.0,1.0,1.4,1.0,0.0,1.0,0.0,1.0,0.0,1.0,0.0,0.0,1
peptide_pm_60,1.67,0.0,1.0,0.0,0.0,0.0,0.0,1.0,0.0,1.0,1.5,1.0,0.0,0.0,0.0,1.0,1.0,0.0,0.0,0.0,1
peptide_pm_61,1.33,0.0,1.0,0.0,1.0,1.0,1.0,1.0,0.0,1.0,1.0,1.0,1.0,1.0,0.0,0.0,1.0,0.0,0.0,1.0,1
peptide_pm_62,1.0,1.29,0.0,0.0,1.0,0.0,0.0,1.0,0.0,0.0,1.0,0.0,0.0,0.0,0.0,0.0,0.0,1.0,1.0,1.0,1
peptide_pm_63,0.0,1.0,0.0,0.0,0.0,0.0,0.0,1.0,0.0,1.0,1.67,0.0,0.0,0.0,0.0,1.0,1.0,0.0,0.0,1.0,1
peptide_pm_64,0.0,0.0,0.0,0.0,0.0,0.0,0.0,0.0,0.0,0.0,1.33,1.57,0.0,0.0,0.0,0.0,0.0,1.0,0.0,0.0,1
peptide_pm_65,1.0,1.0,0.0,0.0,0.0,0.0,0.0,0.0,0.0,0.0,1.0,1.5,0.0,1.67,0.0,0.0,0.0,0.0,0.0,0.0,1
peptide_pm_66,2.59,0.0,0.0,0.0,0.0,0.0,0.0,0.0,0.0,0.0,0.0,2.69,0.0,1.0,0.0,0.0,0.0,1.0,0.0,0.0,1
peptide_pm_67,0.0,0.0,0.0,0.0,0.0,0.0,0.0,0.0,0.0,0.0,1.57,1.0,0.0,0.0,0.0,0.0,0.0,1.0,0.0,0.0,1
peptide_pm_68,0.0,1.0,0.0,0.0,0.0,1.0,0.0,1.0,0.0,0.0,1.5,1.0,0.0,0.0,0.0,1.0,0.0,1.0,0.0,0.0,1
peptide_pm_69,1.0,1.0,0.0,0.0,0.0,1.67,0.0,1.0,0.0,1.0,1.5,1.0,0.0,0.0,0.0,1.0,0.0,1.0,0.0,0.0,1
peptide_pm_70,1.0,0.0,1.0,1.0,1.0,0.0,1.0,1.4,0.0,1.0,1.0,1.0,0.0,1.0,1.0,1.0,1.0,0.0,1.67,1.0,1
peptide_pm_71,1.0,1.0,0.0,0.0,1.0,0.0,1.0,1.0,0.0,1.0,0.0,1.0,0.0,1.0,1.0,1.0,1.0,0.0,1.0,1.0,1
peptide_pm_72,2.0,0.0,0.0,0.0,1.0,1.0,0.0,1.0,0.0,1.4,1.0,1.4,0.0,1.0,1.0,1.0,0.0,0.0,0.0,1.67,1
peptide_pm_73,1.0,0.0,0.0,0.0,0.0,0.0,0.0,1.0,0.0,0.0,1.0,1.0,0.0,1.0,0.0,1.0,0.0,1.0,0.0,0.0,1
peptide_pm_74,1.0,1.0,0.0,0.0,0.0,0.0,0.0,0.0,0.0,1.0,1.0,1.0,0.0,1.0,0.0,0.0,1.0,1.0,1.0,0.0,1
peptide_pm_75,0.0,0.0,0.0,0.0,0.0,0.0,0.0,0.0,0.0,1.0,1.0,2.11,0.0,1.0,0.0,0.0,0.0,1.0,0.0,0.0,1
peptide_pm_76,1.0,1.44,0.0,0.0,0.0,1.0,0.0,1.0,0.0,0.0,1.6,0.0,0.0,1.0,1.0,0.0,0.0,0.0,0.0,1.0,1
peptide_pm_77,1.4,1.0,1.0,1.0,0.0,0.0,0.0,1.0,0.0,0.0,0.0,0.0,1.0,1.0,0.0,1.0,1.0,1.0,0.0,1.0,1
peptide_pm_78,0.0,1.0,0.0,0.0,1.0,0.0,0.0,1.0,0.0,0.0,1.0,1.0,0.0,1.0,1.5,1.0,1.0,1.0,1.0,1.0,1
peptide_pm_79,1.33,0.0,1.0,0.0,0.0,0.0,1.0,1.0,0.0,1.0,1.0,1.4,0.0,1.0,1.0,1.0,1.67,1.0,0.0,0.0,1
peptide_pm_80,0.0,1.89,0.0,0.0,1.0,0.0,0.0,1.5,0.0,0.0,1.0,0.0,0.0,1.0,0.0,0.0,0.0,0.0,1.0,1.0,1
peptide_pm_81,0.0,0.0,1.0,0.0,0.0,0.0,0.0,0.0,0.0,1.4,1.0,1.57,0.0,1.0,0.0,1.0,0.0,0.0,0.0,1.0,1
peptide_pm_82,0.0,0.0,0.0,0.0,0.0,0.0,0.0,1.0,0.0,1.0,1.57,1.0,0.0,1.0,1.0,1.0,0.0,0.0,0.0,1.0,1
peptide_pm_83,0.0,1.33,0.0,0.0,1.0,1.0,0.0,1.0,0.0,0.0,1.0,1.0,0.0,0.0,0.0,0.0,1.0,0.0,1.0,1.0,1
peptide_pm_84,1.33,0.0,0.0,0.0,0.0,0.0,0.0,0.0,0.0,0.0,1.0,4.33,0.0,1.0,0.0,0.0,0.0,1.0,0.0,0.0,1
peptide_pm_85,1.0,0.0,1.0,0.0,0.0,0.0,0.0,1.0,0.0,1.0,1.5,1.0,0.0,0.0,0.0,1.0,1.0,1.0,0.0,0.0,1
peptide_pm_86,1.0,1.0,0.0,0.0,0.0,0.0,0.0,1.0,0.0,1.0,1.0,1.5,0.0,1.0,0.0,0.0,1.0,1.0,0.0,1.0,1
peptide_pm_87,0.0,1.0,0.0,0.0,0.0,0.0,0.0,1.0,0.0,1.0,1.0,0.0,0.0,1.0,0.0,1.0,0.0,1.0,0.0,1.0,1
peptide_pm_88,0.0,1.0,1.0,1.0,1.0,0.0,1.0,1.33,0.0,1.0,1.0,0.0,0.0,1.0,1.0,0.0,1.0,1.0,0.0,0.0,1
peptide_pm_89,0.0,0.0,0.0,0.0,0.0,0.0,0.0,1.0,0.0,1.5,1.4,1.0,0.0,0.0,0.0,1.0,1.0,0.0,0.0,0.0,1
peptide_pm_90,0.0,1.4,0.0,0.0,0.0,0.0,0.0,0.0,0.0,0.0,1.0,1.0,0.0,1.0,0.0,0.0,0.0,0.0,1.0,1.0,1
peptide_pm_91,1.0,1.67,0.0,0.0,0.0,0.0,0.0,0.0,0.0,0.0,1.0,0.0,0.0,1.0,0.0,0.0,0.0,2.33,0.0,1.0,1
peptide_pm_92,1.0,1.0,0.0,0.0,0.0,0.0,1.67,1.8,0.0,0.0,1.4,1.0,1.67,1.0,1.0,1.0,1.0,0.0,0.0,1.0,1
peptide_pm_93,0.0,0.0,1.0,0.0,0.0,0.0,0.0,1.0,0.0,1.0,1.0,1.33,0.0,0.0,0.0,1.0,0.0,1.0,0.0,1.5,1
peptide_pm_94,1.0,0.0,0.0,1.0,0.0,0.0,0.0,1.0,0.0,0.0,1.4,1.0,0.0,1.0,0.0,1.0,0.0,0.0,0.0,1.5,1
peptide_pm_95,1.0,1.0,0.0,0.0,0.0,0.0,0.0,1.0,1.4,1.0,1.0,1.0,0.0,1.5,1.0,0.0,1.0,0.0,0.0,1.0,1
peptide_pm_96,0.0,0.0,1.0,1.0,1.0,0.0,1.0,1.0,0.0,1.0,1.0,1.0,0.0,0.0,1.0,1.0,1.0,0.0,1.0,1.0,1
peptide_pm_97,1.0,1.29,1.0,1.0,0.0,1.0,0.0,1.0,0.0,1.0,1.0,0.0,1.0,1.0,0.0,1.0,0.0,1.0,1.0,1.0,1
peptide_pm_98,1.0,0.0,0.0,0.0,0.0,0.0,0.0,0.0,0.0,1.0,1.0,1.4,0.0,0.0,0.0,1.0,0.0,1.0,0.0,1.0,1
peptide_pm_99,1.77,0.0,1.0,1.0,0.0,0.0,0.0,1.0,0.0,0.0,1.29,1.4,1.0,0.0,0.0,0.0,1.0,1.0,0.0,1.0,1
peptide_pm_100,0.0,1.67,0.0,0.0,0.0,0.0,0.0,0.0,0.0,1.0,1.0,1.0,0.0,1.67,1.0,0.0,0.0,1.0,0.0,0.0,1
peptide_pm_101,1.0,0.0,0.0,1.0,0.0,0.0,0.0,1.0,0.0,1.0,1.0,1.4,0.0,1.0,0.0,1.4,0.0,1.0,0.0,1.0,1
peptide_pm_102,0.0,0.0,0.0,0.0,0.0,0.0,0.0,0.0,0.0,0.0,1.33,1.57,0.0,0.0,0.0,0.0,0.0,1.0,0.0,0.0,1
peptide_pm_103,1.0,0.0,0.0,0.0,0.0,0.0,0.0,0.0,1.0,1.0,1.0,1.0,0.0,1.0,0.0,1.44,1.0,1.0,0.0,1.0,1
peptide_pm_104,0.0,1.0,0.0,0.0,0.0,0.0,0.0,0.0,0.0,0.0,1.0,1.5,0.0,1.5,0.0,0.0,0.0,0.0,0.0,0.0,1
peptide_pm_105,1.0,1.0,0.0,0.0,0.0,0.0,0.0,1.0,0.0,1.0,1.0,0.0,0.0,1.0,1.0,1.0,0.0,0.0,0.0,0.0,1
peptide_pm_106,1.0,0.0,0.0,0.0,0.0,0.0,0.0,0.0,1.0,1.0,1.0,1.44,0.0,1.0,0.0,1.0,1.0,1.0,0.0,0.0,1
peptide_pm_107,1.0,0.0,0.0,0.0,0.0,0.0,0.0,1.0,0.0,1.0,1.0,1.0,0.0,0.0,1.0,1.0,1.67,1.0,0.0,1.0,1
peptide_pm_108,1.0,0.0,0.0,0.0,1.0,0.0,0.0,0.0,0.0,0.0,1.4,1.5,0.0,1.33,1.0,1.0,0.0,0.0,0.0,1.0,1
peptide_pm_109,1.5,0.0,0.0,0.0,0.0,0.0,0.0,0.0,0.0,0.0,1.0,4.33,0.0,1.0,0.0,0.0,0.0,1.0,0.0,0.0,1
peptide_pm_110,0.0,1.0,0.0,0.0,1.0,0.0,0.0,1.4,0.0,1.0,1.0,0.0,0.0,1.0,0.0,0.0,0.0,1.0,1.0,1.0,1
peptide_pm_111,1.67,0.0,0.0,0.0,0.0,0.0,0.0,1.0,0.0,1.0,1.5,1.0,0.0,0.0,0.0,1.0,1.0,0.0,0.0,0.0,1
peptide_pm_112,0.0,0.0,0.0,0.0,0.0,0.0,0.0,0.0,0.0,0.0,1.67,1.92,0.0,0.0,0.0,0.0,0.0,1.0,0.0,0.0,1
peptide_pm_113,1.0,0.0,1.0,0.0,1.0,0.0,0.0,1.0,1.67,0.0,1.33,1.0,0.0,0.0,0.0,0.0,0.0,1.0,0.0,1.0,1
peptide_pm_114,0.0,1.0,0.0,1.0,1.0,0.0,1.0,0.0,0.0,1.0,1.0,1.0,0.0,1.0,0.0,1.0,0.0,1.0,0.0,1.0,1
peptide_pm_115,1.0,1.0,0.0,0.0,0.0,0.0,0.0,1.0,0.0,1.0,1.0,1.5,0.0,1.0,0.0,0.0,1.67,1.0,0.0,1.0,1
peptide_pm_116,0.0,1.5,1.0,0.0,0.0,0.0,0.0,1.0,1.0,1.57,1.0,1.4,0.0,0.0,0.0,0.0,1.0,0.0,1.0,0.0,1
peptide_pm_117,1.67,0.0,0.0,0.0,0.0,0.0,0.0,1.0,0.0,1.0,1.67,1.0,0.0,0.0,1.0,1.0,0.0,0.0,0.0,1.0,1
peptide_pm_118,0.0,1.0,0.0,0.0,1.0,0.0,0.0,1.0,0.0,0.0,1.0,0.0,0.0,1.0,0.0,0.0,1.0,0.0,1.0,1.0,1
peptide_pm_119,1.0,0.0,1.0,0.0,1.0,0.0,1.0,1.0,0.0,1.0,1.0,1.0,0.0,0.0,1.0,1.0,1.0,1.0,1.0,1.4,1
peptide_pm_120,0.0,1.67,0.0,0.0,0.0,0.0,0.0,0.0,0.0,1.0,1.0,1.0,0.0,0.0,1.0,0.0,0.0,1.5,0.0,0.0,1
peptide_pm_121,0.0,1.0,0.0,1.0,1.0,0.0,1.0,0.0,0.0,0.0,1.33,1.0,0.0,1.0,0.0,1.0,0.0,1.0,0.0,0.0,1
peptide_pm_122,0.0,0.0,0.0,0.0,0.0,0.0,0.0,0.0,0.0,0.0,2.11,1.0,0.0,0.0,0.0,0.0,0.0,0.0,0.0,0.0,1
peptide_pm_123,1.0,1.0,1.0,0.0,0.0,0.0,0.0,1.0,0.0,1.0,1.0,1.56,0.0,1.44,1.0,1.0,1.0,0.0,0.0,1.0,1
peptide_pm_124,1.0,1.0,1.0,0.0,1.0,0.0,1.0,1.0,0.0,1.0,0.0,1.0,0.0,0.0,1.0,1.33,0.0,1.0,1.0,1.0,1
peptide_pm_125,0.0,1.67,0.0,0.0,0.0,0.0,0.0,0.0,0.0,1.0,1.0,1.0,0.0,0.0,1.0,0.0,0.0,1.33,0.0,0.0,1
peptide_pm_126,0.0,1.0,0.0,0.0,1.0,0.0,0.0,1.5,0.0,0.0,1.0,0.0,0.0,1.0,1.0,0.0,0.0,0.0,1.0,1.0,1
peptide_pm_127,1.0,0.0,0.0,0.0,1.0,0.0,0.0,1.0,0.0,0.0,1.83,1.5,0.0,1.5,1.0,0.0,0.0,0.0,0.0,0.0,1
peptide_pm_128,1.4,1.0,1.0,1.0,0.0,1.0,0.0,1.0,0.0,1.0,1.0,1.0,0.0,1.0,1.0,1.25,1.0,1.0,0.0,1.0,1
peptide_pm_129,0.0,1.33,0.0,0.0,1.0,0.0,0.0,1.0,0.0,1.0,0.0,1.0,0.0,1.0,0.0,0.0,0.0,1.0,1.0,1.0,1
peptide_pm_130,1.0,0.0,0.0,0.0,0.0,0.0,0.0,0.0,1.0,1.0,1.0,1.91,0.0,1.0,1.0,0.0,0.0,1.0,0.0,0.0,1
peptide_pm_131,1.4,0.0,0.0,0.0,0.0,0.0,1.0,1.0,1.0,1.0,1.0,1.0,0.0,1.0,0.0,1.0,0.0,0.0,0.0,1.0,1
peptide_pm_132,0.0,0.0,0.0,0.0,0.0,0.0,0.0,0.0,0.0,1.0,1.0,1.4,0.0,1.0,0.0,0.0,0.0,0.0,0.0,0.0,1
peptide_pm_133,1.0,0.0,0.0,1.0,0.0,1.0,0.0,1.0,0.0,1.0,1.0,1.33,0.0,1.0,1.0,1.0,1.0,0.0,0.0,1.0,1
peptide_pm_134,1.5,0.0,1.0,0.0,1.0,0.0,0.0,1.0,0.0,1.0,1.0,1.5,0.0,1.0,1.0,1.0,1.0,0.0,0.0,1.0,1
peptide_pm_135,1.0,0.0,1.0,0.0,0.0,0.0,0.0,1.0,1.0,1.0,1.0,1.67,0.0,1.0,0.0,0.0,1.0,0.0,0.0,1.0,1
peptide_pm_136,1.0,0.0,1.0,0.0,0.0,1.0,0.0,1.0,0.0,0.0,1.5,0.0,1.0,1.0,1.0,0.0,0.0,0.0,0.0,0.0,1
peptide_pm_137,1.0,0.0,0.0,0.0,0.0,0.0,0.0,1.0,0.0,0.0,1.0,1.5,0.0,1.0,0.0,0.0,0.0,1.0,0.0,0.0,1
peptide_pm_138,1.0,1.0,0.0,0.0,0.0,0.0,0.0,1.0,1.0,1.0,1.0,1.44,0.0,1.0,0.0,1.0,0.0,0.0,1.0,1.0,1
peptide_pm_139,1.0,0.0,0.0,0.0,0.0,0.0,0.0,0.0,1.0,1.0,1.0,1.5,0.0,1.0,1.0,0.0,0.0,1.0,0.0,0.0,1
peptide_pm_140,0.0,0.0,0.0,0.0,0.0,0.0,0.0,0.0,0.0,0.0,1.57,1.57,0.0,0.0,0.0,0.0,0.0,1.0,0.0,0.0,1
peptide_pm_141,1.0,0.0,0.0,0.0,0.0,0.0,0.0,0.0,1.0,1.0,1.0,1.0,0.0,1.0,0.0,1.4,1.0,1.0,0.0,1.0,1
peptide_pm_142,0.0,0.0,0.0,0.0,0.0,0.0,1.0,1.0,0.0,1.0,1.0,1.0,0.0,1.0,0.0,1.0,0.0,0.0,0.0,0.0,1
peptide_pm_143,1.0,2.14,0.0,0.0,1.0,0.0,0.0,1.0,0.0,0.0,0.0,0.0,0.0,1.0,0.0,0.0,0.0,0.0,1.0,1.0,1
peptide_pm_144,0.0,0.0,1.0,0.0,0.0,1.0,0.0,1.0,0.0,1.67,1.0,1.33,0.0,1.0,0.0,1.0,0.0,0.0,0.0,1.0,1
peptide_pm_145,1.0,1.0,0.0,0.0,0.0,1.67,0.0,1.0,0.0,1.0,1.0,1.0,0.0,0.0,1.0,0.0,0.0,1.0,0.0,0.0,1
peptide_pm_146,0.0,1.67,0.0,0.0,0.0,0.0,0.0,0.0,0.0,1.0,1.0,1.5,0.0,0.0,1.0,0.0,0.0,1.0,0.0,0.0,1
peptide_pm_147,1.0,1.0,0.0,0.0,0.0,1.0,1.0,1.25,0.0,0.0,1.4,1.0,1.67,1.0,1.0,1.0,1.0,0.0,0.0,1.0,1
peptide_pm_148,1.0,0.0,1.0,0.0,0.0,0.0,0.0,1.0,1.0,1.5,1.0,1.0,0.0,0.0,0.0,0.0,0.0,1.0,0.0,0.0,1
peptide_pm_149,0.0,1.0,0.0,0.0,0.0,0.0,0.0,1.0,1.0,1.0,1.0,1.33,1.0,1.0,0.0,1.0,1.0,0.0,1.0,1.0,1
peptide_pm_150,1.0,0.0,0.0,0.0,0.0,0.0,0.0,0.0,0.0,0.0,1.0,1.4,0.0,1.0,0.0,0.0,0.0,1.0,0.0,0.0,1
peptide_pm_151,1.0,0.0,0.0,0.0,0.0,0.0,0.0,0.0,0.0,0.0,1.0,1.0,0.0,1.0,0.0,0.0,0.0,1.4,0.0,0.0,1
peptide_pm_152,1.0,1.0,0.0,0.0,0.0,0.0,0.0,1.0,0.0,1.0,1.0,0.0,0.0,1.0,1.0,1.0,0.0,0.0,0.0,1.0,1
peptide_pm_153,1.5,0.0,0.0,1.0,0.0,0.0,0.0,1.0,0.0,0.0,1.4,1.33,0.0,1.0,0.0,0.0,1.0,0.0,0.0,1.0,1
peptide_pm_154,0.0,1.0,1.0,0.0,1.0,0.0,1.0,1.33,0.0,0.0,1.0,1.0,0.0,0.0,1.0,1.0,1.0,1.0,0.0,1.0,1
peptide_pm_155,1.0,1.0,0.0,0.0,0.0,0.0,0.0,1.0,0.0,1.0,1.0,1.0,0.0,0.0,0.0,1.0,1.0,0.0,0.0,0.0,1
peptide_pm_156,1.0,0.0,0.0,1.0,0.0,0.0,0.0,1.0,1.0,1.0,1.0,1.0,1.0,1.0,1.0,1.0,0.0,0.0,1.0,1.0,1
peptide_pm_157,0.0,1.67,0.0,0.0,0.0,0.0,0.0,0.0,0.0,1.0,1.0,1.0,0.0,1.67,1.0,0.0,0.0,1.0,0.0,0.0,1
peptide_pm_158,0.0,1.0,0.0,0.0,0.0,0.0,0.0,1.0,0.0,0.0,1.0,1.6,0.0,0.0,0.0,1.0,0.0,1.0,0.0,0.0,1
peptide_pm_159,1.0,0.0,1.0,0.0,0.0,0.0,1.0,1.0,0.0,1.0,1.5,1.29,1.0,0.0,0.0,0.0,0.0,1.0,0.0,0.0,1
peptide_pm_160,1.0,0.0,1.0,1.0,1.0,0.0,1.0,1.0,0.0,1.0,1.0,1.0,0.0,0.0,1.0,1.0,1.0,1.0,1.0,1.0,1
peptide_pm_161,0.0,0.0,0.0,0.0,0.0,0.0,0.0,0.0,0.0,0.0,1.88,1.25,0.0,0.0,0.0,0.0,0.0,1.0,0.0,0.0,1
peptide_pm_162,1.0,0.0,0.0,1.0,0.0,0.0,0.0,1.0,0.0,1.55,0.0,1.0,2.0,1.0,0.0,0.0,1.0,0.0,0.0,1.0,1
peptide_pm_163,1.0,0.0,1.0,0.0,0.0,0.0,0.0,1.0,0.0,1.0,1.57,1.0,0.0,1.0,0.0,1.0,1.0,0.0,0.0,0.0,1
peptide_pm_164,0.0,0.0,0.0,0.0,0.0,0.0,0.0,0.0,0.0,0.0,1.6,1.5,0.0,0.0,1.0,0.0,0.0,1.0,0.0,0.0,1
peptide_pm_165,0.0,1.0,0.0,0.0,0.0,1.0,0.0,0.0,0.0,1.0,1.5,1.0,0.0,1.0,0.0,1.0,0.0,1.0,0.0,1.0,1
peptide_pm_166,0.0,0.0,0.0,0.0,0.0,0.0,0.0,0.0,0.0,0.0,1.55,1.5,0.0,0.0,0.0,0.0,0.0,1.0,0.0,0.0,1
peptide_pm_167,2.14,0.0,0.0,0.0,0.0,0.0,0.0,0.0,0.0,0.0,1.4,1.4,1.0,0.0,0.0,0.0,1.0,1.0,0.0,1.0,1
peptide_pm_168,0.0,0.0,1.0,0.0,0.0,1.0,0.0,1.0,1.4,1.67,1.0,1.0,0.0,1.0,0.0,1.0,0.0,0.0,0.0,1.0,1
peptide_pm_169,1.5,0.0,1.0,1.0,1.0,0.0,1.0,1.0,0.0,1.0,1.5,1.0,1.0,0.0,0.0,0.0,1.0,0.0,0.0,1.0,1
peptide_pm_170,1.0,0.0,0.0,0.0,0.0,0.0,0.0,0.0,1.0,1.0,1.0,1.5,0.0,1.0,1.0,0.0,0.0,0.0,0.0,0.0,1
peptide_pm_171,0.0,0.0,0.0,0.0,0.0,0.0,0.0,1.0,0.0,0.0,1.33,1.0,1.0,1.0,1.0,0.0,1.0,0.0,0.0,1.0,1
peptide_pm_172,0.0,0.0,0.0,0.0,0.0,0.0,0.0,0.0,0.0,0.0,1.67,3.0,0.0,0.0,0.0,0.0,0.0,1.0,0.0,0.0,1
peptide_pm_173,1.5,0.0,1.0,1.0,1.0,1.0,0.0,1.0,0.0,1.0,1.29,1.0,0.0,0.0,0.0,1.0,1.0,0.0,0.0,1.0,1
peptide_pm_174,0.0,2.0,0.0,0.0,1.0,0.0,0.0,1.0,0.0,0.0,0.0,0.0,0.0,1.0,0.0,0.0,0.0,0.0,1.0,1.0,1
peptide_pm_175,1.77,0.0,1.0,1.0,0.0,0.0,0.0,1.0,0.0,0.0,1.29,1.4,0.0,0.0,0.0,0.0,1.0,1.0,0.0,1.0,1
peptide_pm_176,0.0,1.0,1.0,0.0,1.0,0.0,1.0,1.33,0.0,0.0,1.0,0.0,0.0,0.0,1.0,1.0,1.0,0.0,0.0,1.0,1
peptide_pm_177,1.0,0.0,0.0,0.0,0.0,0.0,0.0,0.0,0.0,0.0,1.4,1.5,1.0,0.0,0.0,0.0,1.0,1.0,0.0,1.0,1
peptide_pm_178,0.0,2.33,0.0,0.0,1.0,0.0,0.0,0.0,0.0,0.0,1.0,0.0,0.0,1.0,0.0,0.0,0.0,1.0,1.0,1.0,1
peptide_pm_179,1.67,0.0,1.0,0.0,0.0,0.0,0.0,1.0,0.0,1.0,1.5,1.0,0.0,0.0,0.0,1.0,1.0,0.0,0.0,0.0,1
peptide_pm_180,1.0,1.0,0.0,0.0,0.0,0.0,0.0,1.0,1.4,1.0,1.0,0.0,0.0,1.0,0.0,1.0,0.0,0.0,0.0,1.0,1
peptide_pm_181,1.0,0.0,1.0,0.0,0.0,0.0,0.0,0.0,1.0,1.5,1.0,1.0,0.0,0.0,0.0,0.0,0.0,1.0,0.0,0.0,1
peptide_pm_182,0.0,1.0,0.0,1.0,1.0,0.0,1.0,0.0,0.0,1.0,1.0,1.0,0.0,1.0,0.0,1.0,0.0,1.0,0.0,1.0,1
peptide_pm_183,1.0,0.0,0.0,0.0,0.0,0.0,0.0,0.0,1.0,1.0,1.33,1.5,0.0,1.0,0.0,0.0,1.0,0.0,0.0,1.0,1
peptide_pm_184,0.0,2.0,0.0,0.0,1.0,0.0,0.0,1.67,0.0,0.0,1.0,0.0,0.0,1.0,0.0,0.0,0.0,0.0,1.0,1.0,1
peptide_pm_185,0.0,0.0,0.0,0.0,0.0,0.0,0.0,0.0,1.0,1.0,1.5,1.57,0.0,1.0,1.0,0.0,0.0,1.0,0.0,0.0,1
peptide_pm_186,0.0,0.0,0.0,0.0,0.0,0.0,1.0,1.0,0.0,1.0,1.0,1.0,0.0,1.0,0.0,1.0,0.0,1.0,0.0,1.0,1
peptide_pm_187,0.0,0.0,0.0,0.0,0.0,0.0,0.0,0.0,0.0,0.0,1.67,1.0,0.0,0.0,0.0,0.0,0.0,1.0,0.0,0.0,1
peptide_pm_188,1.29,0.0,1.0,0.0,0.0,0.0,1.0,1.0,0.0,1.0,1.0,1.29,1.0,0.0,0.0,1.0,0.0,1.0,0.0,1.0,1
peptide_pm_189,1.0,0.0,0.0,0.0,0.0,0.0,0.0,1.0,1.0,1.0,1.0,1.4,1.0,1.0,1.0,0.0,0.0,0.0,1.0,1.0,1
peptide_pm_190,1.0,0.0,0.0,1.0,0.0,0.0,0.0,1.0,0.0,1.0,1.0,1.4,0.0,1.0,0.0,1.4,0.0,1.0,0.0,1.0,1
peptide_pm_191,0.0,1.0,0.0,1.0,1.0,0.0,1.0,0.0,0.0,1.0,1.0,1.0,0.0,1.0,0.0,1.0,0.0,1.0,0.0,1.0,1
peptide_pm_192,1.0,0.0,1.0,0.0,0.0,0.0,1.0,1.0,0.0,1.0,1.5,1.33,1.0,0.0,0.0,0.0,0.0,1.0,0.0,0.0,1
peptide_pm_193,1.77,0.0,1.0,0.0,0.0,0.0,0.0,1.0,0.0,0.0,1.29,1.33,1.0,0.0,0.0,0.0,1.0,1.0,0.0,1.0,1
peptide_pm_194,0.0,0.0,0.0,0.0,0.0,0.0,0.0,0.0,0.0,0.0,1.91,1.0,0.0,0.0,0.0,0.0,0.0,1.0,0.0,0.0,1
peptide_pm_195,0.0,2.33,0.0,0.0,1.0,0.0,0.0,0.0,0.0,0.0,1.0,0.0,0.0,1.0,0.0,0.0,0.0,0.0,1.0,1.0,1
peptide_pm_196,0.0,2.14,0.0,0.0,1.0,0.0,0.0,1.0,0.0,0.0,0.0,0.0,0.0,1.0,0.0,0.0,0.0,0.0,1.0,1.0,1
peptide_pm_197,0.0,0.0,0.0,0.0,0.0,0.0,0.0,0.0,0.0,1.0,1.0,1.4,0.0,1.0,0.0,0.0,0.0,0.0,0.0,0.0,1
peptide_pm_198,1.0,0.0,0.0,1.0,0.0,1.0,0.0,1.0,0.0,1.0,1.0,1.22,0.0,1.0,0.0,1.0,0.0,0.0,0.0,1.0,1
peptide_pm_199,0.0,1.0,0.0,1.0,1.0,0.0,1.0,0.0,0.0,1.0,1.5,1.0,0.0,1.0,0.0,1.0,0.0,1.0,0.0,0.0,1
peptide_pm_200,1.0,1.0,1.67,1.0,0.0,1.29,1.0,1.0,1.0,1.0,1.4,1.0,0.0,0.0,0.0,0.0,1.0,1.0,1.0,1.0,1
peptide_pm_201,1.0,1.0,0.0,0.0,0.0,0.0,0.0,0.0,0.0,0.0,0.0,1.5,0.0,1.67,1.0,0.0,0.0,0.0,0.0,0.0,1
peptide_pm_202,0.0,0.0,0.0,0.0,0.0,1.0,0.0,1.0,0.0,1.0,1.0,1.0,0.0,1.0,0.0,1.0,0.0,1.0,0.0,1.0,1
peptide_pm_203,1.0,0.0,0.0,0.0,0.0,0.0,0.0,0.0,1.0,1.0,1.0,1.44,0.0,1.0,1.0,0.0,0.0,1.0,0.0,0.0,1
peptide_pm_204,1.0,1.5,0.0,0.0,0.0,0.0,0.0,1.0,1.0,1.4,1.0,1.5,0.0,0.0,0.0,0.0,1.0,0.0,1.0,1.0,1
peptide_pm_205,1.0,1.0,0.0,0.0,0.0,1.67,0.0,1.0,0.0,1.0,1.0,1.0,0.0,0.0,1.0,1.0,1.67,1.0,0.0,1.0,1
peptide_pm_206,0.0,2.33,0.0,0.0,1.0,0.0,0.0,0.0,0.0,0.0,1.0,0.0,0.0,1.0,0.0,0.0,0.0,0.0,1.0,1.0,1
peptide_pm_207,1.0,0.0,0.0,0.0,0.0,0.0,0.0,1.0,1.0,1.0,1.0,1.0,1.0,1.0,1.0,1.0,0.0,0.0,1.0,1.0,1
peptide_pm_208,1.0,1.0,1.0,0.0,0.0,0.0,0.0,1.0,0.0,1.0,1.0,1.0,0.0,0.0,0.0,1.0,1.0,0.0,0.0,0.0,1
peptide_pm_209,1.0,1.0,1.0,0.0,0.0,0.0,0.0,1.0,0.0,1.0,1.0,2.14,0.0,1.0,1.0,0.0,1.0,1.0,1.0,1.67,1
peptide_pm_210,1.0,1.5,0.0,0.0,0.0,1.0,1.0,1.0,0.0,0.0,0.0,3.22,0.0,0.0,0.0,0.0,1.0,0.0,0.0,1.0,1
peptide_pm_211,0.0,2.0,0.0,0.0,1.0,0.0,0.0,1.67,0.0,0.0,1.0,0.0,0.0,1.0,0.0,0.0,0.0,0.0,1.0,1.0,1
peptide_pm_212,1.0,0.0,0.0,0.0,0.0,0.0,0.0,1.0,1.0,1.0,1.0,1.0,1.0,1.0,1.0,1.0,0.0,0.0,1.0,1.0,1
peptide_pm_213,2.0,0.0,1.0,0.0,0.0,0.0,0.0,0.0,0.0,0.0,1.33,1.4,1.0,0.0,0.0,0.0,1.0,1.0,0.0,1.0,1
peptide_pm_214,1.4,0.0,1.0,0.0,1.0,0.0,0.0,1.0,0.0,1.0,1.0,1.5,0.0,1.0,1.0,1.0,0.0,0.0,0.0,1.0,1
peptide_pm_215,1.0,0.0,0.0,1.0,1.0,0.0,1.0,1.0,0.0,1.0,1.33,1.0,0.0,1.0,0.0,1.67,1.0,0.0,0.0,1.0,1
peptide_pm_216,1.67,0.0,1.0,0.0,0.0,0.0,0.0,1.0,0.0,1.0,1.67,1.0,0.0,0.0,0.0,1.0,0.0,0.0,0.0,1.0,1
peptide_pm_217,1.5,0.0,1.0,1.0,1.0,1.0,0.0,1.0,0.0,1.0,1.4,1.0,1.0,0.0,0.0,0.0,1.0,0.0,0.0,1.0,1
peptide_pm_218,1.0,1.0,0.0,0.0,0.0,0.0,0.0,1.0,0.0,1.0,1.0,0.0,0.0,1.0,1.0,1.0,0.0,0.0,0.0,1.0,1
peptide_pm_219,0.0,0.0,0.0,0.0,0.0,0.0,0.0,1.0,0.0,1.62,0.0,1.67,0.0,0.0,0.0,0.0,0.0,0.0,0.0,0.0,1
peptide_pm_220,1.0,0.0,0.0,1.0,0.0,1.0,0.0,1.0,0.0,1.0,1.0,1.18,0.0,1.0,1.0,1.0,0.0,0.0,0.0,1.0,1
peptide_pm_221,1.0,0.0,1.0,0.0,0.0,0.0,0.0,1.0,1.0,0.0,1.57,1.0,0.0,0.0,0.0,0.0,0.0,1.0,0.0,0.0,1
peptide_pm_222,0.0,1.0,1.0,0.0,1.0,0.0,1.0,1.33,0.0,0.0,1.0,1.0,0.0,0.0,1.0,1.0,1.0,1.0,0.0,1.0,1
peptide_pm_223,0.0,1.67,0.0,0.0,0.0,0.0,0.0,0.0,0.0,1.0,1.29,1.0,0.0,0.0,1.0,0.0,0.0,0.0,0.0,0.0,1
peptide_pm_224,1.0,1.0,1.0,0.0,1.0,0.0,1.0,1.0,0.0,1.0,0.0,1.0,0.0,0.0,1.0,1.4,0.0,1.0,1.0,1.0,1
peptide_pm_225,1.0,2.14,0.0,0.0,0.0,0.0,0.0,1.0,1.0,1.0,1.0,1.0,0.0,1.67,0.0,0.0,0.0,1.0,0.0,0.0,1
peptide_pm_226,1.0,1.0,0.0,1.0,1.0,0.0,1.0,0.0,0.0,1.0,1.0,1.0,0.0,1.0,0.0,1.0,0.0,1.0,0.0,1.0,1
peptide_pm_227,0.0,2.33,0.0,0.0,1.0,0.0,0.0,0.0,0.0,0.0,1.0,0.0,0.0,1.0,0.0,0.0,0.0,0.0,1.0,1.0,1
peptide_pm_228,1.0,0.0,1.0,0.0,1.0,1.0,1.0,1.0,1.0,1.0,1.0,1.0,1.0,1.0,1.0,1.0,1.0,0.0,1.0,1.0,1
peptide_pm_229,1.5,0.0,0.0,0.0,1.0,0.0,0.0,1.0,0.0,1.0,1.0,1.4,0.0,1.0,1.0,1.0,1.0,0.0,0.0,1.0,1
peptide_pm_230,1.0,1.0,1.0,1.0,1.0,1.0,1.0,1.29,1.0,1.0,1.33,1.0,1.0,1.0,0.0,1.0,1.0,0.0,0.0,1.0,1
peptide_pm_231,1.0,0.0,0.0,0.0,0.0,0.0,0.0,0.0,1.0,1.0,1.0,1.44,0.0,1.0,1.0,0.0,0.0,1.0,0.0,0.0,1
peptide_pm_232,0.0,0.0,1.0,0.0,0.0,0.0,0.0,0.0,0.0,1.4,1.0,1.57,0.0,1.0,0.0,1.0,0.0,0.0,0.0,1.0,1
peptide_pm_233,1.67,0.0,0.0,0.0,0.0,0.0,0.0,0.0,0.0,0.0,1.67,4.33,0.0,1.0,0.0,0.0,0.0,1.0,0.0,0.0,1
peptide_pm_234,1.4,0.0,0.0,0.0,0.0,0.0,0.0,0.0,0.0,0.0,0.0,1.4,0.0,1.29,0.0,0.0,0.0,1.0,0.0,0.0,1
peptide_pm_235,0.0,0.0,0.0,0.0,1.0,0.0,0.0,0.0,0.0,0.0,2.0,1.0,0.0,0.0,0.0,0.0,0.0,1.0,0.0,0.0,1
peptide_pm_236,1.33,1.0,0.0,0.0,0.0,0.0,0.0,1.0,0.0,1.0,1.0,0.0,1.0,1.0,0.0,1.0,1.0,0.0,0.0,1.0,1
peptide_pm_237,1.57,1.0,1.0,1.0,1.0,1.25,1.0,1.0,1.0,1.0,1.44,1.0,1.0,1.0,1.0,1.25,1.0,1.0,1.5,1.0,1
peptide_pm_238,1.0,0.0,0.0,0.0,0.0,0.0,0.0,1.0,0.0,1.5,1.4,1.0,0.0,1.5,1.0,1.5,1.0,0.0,0.0,1.0,1
peptide_pm_239,0.0,1.0,0.0,0.0,0.0,0.0,0.0,1.0,1.0,1.0,1.33,1.6,0.0,1.0,1.0,1.0,0.0,0.0,0.0,1.0,1
peptide_pm_240,1.0,0.0,0.0,0.0,1.0,1.0,0.0,1.0,0.0,1.0,1.33,1.0,0.0,0.0,0.0,1.0,0.0,0.0,0.0,1.0,1
peptide_pm_241,1.0,0.0,0.0,0.0,0.0,0.0,0.0,1.0,0.0,1.0,1.0,1.67,0.0,1.0,0.0,0.0,0.0,1.0,0.0,1.0,1
peptide_pm_242,0.0,1.5,0.0,0.0,0.0,0.0,0.0,1.0,1.0,1.0,1.0,1.0,0.0,1.0,1.0,0.0,1.0,1.0,1.0,0.0,1
peptide_pm_243,1.33,0.0,1.0,0.0,0.0,0.0,0.0,1.0,0.0,1.0,1.29,1.4,0.0,0.0,0.0,0.0,0.0,0.0,1.0,0.0,1
peptide_pm_244,1.0,0.0,0.0,0.0,0.0,0.0,0.0,0.0,0.0,0.0,1.4,1.4,0.0,0.0,0.0,0.0,1.0,1.0,0.0,1.0,1
peptide_pm_245,1.0,2.33,0.0,0.0,0.0,0.0,0.0,1.0,1.0,1.0,1.0,1.0,0.0,1.67,0.0,0.0,0.0,1.0,0.0,0.0,1
peptide_pm_246,0.0,2.0,0.0,0.0,1.0,0.0,0.0,1.67,0.0,0.0,1.0,0.0,0.0,1.0,0.0,0.0,0.0,0.0,1.0,1.0,1
peptide_pm_247,1.0,1.0,0.0,0.0,0.0,0.0,0.0,1.0,1.4,1.0,1.0,1.0,0.0,1.5,1.0,0.0,1.0,0.0,0.0,1.0,1
peptide_pm_248,1.0,0.0,0.0,1.0,0.0,0.0,0.0,1.0,0.0,1.0,1.0,1.4,0.0,1.0,0.0,1.4,0.0,1.0,0.0,1.0,1
peptide_pm_249,1.0,1.0,0.0,0.0,0.0,1.67,0.0,0.0,0.0,1.0,1.5,1.0,0.0,0.0,1.0,1.0,0.0,1.0,0.0,0.0,1
peptide_pm_250,0.0,0.0,0.0,0.0,0.0,0.0,0.0,0.0,0.0,0.0,1.62,1.56,0.0,0.0,0.0,0.0,0.0,1.0,0.0,0.0,1
peptide_pm_251,0.0,2.0,0.0,0.0,1.0,0.0,0.0,1.67,0.0,1.0,1.0,0.0,0.0,1.0,0.0,0.0,0.0,0.0,1.0,1.0,1
peptide_pm_252,0.0,0.0,0.0,0.0,0.0,0.0,0.0,0.0,0.0,0.0,1.6,1.0,0.0,0.0,0.0,0.0,0.0,1.0,0.0,0.0,1
peptide_pm_253,0.0,1.67,0.0,0.0,0.0,0.0,0.0,0.0,0.0,1.0,1.0,1.0,0.0,0.0,1.0,0.0,0.0,1.0,1.0,0.0,1
peptide_pm_254,0.0,2.0,0.0,0.0,1.0,0.0,0.0,1.67,0.0,0.0,1.0,0.0,0.0,1.0,0.0,0.0,1.0,0.0,1.0,1.0,1
peptide_pm_255,2.14,0.0,0.0,0.0,0.0,0.0,0.0,0.0,0.0,0.0,1.4,1.4,0.0,0.0,0.0,0.0,1.0,1.0,0.0,1.0,1
peptide_pm_256,0.0,2.14,0.0,0.0,1.0,0.0,0.0,1.0,0.0,0.0,1.0,0.0,0.0,1.0,0.0,0.0,0.0,0.0,1.0,1.0,1
peptide_pm_257,0.0,1.0,1.0,0.0,1.0,0.0,1.0,1.33,0.0,0.0,1.0,1.0,0.0,0.0,1.0,1.0,1.0,1.0,0.0,1.0,1
peptide_pm_258,1.0,0.0,1.0,1.0,1.0,0.0,0.0,1.0,0.0,1.0,1.5,1.0,1.0,1.0,0.0,0.0,1.0,0.0,0.0,1.0,1
peptide_pm_259,1.0,0.0,1.0,0.0,0.0,0.0,1.0,1.0,0.0,1.0,1.5,1.44,1.0,0.0,0.0,0.0,0.0,1.0,0.0,0.0,1
peptide_pm_260,1.0,0.0,1.0,1.0,0.0,0.0,0.0,1.0,0.0,1.4,1.0,1.5,0.0,1.0,0.0,1.0,0.0,0.0,0.0,1.0,1
peptide_pm_261,1.0,0.0,0.0,1.0,0.0,1.0,0.0,1.0,0.0,1.0,1.0,1.18,0.0,1.0,0.0,1.0,0.0,0.0,0.0,1.0,1
peptide_pm_262,0.0,1.67,0.0,0.0,0.0,0.0,0.0,0.0,0.0,1.0,1.0,2.33,0.0,0.0,1.0,0.0,0.0,1.5,0.0,0.0,1
peptide_pm_263,1.0,1.0,0.0,0.0,0.0,0.0,0.0,1.0,0.0,1.0,1.0,1.0,0.0,1.0,1.0,1.0,0.0,0.0,0.0,1.0,1
peptide_pm_264,0.0,0.0,0.0,0.0,0.0,0.0,0.0,0.0,0.0,0.0,2.17,1.0,0.0,0.0,0.0,0.0,0.0,0.0,0.0,0.0,1
peptide_pm_265,1.0,1.0,0.0,1.0,0.0,1.0,1.4,1.29,0.0,0.0,1.25,1.31,1.0,1.0,1.0,1.0,0.0,1.0,1.0,1.0,1
peptide_pm_266,0.0,0.0,0.0,0.0,0.0,0.0,0.0,0.0,0.0,0.0,1.57,1.56,0.0,0.0,1.0,0.0,0.0,1.0,0.0,0.0,1
peptide_pm_267,1.5,0.0,0.0,0.0,1.0,0.0,0.0,0.0,0.0,1.0,1.0,1.5,0.0,1.0,1.0,1.0,0.0,0.0,0.0,0.0,1
peptide_pm_268,0.0,1.0,0.0,0.0,0.0,0.0,0.0,1.0,0.0,1.0,1.0,1.0,0.0,1.0,0.0,1.0,0.0,1.0,0.0,1.0,1
peptide_pm_269,1.5,0.0,0.0,0.0,0.0,0.0,0.0,0.0,0.0,0.0,1.0,4.33,0.0,1.0,0.0,0.0,0.0,1.0,0.0,0.0,1
peptide_pm_270,1.67,0.0,1.0,0.0,0.0,0.0,0.0,1.0,0.0,1.0,1.5,1.0,0.0,0.0,0.0,1.0,1.0,0.0,0.0,0.0,1
peptide_pm_271,1.0,0.0,0.0,0.0,1.0,0.0,0.0,0.0,0.0,0.0,1.8,1.67,0.0,1.0,1.0,1.0,0.0,0.0,0.0,1.0,1
peptide_pm_272,1.5,0.0,0.0,0.0,1.0,1.0,1.0,1.0,0.0,1.0,1.67,0.0,0.0,0.0,0.0,0.0,1.0,1.0,1.0,1.0,1
peptide_pm_273,1.29,0.0,0.0,0.0,0.0,0.0,0.0,0.0,0.0,0.0,1.0,1.0,0.0,0.0,0.0,0.0,0.0,0.0,0.0,0.0,1
peptide_pm_274,1.0,1.0,0.0,0.0,0.0,0.0,0.0,1.0,1.4,1.0,1.0,1.0,0.0,1.5,0.0,0.0,1.0,0.0,0.0,1.0,1
peptide_pm_275,0.0,1.61,0.0,0.0,0.0,0.0,0.0,0.0,0.0,0.0,1.0,0.0,0.0,0.0,0.0,0.0,0.0,0.0,1.0,0.0,1
peptide_pm_276,0.0,0.0,0.0,0.0,0.0,0.0,0.0,0.0,0.0,0.0,1.62,1.5,0.0,0.0,0.0,0.0,0.0,0.0,0.0,0.0,1
peptide_pm_277,1.0,1.0,0.0,0.0,0.0,0.0,0.0,1.0,0.0,1.0,1.4,1.0,0.0,1.0,1.0,1.0,0.0,0.0,0.0,1.0,1
peptide_pm_278,1.0,0.0,0.0,0.0,0.0,0.0,0.0,1.0,0.0,1.0,0.0,1.0,0.0,0.0,0.0,0.0,0.0,0.0,0.0,0.0,1
peptide_pm_279,1.0,0.0,0.0,0.0,0.0,0.0,0.0,0.0,1.0,1.0,1.0,1.25,0.0,1.0,0.0,1.4,1.0,1.0,0.0,1.0,1
peptide_pm_280,1.0,0.0,0.0,0.0,0.0,1.0,0.0,1.0,0.0,1.0,1.0,0.0,0.0,1.0,1.0,1.0,0.0,0.0,0.0,0.0,1
peptide_pm_281,0.0,1.0,1.0,0.0,1.0,0.0,1.0,1.33,0.0,0.0,1.0,1.0,0.0,0.0,1.0,1.0,1.0,1.0,0.0,1.0,1
peptide_pm_282,0.0,0.0,0.0,0.0,0.0,0.0,0.0,0.0,0.0,0.0,2.11,1.0,0.0,0.0,0.0,0.0,0.0,0.0,0.0,0.0,1
peptide_pm_283,0.0,0.0,0.0,0.0,0.0,0.0,0.0,0.0,0.0,1.0,1.0,1.5,0.0,0.0,1.0,0.0,0.0,1.0,0.0,0.0,1
peptide_pm_284,0.0,0.0,0.0,0.0,0.0,0.0,0.0,0.0,0.0,0.0,1.62,1.53,0.0,0.0,0.0,0.0,0.0,1.0,0.0,0.0,1
peptide_pm_285,1.5,0.0,1.0,1.0,1.0,1.0,0.0,1.0,0.0,1.0,1.0,1.0,0.0,0.0,0.0,1.5,1.0,0.0,1.0,1.0,1
peptide_pm_286,1.77,0.0,1.0,0.0,0.0,0.0,0.0,1.0,0.0,0.0,1.29,1.29,0.0,0.0,0.0,0.0,1.0,1.0,0.0,1.0,1
peptide_pm_287,0.0,0.0,0.0,0.0,0.0,0.0,0.0,0.0,0.0,0.0,2.0,2.5,0.0,0.0,0.0,0.0,0.0,1.0,0.0,0.0,1
peptide_pm_288,0.0,0.0,0.0,0.0,0.0,0.0,0.0,1.0,0.0,1.0,1.33,1.0,0.0,1.0,1.0,1.0,0.0,0.0,0.0,1.0,1
peptide_pm_289,1.0,0.0,1.0,0.0,0.0,0.0,0.0,1.0,0.0,1.0,1.5,1.55,1.0,0.0,0.0,0.0,0.0,1.0,0.0,0.0,1
peptide_pm_290,1.67,1.0,1.0,1.0,1.0,0.0,0.0,1.0,0.0,0.0,0.0,0.0,1.0,1.0,0.0,1.0,1.0,1.0,0.0,1.0,1
peptide_pm_291,1.0,0.0,1.0,0.0,0.0,0.0,0.0,1.0,0.0,1.0,1.5,1.0,0.0,0.0,0.0,1.0,1.0,1.0,0.0,0.0,1
peptide_pm_292,0.0,0.0,0.0,0.0,0.0,0.0,0.0,0.0,0.0,0.0,1.57,2.82,0.0,0.0,0.0,0.0,0.0,1.0,0.0,0.0,1
peptide_pm_293,1.0,1.0,0.0,0.0,0.0,0.0,0.0,1.0,0.0,1.0,1.0,0.0,0.0,1.0,1.0,0.0,0.0,0.0,0.0,1.0,1
peptide_pm_294,0.0,1.5,0.0,0.0,1.0,0.0,0.0,0.0,0.0,1.0,0.0,1.67,0.0,1.0,0.0,1.0,2.0,0.0,1.0,0.0,1
peptide_pm_295,0.0,1.67,0.0,0.0,0.0,0.0,0.0,0.0,0.0,1.0,1.0,1.0,0.0,0.0,1.0,0.0,0.0,1.0,0.0,0.0,1
peptide_pm_296,1.0,0.0,0.0,0.0,0.0,0.0,1.0,0.0,1.0,1.0,1.0,1.25,0.0,1.0,0.0,1.67,1.0,1.0,0.0,1.0,1
peptide_pm_297,0.0,2.33,0.0,0.0,1.0,0.0,0.0,0.0,0.0,0.0,1.0,0.0,0.0,1.0,0.0,0.0,0.0,0.0,1.0,1.0,1
peptide_pm_298,0.0,0.0,0.0,0.0,0.0,0.0,0.0,0.0,0.0,0.0,1.0,1.4,0.0,1.0,0.0,0.0,0.0,1.0,0.0,0.0,1
peptide_pm_299,0.0,0.0,0.0,0.0,0.0,0.0,0.0,0.0,1.0,1.0,1.5,1.5,0.0,1.0,1.0,0.0,0.0,1.0,0.0,0.0,1
peptide_pm_300,0.0,1.0,0.0,0.0,0.0,1.0,0.0,1.0,0.0,1.0,1.0,0.0,0.0,1.0,0.0,1.0,0.0,1.0,0.0,1.0,1
peptide_pm_301,0.0,0.0,0.0,0.0,0.0,0.0,0.0,0.0,0.0,1.0,1.0,2.11,0.0,1.0,0.0,0.0,0.0,0.0,1.0,0.0,1
peptide_pm_302,0.0,1.0,1.0,0.0,0.0,0.0,0.0,1.0,0.0,1.0,1.0,1.33,0.0,0.0,0.0,1.0,0.0,0.0,0.0,1.5,1
peptide_pm_303,1.5,0.0,0.0,0.0,0.0,0.0,0.0,0.0,0.0,1.0,1.0,1.44,0.0,1.0,1.0,1.4,1.5,1.0,0.0,1.67,1
peptide_pm_304,0.0,2.0,0.0,0.0,1.0,0.0,0.0,1.67,0.0,1.0,1.0,0.0,0.0,1.0,0.0,0.0,0.0,0.0,1.0,1.0,1
peptide_pm_305,1.0,1.0,0.0,0.0,0.0,1.67,0.0,1.0,0.0,1.0,1.0,1.0,0.0,0.0,0.0,1.0,0.0,1.0,0.0,0.0,1
peptide_pm_306,1.0,1.0,0.0,1.0,1.0,0.0,0.0,1.0,0.0,0.0,1.0,1.0,0.0,1.0,0.0,1.67,0.0,1.0,1.67,1.0,1
peptide_pm_307,0.0,0.0,0.0,0.0,0.0,0.0,0.0,0.0,0.0,0.0,1.57,1.33,0.0,0.0,0.0,0.0,0.0,1.0,0.0,0.0,1
peptide_pm_308,1.0,0.0,1.0,0.0,1.0,0.0,1.0,1.0,0.0,1.0,1.67,1.0,0.0,1.0,1.0,1.0,1.0,0.0,1.0,1.0,1
peptide_pm_309,1.0,0.0,0.0,0.0,0.0,0.0,0.0,1.0,0.0,1.0,1.67,1.0,0.0,1.0,0.0,1.67,0.0,1.0,0.0,0.0,1
peptide_pm_310,0.0,0.0,0.0,0.0,0.0,0.0,0.0,1.0,0.0,1.0,1.0,1.0,0.0,1.0,0.0,1.0,0.0,1.0,0.0,0.0,1
peptide_pm_311,1.67,0.0,1.0,0.0,0.0,0.0,0.0,1.0,0.0,1.0,1.67,1.0,0.0,0.0,1.0,0.0,0.0,0.0,0.0,1.0,1
peptide_pm_312,0.0,0.0,0.0,0.0,0.0,0.0,0.0,0.0,0.0,1.0,1.0,1.4,0.0,1.0,0.0,0.0,0.0,0.0,1.0,0.0,1
peptide_pm_313,1.5,0.0,0.0,0.0,0.0,0.0,0.0,0.0,0.0,1.0,1.0,1.44,0.0,1.0,1.0,1.4,1.5,1.0,0.0,1.0,1
peptide_pm_314,1.0,0.0,0.0,0.0,0.0,0.0,0.0,0.0,1.0,1.0,1.0,1.44,0.0,1.0,0.0,1.0,1.0,0.0,0.0,0.0,1
peptide_pm_315,0.0,1.0,1.0,0.0,0.0,0.0,1.0,0.0,0.0,1.0,1.0,1.33,0.0,1.0,0.0,0.0,0.0,1.0,0.0,0.0,1
peptide_pm_316,1.0,0.0,0.0,0.0,0.0,0.0,0.0,0.0,1.0,1.0,1.0,1.44,0.0,1.0,0.0,1.0,0.0,1.0,0.0,0.0,1
peptide_pm_317,0.0,0.0,1.0,0.0,0.0,0.0,0.0,0.0,0.0,1.0,0.0,1.33,0.0,0.0,1.0,1.0,0.0,0.0,0.0,1.0,1
peptide_pm_318,1.0,0.0,1.0,1.0,1.0,0.0,0.0,1.0,0.0,1.0,1.33,1.0,0.0,1.0,0.0,1.0,1.0,0.0,0.0,1.0,1
peptide_pm_319,1.0,0.0,0.0,0.0,0.0,0.0,0.0,1.0,0.0,0.0,1.0,1.0,0.0,1.0,0.0,0.0,0.0,1.0,0.0,0.0,1
peptide_pm_320,0.0,0.0,0.0,0.0,0.0,0.0,0.0,0.0,0.0,0.0,1.67,2.0,0.0,0.0,0.0,0.0,0.0,1.0,0.0,0.0,1
peptide_pm_321,1.0,0.0,0.0,0.0,0.0,0.0,0.0,1.0,0.0,1.0,1.0,1.33,0.0,1.0,0.0,0.0,1.67,1.0,0.0,1.0,1
peptide_pm_322,0.0,1.0,1.0,1.0,1.0,0.0,1.0,1.33,0.0,0.0,1.0,0.0,0.0,0.0,1.0,1.0,1.0,1.0,0.0,1.0,1
peptide_pm_323,1.0,0.0,0.0,0.0,0.0,0.0,0.0,0.0,0.0,1.0,1.0,1.5,0.0,0.0,0.0,1.0,0.0,1.0,0.0,1.0,1
peptide_pm_324,0.0,0.0,0.0,0.0,0.0,0.0,0.0,1.0,1.0,1.0,1.25,1.0,0.0,1.0,0.0,0.0,0.0,1.0,0.0,0.0,1
peptide_pm_325,0.0,1.0,1.0,1.0,0.0,1.0,1.0,1.0,0.0,1.0,1.4,1.0,0.0,1.4,1.0,1.0,1.0,0.0,0.0,1.0,1
peptide_pm_326,0.0,0.0,0.0,0.0,1.0,0.0,0.0,1.0,0.0,1.0,1.0,1.5,1.0,1.0,0.0,1.0,0.0,0.0,0.0,1.0,1
peptide_pm_327,0.0,0.0,1.0,0.0,0.0,0.0,0.0,1.0,0.0,1.0,1.5,1.0,0.0,1.0,0.0,1.0,1.0,1.0,0.0,0.0,1
peptide_pm_328,1.0,1.0,0.0,0.0,0.0,0.0,0.0,1.0,0.0,1.0,1.0,0.0,0.0,0.0,1.0,1.0,0.0,0.0,0.0,1.0,1
peptide_pm_329,1.33,0.0,1.0,0.0,0.0,0.0,1.0,1.0,1.0,1.0,1.0,1.4,1.0,1.0,0.0,1.0,0.0,0.0,0.0,1.0,1
peptide_pm_330,0.0,0.0,0.0,0.0,0.0,0.0,0.0,0.0,0.0,0.0,1.67,1.55,0.0,0.0,1.0,0.0,0.0,1.0,0.0,0.0,1
peptide_pm_331,0.0,1.67,0.0,0.0,0.0,0.0,0.0,0.0,0.0,0.0,0.0,0.0,0.0,1.67,0.0,0.0,0.0,0.0,0.0,0.0,1
peptide_pm_332,0.0,0.0,0.0,0.0,0.0,0.0,0.0,1.0,0.0,1.0,1.0,1.4,0.0,1.0,0.0,0.0,0.0,0.0,0.0,0.0,1
peptide_pm_333,1.4,0.0,0.0,0.0,0.0,0.0,0.0,0.0,1.0,1.0,1.0,1.0,0.0,1.0,0.0,1.4,1.0,1.0,0.0,1.0,1
peptide_pm_334,0.0,1.67,0.0,0.0,0.0,0.0,0.0,0.0,0.0,1.0,1.0,1.0,0.0,0.0,1.0,0.0,0.0,1.33,0.0,0.0,1
peptide_pm_335,1.0,0.0,0.0,1.0,0.0,0.0,0.0,1.0,0.0,1.0,1.0,1.4,0.0,1.0,1.0,1.4,0.0,1.0,0.0,0.0,1
peptide_pm_336,0.0,1.67,0.0,0.0,0.0,0.0,0.0,0.0,0.0,1.0,1.0,1.5,0.0,0.0,1.0,0.0,0.0,1.0,0.0,0.0,1
peptide_pm_337,1.0,0.0,1.0,1.0,1.0,1.0,1.0,1.29,1.0,1.0,1.33,1.0,1.0,1.0,0.0,1.0,1.0,0.0,0.0,1.0,1
peptide_pm_338,1.0,1.33,0.0,0.0,1.0,0.0,0.0,1.0,0.0,0.0,1.0,0.0,0.0,0.0,0.0,0.0,0.0,1.0,1.0,1.0,1
peptide_pm_339,1.0,1.0,0.0,0.0,0.0,0.0,0.0,1.0,1.5,1.0,1.0,0.0,0.0,1.0,0.0,1.0,1.0,0.0,0.0,1.0,1
peptide_pm_340,1.5,1.0,1.0,0.0,1.0,0.0,0.0,1.0,0.0,1.0,1.33,1.0,0.0,1.0,1.0,0.0,1.0,0.0,0.0,0.0,1
peptide_pm_341,1.0,1.0,0.0,0.0,0.0,0.0,0.0,1.0,1.4,1.0,1.0,1.0,0.0,1.5,0.0,0.0,1.0,0.0,0.0,1.0,1
peptide_pm_342,1.77,0.0,1.0,0.0,0.0,0.0,0.0,1.0,0.0,1.0,1.0,1.0,0.0,0.0,0.0,1.0,1.0,1.0,0.0,1.0,1
peptide_pm_343,0.0,0.0,0.0,0.0,0.0,0.0,0.0,1.0,0.0,1.0,1.33,1.0,0.0,1.0,1.0,1.0,0.0,0.0,0.0,0.0,1
peptide_pm_344,0.0,1.0,1.0,0.0,1.0,1.0,1.0,1.0,0.0,1.0,1.0,1.0,0.0,0.0,1.0,1.0,1.0,1.0,1.0,1.0,1
peptide_pm_345,1.0,0.0,1.0,1.0,0.0,1.0,0.0,1.0,0.0,1.57,1.0,1.4,3.0,1.0,1.0,1.0,1.0,1.0,0.0,1.0,1
peptide_pm_346,1.0,1.0,0.0,0.0,0.0,0.0,0.0,0.0,0.0,1.0,1.67,1.0,0.0,1.0,0.0,0.0,0.0,0.0,0.0,0.0,1
peptide_pm_347,0.0,1.0,0.0,0.0,0.0,0.0,0.0,1.0,1.4,1.0,1.0,1.0,0.0,1.5,0.0,0.0,1.0,0.0,0.0,1.0,1
peptide_pm_348,1.29,0.0,1.0,1.0,0.0,0.0,1.0,1.0,0.0,1.0,1.0,1.22,0.0,0.0,1.0,1.0,1.0,1.0,0.0,1.0,1
peptide_pm_349,0.0,0.0,0.0,0.0,0.0,0.0,0.0,0.0,0.0,0.0,1.6,1.33,0.0,0.0,0.0,0.0,0.0,1.0,0.0,0.0,1
peptide_pm_350,0.0,1.0,0.0,0.0,0.0,1.0,0.0,1.0,0.0,1.0,1.0,1.0,0.0,1.0,0.0,1.0,0.0,1.0,0.0,1.0,1
peptide_pm_351,1.0,1.5,1.0,0.0,0.0,0.0,1.0,1.0,0.0,0.0,1.0,1.44,1.0,1.29,0.0,1.0,0.0,0.0,1.0,0.0,1
peptide_pm_352,1.0,0.0,1.0,1.0,1.0,1.0,0.0,1.29,1.0,1.0,1.33,1.0,1.0,1.0,0.0,1.0,1.0,0.0,0.0,1.0,1
peptide_pm_353,0.0,1.0,0.0,0.0,0.0,0.0,0.0,1.0,0.0,1.0,1.0,0.0,0.0,1.0,1.0,1.0,0.0,0.0,0.0,1.0,1
peptide_pm_354,1.0,0.0,0.0,0.0,0.0,0.0,0.0,0.0,1.0,1.0,1.0,1.44,0.0,1.0,0.0,1.0,0.0,1.0,0.0,0.0,1
peptide_pm_355,0.0,0.0,0.0,0.0,0.0,0.0,0.0,0.0,0.0,0.0,1.57,1.57,0.0,0.0,0.0,0.0,0.0,1.0,0.0,0.0,1
peptide_pm_356,1.77,0.0,1.0,0.0,0.0,0.0,0.0,1.0,0.0,0.0,1.29,1.4,1.0,0.0,0.0,0.0,1.0,1.0,0.0,1.0,1
peptide_pm_357,1.5,0.0,0.0,0.0,0.0,0.0,0.0,1.0,1.0,0.0,1.0,1.4,0.0,1.67,0.0,1.0,1.0,1.0,1.0,1.0,1
peptide_pm_358,0.0,0.0,0.0,0.0,1.0,0.0,1.0,1.0,0.0,1.0,1.33,1.5,1.0,0.0,0.0,1.0,0.0,0.0,0.0,1.0,1
peptide_pm_359,0.0,2.14,0.0,0.0,1.0,0.0,0.0,1.0,0.0,1.0,0.0,0.0,0.0,1.0,0.0,0.0,0.0,0.0,1.0,1.0,1
peptide_pm_360,1.0,0.0,1.0,0.0,0.0,0.0,1.0,1.0,0.0,1.0,1.5,1.4,1.0,0.0,0.0,0.0,0.0,1.0,0.0,0.0,1
peptide_pm_361,1.25,0.0,1.0,0.0,0.0,1.0,1.0,1.5,1.0,0.0,1.0,1.22,1.0,1.0,0.0,1.0,1.0,0.0,1.0,1.0,1
peptide_pm_362,0.0,2.0,0.0,0.0,1.0,0.0,0.0,1.67,0.0,0.0,1.0,0.0,0.0,1.0,0.0,0.0,0.0,0.0,1.0,1.0,1
peptide_pm_363,1.0,1.0,0.0,0.0,0.0,1.4,1.4,1.0,0.0,1.0,1.0,1.22,1.0,1.0,1.0,1.0,0.0,0.0,0.0,1.0,1
peptide_pm_364,0.0,1.67,0.0,0.0,0.0,0.0,0.0,0.0,0.0,1.0,1.0,1.0,0.0,0.0,1.0,0.0,0.0,1.0,1.0,0.0,1
peptide_pm_365,1.67,0.0,1.0,0.0,0.0,0.0,0.0,1.0,0.0,1.0,1.5,1.0,0.0,0.0,0.0,1.0,1.0,0.0,0.0,0.0,1
peptide_pm_366,1.6,0.0,0.0,0.0,0.0,0.0,0.0,0.0,0.0,0.0,1.0,4.33,0.0,1.0,0.0,0.0,0.0,1.0,0.0,0.0,1
peptide_pm_367,0.0,0.0,0.0,0.0,0.0,0.0,0.0,0.0,0.0,0.0,2.17,1.0,0.0,0.0,0.0,0.0,0.0,0.0,0.0,0.0,1
peptide_pm_368,0.0,1.4,0.0,0.0,0.0,0.0,0.0,0.0,0.0,0.0,1.0,1.0,0.0,0.0,0.0,0.0,0.0,1.4,0.0,1.0,1
peptide_pm_369,1.0,1.0,1.0,0.0,1.0,0.0,1.0,1.0,0.0,1.0,1.0,1.0,0.0,0.0,1.0,1.0,1.0,0.0,1.0,1.0,1
peptide_pm_370,1.4,0.0,0.0,0.0,1.0,0.0,0.0,1.0,0.0,1.0,1.0,1.4,0.0,1.0,1.0,0.0,1.0,0.0,0.0,1.0,1
peptide_pm_371,0.0,0.0,0.0,0.0,1.0,0.0,0.0,1.0,0.0,0.0,0.0,1.0,0.0,1.0,0.0,1.0,0.0,0.0,0.0,0.0,1
peptide_pm_372,0.0,1.0,1.0,0.0,0.0,0.0,0.0,0.0,0.0,1.0,1.0,1.5,0.0,1.0,0.0,0.0,0.0,1.0,0.0,0.0,1
peptide_pm_373,1.0,0.0,0.0,0.0,0.0,0.0,0.0,0.0,1.0,1.0,1.0,1.5,0.0,1.0,1.0,0.0,0.0,1.0,0.0,0.0,1
peptide_pm_374,1.29,0.0,1.0,0.0,0.0,0.0,1.0,1.0,1.0,1.0,1.0,1.29,1.0,0.0,0.0,1.0,0.0,1.0,0.0,1.0,1
peptide_pm_375,1.91,0.0,0.0,0.0,0.0,0.0,0.0,1.0,0.0,0.0,1.0,1.4,0.0,1.67,0.0,1.0,1.0,1.0,1.0,1.0,1
peptide_pm_376,1.4,0.0,0.0,0.0,0.0,0.0,0.0,0.0,0.0,0.0,0.0,1.4,0.0,1.0,0.0,0.0,0.0,1.0,1.0,0.0,1
peptide_pm_377,1.0,1.0,1.0,0.0,0.0,0.0,0.0,1.0,0.0,1.0,1.0,1.0,0.0,1.0,1.0,1.0,0.0,0.0,0.0,1.0,1
peptide_pm_378,0.0,1.0,1.0,0.0,0.0,0.0,1.0,0.0,0.0,1.0,1.0,1.29,0.0,1.0,0.0,1.0,0.0,1.0,0.0,1.0,1
peptide_pm_379,1.77,0.0,1.0,1.0,0.0,0.0,0.0,1.0,0.0,0.0,1.29,1.4,0.0,0.0,0.0,0.0,1.0,1.0,0.0,1.0,1
peptide_pm_380,1.5,0.0,0.0,0.0,1.0,0.0,0.0,1.0,0.0,1.0,1.0,1.4,0.0,1.0,1.0,1.0,1.0,0.0,0.0,1.0,1
peptide_pm_381,1.67,0.0,1.0,0.0,1.0,0.0,1.0,1.0,0.0,1.0,1.0,1.0,0.0,0.0,1.0,1.0,1.0,1.0,1.0,1.0,1
peptide_pm_382,1.67,0.0,1.0,0.0,0.0,0.0,0.0,1.0,0.0,1.0,1.5,1.67,0.0,0.0,0.0,1.0,1.0,0.0,0.0,0.0,1
peptide_pm_383,1.0,0.0,1.0,0.0,0.0,0.0,0.0,1.0,0.0,1.0,1.4,1.5,0.0,1.0,0.0,1.0,1.0,0.0,0.0,1.0,1
peptide_pm_384,0.0,2.0,0.0,0.0,1.0,0.0,0.0,1.67,0.0,0.0,1.0,0.0,0.0,1.0,0.0,0.0,0.0,1.0,1.0,1.0,1
peptide_pm_385,0.0,1.33,0.0,0.0,0.0,0.0,0.0,0.0,0.0,1.0,0.0,0.0,0.0,1.0,0.0,0.0,0.0,1.0,0.0,0.0,1
peptide_pm_386,1.57,0.0,0.0,0.0,0.0,0.0,0.0,1.0,1.0,0.0,1.0,1.4,0.0,1.67,0.0,1.0,1.0,1.0,1.0,1.0,1
peptide_pm_387,0.0,1.0,0.0,0.0,0.0,0.0,0.0,1.0,1.4,1.0,1.0,1.0,0.0,1.5,0.0,0.0,1.0,0.0,0.0,1.0,1
peptide_pm_388,1.0,0.0,0.0,1.0,0.0,0.0,0.0,1.0,0.0,1.6,0.0,1.0,0.0,1.0,0.0,0.0,1.0,0.0,0.0,1.0,1
peptide_pm_389,1.0,1.0,0.0,0.0,0.0,0.0,0.0,1.0,0.0,1.0,1.0,1.0,0.0,1.0,1.0,1.0,0.0,0.0,0.0,1.0,1
peptide_pm_390,0.0,1.0,0.0,0.0,0.0,0.0,0.0,1.0,0.0,1.0,1.0,1.0,0.0,1.0,1.0,1.0,0.0,1.0,0.0,0.0,1
peptide_pm_391,1.5,0.0,0.0,0.0,0.0,0.0,0.0,0.0,0.0,0.0,1.0,4.33,0.0,1.0,0.0,0.0,0.0,1.0,0.0,0.0,1
peptide_pm_392,1.0,1.0,1.0,0.0,0.0,1.0,0.0,1.0,0.0,1.0,1.0,1.0,0.0,0.0,0.0,1.0,1.0,0.0,0.0,1.0,1
peptide_pm_393,1.4,0.0,0.0,0.0,0.0,0.0,0.0,0.0,1.0,0.0,1.0,1.4,0.0,1.67,0.0,1.0,1.0,1.0,1.0,1.0,1
peptide_pm_394,1.0,0.0,0.0,0.0,0.0,0.0,0.0,1.0,0.0,1.0,1.5,1.0,0.0,0.0,0.0,1.0,1.0,1.0,0.0,0.0,1
peptide_pm_395,1.77,0.0,1.0,0.0,0.0,0.0,0.0,1.0,0.0,0.0,1.29,1.33,0.0,0.0,0.0,0.0,1.0,1.0,0.0,1.0,1
peptide_pm_396,0.0,1.67,0.0,0.0,0.0,0.0,0.0,0.0,0.0,1.0,1.0,1.0,0.0,0.0,1.0,0.0,0.0,1.4,0.0,0.0,1
peptide_pm_397,2.14,0.0,0.0,0.0,0.0,0.0,0.0,0.0,0.0,0.0,1.4,1.33,0.0,0.0,0.0,0.0,1.0,1.0,0.0,1.0,1
peptide_pm_398,1.83,0.0,1.0,0.0,0.0,0.0,0.0,1.0,0.0,0.0,1.0,1.0,0.0,0.0,0.0,0.0,0.0,0.0,0.0,1.0,1
peptide_pm_399,1.0,1.0,0.0,0.0,0.0,0.0,0.0,1.0,0.0,1.0,1.0,0.0,0.0,1.0,1.0,1.0,0.0,0.0,0.0,1.0,1
peptide_pm_400,0.0,1.5,0.0,1.0,0.0,0.0,0.0,1.0,1.0,0.0,1.0,1.0,1.0,1.0,1.0,1.0,1.0,0.0,1.0,1.0,1
peptide_pm_401,1.83,0.0,1.0,0.0,0.0,0.0,0.0,1.0,0.0,0.0,1.33,1.4,0.0,0.0,0.0,0.0,1.0,0.0,0.0,1.0,1
peptide_pm_402,0.0,1.67,0.0,0.0,0.0,0.0,0.0,0.0,0.0,0.0,1.0,0.0,0.0,1.0,1.0,0.0,0.0,2.33,0.0,1.0,1
peptide_pm_403,0.0,1.0,0.0,1.0,1.0,0.0,1.0,0.0,0.0,1.0,1.0,1.0,0.0,1.0,0.0,1.0,0.0,1.0,0.0,1.0,1
peptide_pm_404,0.0,0.0,0.0,0.0,0.0,0.0,0.0,1.0,0.0,1.67,1.57,1.0,0.0,1.0,1.0,1.0,0.0,0.0,0.0,0.0,1
peptide_pm_405,1.0,0.0,1.0,0.0,0.0,0.0,1.0,1.0,0.0,1.0,1.0,1.0,0.0,1.0,0.0,1.0,1.0,0.0,0.0,1.0,1
peptide_pm_406,1.0,1.0,0.0,0.0,0.0,0.0,0.0,1.0,0.0,1.0,1.0,0.0,0.0,1.0,1.0,1.0,0.0,0.0,0.0,1.0,1
peptide_pm_407,0.0,0.0,0.0,0.0,0.0,0.0,0.0,0.0,0.0,0.0,1.4,1.0,0.0,0.0,0.0,0.0,0.0,1.0,0.0,0.0,1
peptide_pm_408,0.0,0.0,0.0,0.0,0.0,0.0,0.0,1.0,0.0,1.67,1.0,1.33,0.0,0.0,0.0,1.0,0.0,1.0,0.0,1.5,1
peptide_pm_409,0.0,1.29,0.0,0.0,1.0,0.0,0.0,1.0,0.0,0.0,0.0,1.0,0.0,1.0,0.0,0.0,0.0,1.0,1.0,1.0,1
peptide_pm_410,1.0,0.0,0.0,0.0,0.0,0.0,0.0,1.0,0.0,1.0,1.0,1.0,0.0,0.0,1.0,1.0,1.0,1.0,0.0,1.0,1
peptide_pm_411,0.0,1.5,1.0,0.0,0.0,0.0,0.0,1.0,1.0,1.67,1.0,1.4,0.0,0.0,0.0,0.0,0.0,0.0,1.0,0.0,1
peptide_pm_412,0.0,0.0,0.0,0.0,0.0,0.0,0.0,0.0,0.0,1.0,1.0,2.11,0.0,1.0,0.0,0.0,0.0,0.0,0.0,1.0,1
peptide_pm_413,1.0,0.0,1.0,0.0,0.0,0.0,0.0,0.0,1.0,0.0,1.0,1.55,0.0,1.0,0.0,1.0,0.0,1.0,0.0,1.0,1
peptide_pm_414,1.0,1.0,0.0,0.0,0.0,1.67,0.0,1.0,1.0,1.0,1.29,1.0,0.0,1.0,1.0,1.0,0.0,0.0,0.0,1.0,1
peptide_pm_415,0.0,1.0,1.0,0.0,1.0,0.0,1.0,1.0,0.0,1.0,1.67,1.0,0.0,1.0,1.0,1.0,1.0,0.0,1.0,1.0,1
peptide_pm_416,0.0,0.0,0.0,0.0,0.0,1.0,0.0,0.0,0.0,0.0,1.0,1.0,0.0,1.0,0.0,0.0,0.0,0.0,0.0,0.0,1
peptide_pm_417,0.0,1.4,0.0,0.0,0.0,1.0,0.0,0.0,0.0,0.0,1.0,0.0,0.0,1.0,0.0,0.0,0.0,0.0,1.0,1.0,1
peptide_pm_418,1.0,0.0,1.0,0.0,0.0,0.0,0.0,1.0,0.0,1.0,1.5,1.4,1.0,0.0,0.0,0.0,0.0,1.0,0.0,0.0,1
peptide_pm_419,0.0,0.0,0.0,0.0,0.0,0.0,0.0,0.0,0.0,0.0,1.57,2.11,0.0,0.0,0.0,0.0,0.0,1.0,0.0,0.0,1
peptide_pm_420,0.0,1.0,0.0,0.0,0.0,0.0,0.0,0.0,0.0,1.0,1.4,1.0,0.0,0.0,0.0,1.0,1.0,0.0,0.0,0.0,1
peptide_pm_421,0.0,1.0,0.0,0.0,1.0,0.0,0.0,1.0,0.0,0.0,0.0,1.0,0.0,1.0,0.0,0.0,0.0,1.0,1.0,1.0,1
peptide_pm_422,1.0,0.0,1.0,0.0,0.0,0.0,0.0,1.0,1.0,0.0,1.0,1.0,0.0,0.0,0.0,0.0,0.0,1.4,0.0,0.0,1
peptide_pm_423,1.0,1.0,1.0,0.0,0.0,1.0,0.0,1.0,0.0,1.0,1.0,1.0,0.0,0.0,0.0,1.0,1.0,0.0,0.0,1.0,1
peptide_pm_424,0.0,1.67,0.0,0.0,0.0,0.0,0.0,0.0,0.0,1.0,1.0,1.0,0.0,0.0,1.0,0.0,0.0,1.4,0.0,0.0,1
peptide_pm_425,1.0,1.0,1.0,1.0,1.0,0.0,1.0,1.0,0.0,1.29,1.0,1.67,1.0,1.0,1.0,0.0,1.0,0.0,0.0,1.0,1
peptide_pm_426,0.0,1.0,0.0,1.0,1.0,0.0,1.0,0.0,0.0,1.0,1.0,1.0,0.0,1.0,0.0,1.0,0.0,1.0,0.0,1.0,1
peptide_pm_427,0.0,2.14,0.0,0.0,1.0,0.0,0.0,1.0,0.0,0.0,0.0,0.0,0.0,1.0,0.0,0.0,0.0,1.0,1.0,1.0,1
peptide_pm_428,0.0,1.5,0.0,0.0,0.0,0.0,0.0,0.0,0.0,1.0,0.0,0.0,0.0,1.0,0.0,0.0,0.0,1.0,0.0,0.0,1
peptide_pm_429,0.0,1.5,0.0,0.0,1.0,0.0,0.0,0.0,0.0,0.0,1.0,0.0,0.0,1.0,0.0,0.0,0.0,0.0,1.0,1.0,1
peptide_pm_430,0.0,0.0,0.0,0.0,0.0,0.0,0.0,0.0,0.0,0.0,2.33,1.0,0.0,0.0,0.0,0.0,0.0,0.0,0.0,0.0,1
peptide_pm_431,1.44,1.0,0.0,0.0,0.0,0.0,0.0,1.0,0.0,1.0,1.0,0.0,1.0,1.0,0.0,1.0,1.0,0.0,0.0,0.0,1
peptide_pm_432,1.0,1.0,1.0,0.0,1.0,0.0,1.0,1.0,0.0,1.0,1.67,0.0,0.0,0.0,1.0,1.0,1.0,0.0,1.0,1.0,1
peptide_pm_433,1.57,0.0,0.0,0.0,0.0,0.0,0.0,1.0,1.0,0.0,1.0,1.4,0.0,1.67,0.0,1.0,1.0,1.0,1.0,1.0,1
peptide_pm_434,1.0,0.0,0.0,0.0,1.0,0.0,0.0,1.0,1.0,1.5,1.33,1.0,0.0,0.0,0.0,1.0,0.0,0.0,0.0,0.0,1
peptide_pm_435,0.0,0.0,0.0,0.0,0.0,0.0,0.0,1.0,1.44,1.0,1.4,1.0,0.0,1.0,0.0,0.0,0.0,1.0,0.0,1.0,1
peptide_pm_436,0.0,0.0,0.0,0.0,0.0,0.0,0.0,0.0,0.0,0.0,2.33,1.0,0.0,0.0,0.0,0.0,0.0,0.0,0.0,0.0,1
peptide_pm_437,1.0,1.0,0.0,0.0,0.0,1.67,0.0,1.0,0.0,1.0,1.0,1.0,0.0,0.0,1.0,1.0,1.67,1.0,0.0,1.0,1
peptide_pm_438,1.0,0.0,0.0,1.0,0.0,1.0,0.0,1.0,0.0,1.0,1.0,1.22,0.0,1.0,1.0,1.0,0.0,0.0,0.0,1.0,1
peptide_pm_439,1.0,0.0,0.0,0.0,0.0,0.0,0.0,0.0,1.0,1.0,1.5,1.44,0.0,1.0,0.0,1.0,0.0,1.0,0.0,0.0,1
peptide_pm_440,0.0,1.0,0.0,0.0,0.0,0.0,0.0,1.0,1.0,1.0,1.33,1.6,0.0,1.0,1.0,1.0,0.0,0.0,0.0,1.0,1
peptide_pm_441,1.0,1.0,1.0,1.0,1.0,0.0,0.0,1.29,0.0,1.0,1.0,1.0,1.0,1.0,0.0,1.0,1.0,0.0,0.0,1.0,1
peptide_pm_442,1.0,1.0,0.0,0.0,0.0,0.0,0.0,1.0,1.4,1.0,1.0,1.0,0.0,1.5,0.0,0.0,1.0,0.0,0.0,1.0,1
